geo,PRICE,WEIGHT,STANDARD,ECONOMY,EXPRESS,SERVICE
Afghanistan,47,0.1,47,,47,Express
Afghanistan,47,0.2,47,,47,Express
Afghanistan,47,0.3,47,,47,Express
Afghanistan,48,0.4,48,,48,Express
Afghanistan,48,0.5,48,,48,Express
Afghanistan,58,0.6,58,,58,Express
Afghanistan,58,0.7,58,,58,Express
Afghanistan,58,0.8,58,,58,Express
Afghanistan,58,0.9,58,,58,Express
Afghanistan,58,1,58,,58,Express
Afghanistan,69,1.1,69,,69,Express
Afghanistan,69,1.2,69,,69,Express
Afghanistan,69,1.3,69,,69,Express
Afghanistan,69,1.4,69,,69,Express
Afghanistan,69,1.5,69,,69,Express
Afghanistan,78,1.6,78,,78,Express
Afghanistan,78,1.7,78,,78,Express
Afghanistan,79,1.8,79,,79,Express
Afghanistan,79,1.9,79,,79,Express
Afghanistan,79,2,79,,79,Express
Afghanistan,89,2.1,89,,89,Express
Afghanistan,89,2.2,89,,89,Express
Afghanistan,89,2.3,89,,89,Express
Afghanistan,89,2.4,89,,89,Express
Afghanistan,89,2.5,89,,89,Express
Afghanistan,99,2.6,99,,99,Express
Afghanistan,100,2.7,100,,100,Express
Afghanistan,100,2.8,100,,100,Express
Afghanistan,100,2.9,100,,100,Express
Afghanistan,100,3,100,,100,Express
Afghanistan,110,3.1,110,,110,Express
Afghanistan,110,3.2,110,,110,Express
Afghanistan,110,3.3,110,,110,Express
Afghanistan,110,3.4,110,,110,Express
Afghanistan,111,3.5,111,,111,Express
Afghanistan,120,3.6,120,,120,Express
Afghanistan,120,3.7,120,,120,Express
Afghanistan,120,3.8,120,,120,Express
Afghanistan,120,3.9,120,,120,Express
Afghanistan,120,4,120,,120,Express
Afghanistan,130,4.1,130,,130,Express
Afghanistan,131,4.2,131,,131,Express
Afghanistan,131,4.3,131,,131,Express
Afghanistan,131,4.4,131,,131,Express
Afghanistan,131,4.5,131,,131,Express
Afghanistan,140,4.6,140,,140,Express
Afghanistan,140,4.7,140,,140,Express
Afghanistan,141,4.8,141,,141,Express
Afghanistan,141,4.9,141,,141,Express
Afghanistan,141,5,141,,141,Express
Afghanistan,293,5.1,293,,293,Express
Afghanistan,293,5.2,293,,293,Express
Afghanistan,293,5.3,293,,293,Express
Afghanistan,293,5.4,293,,293,Express
Afghanistan,294,5.5,294,,294,Express
Afghanistan,311,5.6,311,,311,Express
Afghanistan,311,5.7,311,,311,Express
Afghanistan,312,5.8,312,,312,Express
Afghanistan,312,5.9,312,,312,Express
Afghanistan,312,6,312,,312,Express
Afghanistan,330,6.1,330,,330,Express
Afghanistan,330,6.2,330,,330,Express
Afghanistan,330,6.3,330,,330,Express
Afghanistan,330,6.4,330,,330,Express
Afghanistan,331,6.5,331,,331,Express
Afghanistan,348,6.6,348,,348,Express
Afghanistan,348,6.7,348,,348,Express
Afghanistan,348,6.8,348,,348,Express
Afghanistan,348,6.9,348,,348,Express
Afghanistan,349,7,349,,349,Express
Afghanistan,366,7.1,366,,366,Express
Afghanistan,367,7.2,367,,367,Express
Afghanistan,367,7.3,367,,367,Express
Afghanistan,367,7.4,367,,367,Express
Afghanistan,367,7.5,367,,367,Express
Afghanistan,383,7.6,383,,383,Express
Afghanistan,383,7.7,383,,383,Express
Afghanistan,383,7.8,383,,383,Express
Afghanistan,383,7.9,383,,383,Express
Afghanistan,384,8,384,,384,Express
Afghanistan,399,8.1,399,,399,Express
Afghanistan,400,8.2,400,,400,Express
Afghanistan,400,8.3,400,,400,Express
Afghanistan,400,8.4,400,,400,Express
Afghanistan,400,8.5,400,,400,Express
Afghanistan,416,8.6,416,,416,Express
Afghanistan,416,8.7,416,,416,Express
Afghanistan,416,8.8,416,,416,Express
Afghanistan,417,8.9,417,,417,Express
Afghanistan,417,9,417,,417,Express
Afghanistan,433,9.1,433,,433,Express
Afghanistan,433,9.2,433,,433,Express
Afghanistan,433,9.3,433,,433,Express
Afghanistan,433,9.4,433,,433,Express
Afghanistan,433,9.5,433,,433,Express
Afghanistan,453,9.6,453,,453,Express
Afghanistan,453,9.7,453,,453,Express
Afghanistan,454,9.8,454,,454,Express
Afghanistan,454,9.9,454,,454,Express
Afghanistan,454,10,454,,454,Express
Albania,47,0.1,47,,47,Express
Albania,47,0.2,47,,47,Express
Albania,47,0.3,47,,47,Express
Albania,48,0.4,48,,48,Express
Albania,48,0.5,48,,48,Express
Albania,58,0.6,58,,58,Express
Albania,58,0.7,58,,58,Express
Albania,58,0.8,58,,58,Express
Albania,58,0.9,58,,58,Express
Albania,58,1,58,,58,Express
Albania,69,1.1,69,,69,Express
Albania,69,1.2,69,,69,Express
Albania,69,1.3,69,,69,Express
Albania,69,1.4,69,,69,Express
Albania,69,1.5,69,,69,Express
Albania,78,1.6,78,,78,Express
Albania,78,1.7,78,,78,Express
Albania,79,1.8,79,,79,Express
Albania,79,1.9,79,,79,Express
Albania,79,2,79,,79,Express
Albania,89,2.1,89,,89,Express
Albania,89,2.2,89,,89,Express
Albania,89,2.3,89,,89,Express
Albania,89,2.4,89,,89,Express
Albania,89,2.5,89,,89,Express
Albania,99,2.6,99,,99,Express
Albania,100,2.7,100,,100,Express
Albania,100,2.8,100,,100,Express
Albania,100,2.9,100,,100,Express
Albania,100,3,100,,100,Express
Albania,110,3.1,110,,110,Express
Albania,110,3.2,110,,110,Express
Albania,110,3.3,110,,110,Express
Albania,110,3.4,110,,110,Express
Albania,111,3.5,111,,111,Express
Albania,120,3.6,120,,120,Express
Albania,120,3.7,120,,120,Express
Albania,120,3.8,120,,120,Express
Albania,120,3.9,120,,120,Express
Albania,120,4,120,,120,Express
Albania,130,4.1,130,,130,Express
Albania,131,4.2,131,,131,Express
Albania,131,4.3,131,,131,Express
Albania,131,4.4,131,,131,Express
Albania,131,4.5,131,,131,Express
Albania,140,4.6,140,,140,Express
Albania,140,4.7,140,,140,Express
Albania,141,4.8,141,,141,Express
Albania,141,4.9,141,,141,Express
Albania,141,5,141,,141,Express
Albania,293,5.1,293,,293,Express
Albania,293,5.2,293,,293,Express
Albania,293,5.3,293,,293,Express
Albania,293,5.4,293,,293,Express
Albania,294,5.5,294,,294,Express
Albania,311,5.6,311,,311,Express
Albania,311,5.7,311,,311,Express
Albania,312,5.8,312,,312,Express
Albania,312,5.9,312,,312,Express
Albania,312,6,312,,312,Express
Albania,330,6.1,330,,330,Express
Albania,330,6.2,330,,330,Express
Albania,330,6.3,330,,330,Express
Albania,330,6.4,330,,330,Express
Albania,331,6.5,331,,331,Express
Albania,348,6.6,348,,348,Express
Albania,348,6.7,348,,348,Express
Albania,348,6.8,348,,348,Express
Albania,348,6.9,348,,348,Express
Albania,349,7,349,,349,Express
Albania,366,7.1,366,,366,Express
Albania,367,7.2,367,,367,Express
Albania,367,7.3,367,,367,Express
Albania,367,7.4,367,,367,Express
Albania,367,7.5,367,,367,Express
Albania,383,7.6,383,,383,Express
Albania,383,7.7,383,,383,Express
Albania,383,7.8,383,,383,Express
Albania,383,7.9,383,,383,Express
Albania,384,8,384,,384,Express
Albania,399,8.1,399,,399,Express
Albania,400,8.2,400,,400,Express
Albania,400,8.3,400,,400,Express
Albania,400,8.4,400,,400,Express
Albania,400,8.5,400,,400,Express
Albania,416,8.6,416,,416,Express
Albania,416,8.7,416,,416,Express
Albania,416,8.8,416,,416,Express
Albania,417,8.9,417,,417,Express
Albania,417,9,417,,417,Express
Albania,433,9.1,433,,433,Express
Albania,433,9.2,433,,433,Express
Albania,433,9.3,433,,433,Express
Albania,433,9.4,433,,433,Express
Albania,433,9.5,433,,433,Express
Albania,453,9.6,453,,453,Express
Albania,453,9.7,453,,453,Express
Albania,454,9.8,454,,454,Express
Albania,454,9.9,454,,454,Express
Albania,454,10,454,,454,Express
Algeria,47,0.1,47,,47,Express
Algeria,47,0.2,47,,47,Express
Algeria,47,0.3,47,,47,Express
Algeria,48,0.4,48,,48,Express
Algeria,48,0.5,48,,48,Express
Algeria,58,0.6,58,,58,Express
Algeria,58,0.7,58,,58,Express
Algeria,58,0.8,58,,58,Express
Algeria,58,0.9,58,,58,Express
Algeria,58,1,58,,58,Express
Algeria,69,1.1,69,,69,Express
Algeria,69,1.2,69,,69,Express
Algeria,69,1.3,69,,69,Express
Algeria,69,1.4,69,,69,Express
Algeria,69,1.5,69,,69,Express
Algeria,78,1.6,78,,78,Express
Algeria,78,1.7,78,,78,Express
Algeria,79,1.8,79,,79,Express
Algeria,79,1.9,79,,79,Express
Algeria,79,2,79,,79,Express
Algeria,89,2.1,89,,89,Express
Algeria,89,2.2,89,,89,Express
Algeria,89,2.3,89,,89,Express
Algeria,89,2.4,89,,89,Express
Algeria,89,2.5,89,,89,Express
Algeria,99,2.6,99,,99,Express
Algeria,100,2.7,100,,100,Express
Algeria,100,2.8,100,,100,Express
Algeria,100,2.9,100,,100,Express
Algeria,100,3,100,,100,Express
Algeria,110,3.1,110,,110,Express
Algeria,110,3.2,110,,110,Express
Algeria,110,3.3,110,,110,Express
Algeria,110,3.4,110,,110,Express
Algeria,111,3.5,111,,111,Express
Algeria,120,3.6,120,,120,Express
Algeria,120,3.7,120,,120,Express
Algeria,120,3.8,120,,120,Express
Algeria,120,3.9,120,,120,Express
Algeria,120,4,120,,120,Express
Algeria,130,4.1,130,,130,Express
Algeria,131,4.2,131,,131,Express
Algeria,131,4.3,131,,131,Express
Algeria,131,4.4,131,,131,Express
Algeria,131,4.5,131,,131,Express
Algeria,140,4.6,140,,140,Express
Algeria,140,4.7,140,,140,Express
Algeria,141,4.8,141,,141,Express
Algeria,141,4.9,141,,141,Express
Algeria,141,5,141,,141,Express
Algeria,293,5.1,293,,293,Express
Algeria,293,5.2,293,,293,Express
Algeria,293,5.3,293,,293,Express
Algeria,293,5.4,293,,293,Express
Algeria,294,5.5,294,,294,Express
Algeria,311,5.6,311,,311,Express
Algeria,311,5.7,311,,311,Express
Algeria,312,5.8,312,,312,Express
Algeria,312,5.9,312,,312,Express
Algeria,312,6,312,,312,Express
Algeria,330,6.1,330,,330,Express
Algeria,330,6.2,330,,330,Express
Algeria,330,6.3,330,,330,Express
Algeria,330,6.4,330,,330,Express
Algeria,331,6.5,331,,331,Express
Algeria,348,6.6,348,,348,Express
Algeria,348,6.7,348,,348,Express
Algeria,348,6.8,348,,348,Express
Algeria,348,6.9,348,,348,Express
Algeria,349,7,349,,349,Express
Algeria,366,7.1,366,,366,Express
Algeria,367,7.2,367,,367,Express
Algeria,367,7.3,367,,367,Express
Algeria,367,7.4,367,,367,Express
Algeria,367,7.5,367,,367,Express
Algeria,383,7.6,383,,383,Express
Algeria,383,7.7,383,,383,Express
Algeria,383,7.8,383,,383,Express
Algeria,383,7.9,383,,383,Express
Algeria,384,8,384,,384,Express
Algeria,399,8.1,399,,399,Express
Algeria,400,8.2,400,,400,Express
Algeria,400,8.3,400,,400,Express
Algeria,400,8.4,400,,400,Express
Algeria,400,8.5,400,,400,Express
Algeria,416,8.6,416,,416,Express
Algeria,416,8.7,416,,416,Express
Algeria,416,8.8,416,,416,Express
Algeria,417,8.9,417,,417,Express
Algeria,417,9,417,,417,Express
Algeria,433,9.1,433,,433,Express
Algeria,433,9.2,433,,433,Express
Algeria,433,9.3,433,,433,Express
Algeria,433,9.4,433,,433,Express
Algeria,433,9.5,433,,433,Express
Algeria,453,9.6,453,,453,Express
Algeria,453,9.7,453,,453,Express
Algeria,454,9.8,454,,454,Express
Algeria,454,9.9,454,,454,Express
Algeria,454,10,454,,454,Express
Andorra,31,0.1,31,,31,Express
Andorra,31,0.2,31,,31,Express
Andorra,31,0.3,31,,31,Express
Andorra,31,0.4,31,,31,Express
Andorra,31,0.5,31,,31,Express
Andorra,36,0.6,36,,36,Express
Andorra,36,0.7,36,,36,Express
Andorra,36,0.8,36,,36,Express
Andorra,36,0.9,36,,36,Express
Andorra,36,1,36,,36,Express
Andorra,41,1.1,41,,41,Express
Andorra,41,1.2,41,,41,Express
Andorra,41,1.3,41,,41,Express
Andorra,41,1.4,41,,41,Express
Andorra,41,1.5,41,,41,Express
Andorra,48,1.6,48,,48,Express
Andorra,48,1.7,48,,48,Express
Andorra,48,1.8,48,,48,Express
Andorra,48,1.9,48,,48,Express
Andorra,48,2,48,,48,Express
Andorra,54,2.1,54,,54,Express
Andorra,54,2.2,54,,54,Express
Andorra,54,2.3,54,,54,Express
Andorra,54,2.4,54,,54,Express
Andorra,54,2.5,54,,54,Express
Andorra,59,2.6,59,,59,Express
Andorra,59,2.7,59,,59,Express
Andorra,59,2.8,59,,59,Express
Andorra,59,2.9,59,,59,Express
Andorra,59,3,59,,59,Express
Andorra,65,3.1,65,,65,Express
Andorra,65,3.2,65,,65,Express
Andorra,65,3.3,65,,65,Express
Andorra,65,3.4,65,,65,Express
Andorra,65,3.5,65,,65,Express
Andorra,70,3.6,70,,70,Express
Andorra,70,3.7,70,,70,Express
Andorra,70,3.8,70,,70,Express
Andorra,70,3.9,70,,70,Express
Andorra,70,4,70,,70,Express
Andorra,75,4.1,75,,75,Express
Andorra,75,4.2,75,,75,Express
Andorra,75,4.3,75,,75,Express
Andorra,75,4.4,75,,75,Express
Andorra,75,4.5,75,,75,Express
Andorra,80,4.6,80,,80,Express
Andorra,80,4.7,80,,80,Express
Andorra,80,4.8,80,,80,Express
Andorra,80,4.9,80,,80,Express
Andorra,80,5,80,,80,Express
Andorra,125,5.1,125,,125,Express
Andorra,125,5.2,125,,125,Express
Andorra,125,5.3,125,,125,Express
Andorra,125,5.4,125,,125,Express
Andorra,125,5.5,125,,125,Express
Andorra,132,5.6,132,,132,Express
Andorra,132,5.7,132,,132,Express
Andorra,132,5.8,132,,132,Express
Andorra,132,5.9,132,,132,Express
Andorra,132,6,132,,132,Express
Andorra,140,6.1,140,,140,Express
Andorra,140,6.2,140,,140,Express
Andorra,140,6.3,140,,140,Express
Andorra,140,6.4,140,,140,Express
Andorra,140,6.5,140,,140,Express
Andorra,148,6.6,148,,148,Express
Andorra,148,6.7,148,,148,Express
Andorra,148,6.8,148,,148,Express
Andorra,148,6.9,148,,148,Express
Andorra,148,7,148,,148,Express
Andorra,156,7.1,156,,156,Express
Andorra,156,7.2,156,,156,Express
Andorra,156,7.3,156,,156,Express
Andorra,156,7.4,156,,156,Express
Andorra,156,7.5,156,,156,Express
Andorra,164,7.6,164,,164,Express
Andorra,164,7.7,164,,164,Express
Andorra,164,7.8,164,,164,Express
Andorra,164,7.9,164,,164,Express
Andorra,164,8,164,,164,Express
Andorra,172,8.1,172,,172,Express
Andorra,172,8.2,172,,172,Express
Andorra,172,8.3,172,,172,Express
Andorra,172,8.4,172,,172,Express
Andorra,172,8.5,172,,172,Express
Andorra,180,8.6,180,,180,Express
Andorra,180,8.7,180,,180,Express
Andorra,180,8.8,180,,180,Express
Andorra,180,8.9,180,,180,Express
Andorra,180,9,180,,180,Express
Andorra,189,9.1,189,,189,Express
Andorra,189,9.2,189,,189,Express
Andorra,189,9.3,189,,189,Express
Andorra,189,9.4,189,,189,Express
Andorra,189,9.5,189,,189,Express
Andorra,197,9.6,197,,197,Express
Andorra,197,9.7,197,,197,Express
Andorra,197,9.8,197,,197,Express
Andorra,197,9.9,197,,197,Express
Andorra,197,10,197,,197,Express
Angola,47,0.1,47,,47,Express
Angola,47,0.2,47,,47,Express
Angola,47,0.3,47,,47,Express
Angola,48,0.4,48,,48,Express
Angola,48,0.5,48,,48,Express
Angola,58,0.6,58,,58,Express
Angola,58,0.7,58,,58,Express
Angola,58,0.8,58,,58,Express
Angola,58,0.9,58,,58,Express
Angola,58,1,58,,58,Express
Angola,69,1.1,69,,69,Express
Angola,69,1.2,69,,69,Express
Angola,69,1.3,69,,69,Express
Angola,69,1.4,69,,69,Express
Angola,69,1.5,69,,69,Express
Angola,78,1.6,78,,78,Express
Angola,78,1.7,78,,78,Express
Angola,79,1.8,79,,79,Express
Angola,79,1.9,79,,79,Express
Angola,79,2,79,,79,Express
Angola,89,2.1,89,,89,Express
Angola,89,2.2,89,,89,Express
Angola,89,2.3,89,,89,Express
Angola,89,2.4,89,,89,Express
Angola,89,2.5,89,,89,Express
Angola,99,2.6,99,,99,Express
Angola,100,2.7,100,,100,Express
Angola,100,2.8,100,,100,Express
Angola,100,2.9,100,,100,Express
Angola,100,3,100,,100,Express
Angola,110,3.1,110,,110,Express
Angola,110,3.2,110,,110,Express
Angola,110,3.3,110,,110,Express
Angola,110,3.4,110,,110,Express
Angola,111,3.5,111,,111,Express
Angola,120,3.6,120,,120,Express
Angola,120,3.7,120,,120,Express
Angola,120,3.8,120,,120,Express
Angola,120,3.9,120,,120,Express
Angola,120,4,120,,120,Express
Angola,130,4.1,130,,130,Express
Angola,131,4.2,131,,131,Express
Angola,131,4.3,131,,131,Express
Angola,131,4.4,131,,131,Express
Angola,131,4.5,131,,131,Express
Angola,140,4.6,140,,140,Express
Angola,140,4.7,140,,140,Express
Angola,141,4.8,141,,141,Express
Angola,141,4.9,141,,141,Express
Angola,141,5,141,,141,Express
Angola,293,5.1,293,,293,Express
Angola,293,5.2,293,,293,Express
Angola,293,5.3,293,,293,Express
Angola,293,5.4,293,,293,Express
Angola,294,5.5,294,,294,Express
Angola,311,5.6,311,,311,Express
Angola,311,5.7,311,,311,Express
Angola,312,5.8,312,,312,Express
Angola,312,5.9,312,,312,Express
Angola,312,6,312,,312,Express
Angola,330,6.1,330,,330,Express
Angola,330,6.2,330,,330,Express
Angola,330,6.3,330,,330,Express
Angola,330,6.4,330,,330,Express
Angola,331,6.5,331,,331,Express
Angola,348,6.6,348,,348,Express
Angola,348,6.7,348,,348,Express
Angola,348,6.8,348,,348,Express
Angola,348,6.9,348,,348,Express
Angola,349,7,349,,349,Express
Angola,366,7.1,366,,366,Express
Angola,367,7.2,367,,367,Express
Angola,367,7.3,367,,367,Express
Angola,367,7.4,367,,367,Express
Angola,367,7.5,367,,367,Express
Angola,383,7.6,383,,383,Express
Angola,383,7.7,383,,383,Express
Angola,383,7.8,383,,383,Express
Angola,383,7.9,383,,383,Express
Angola,384,8,384,,384,Express
Angola,399,8.1,399,,399,Express
Angola,400,8.2,400,,400,Express
Angola,400,8.3,400,,400,Express
Angola,400,8.4,400,,400,Express
Angola,400,8.5,400,,400,Express
Angola,416,8.6,416,,416,Express
Angola,416,8.7,416,,416,Express
Angola,416,8.8,416,,416,Express
Angola,417,8.9,417,,417,Express
Angola,417,9,417,,417,Express
Angola,433,9.1,433,,433,Express
Angola,433,9.2,433,,433,Express
Angola,433,9.3,433,,433,Express
Angola,433,9.4,433,,433,Express
Angola,433,9.5,433,,433,Express
Angola,453,9.6,453,,453,Express
Angola,453,9.7,453,,453,Express
Angola,454,9.8,454,,454,Express
Angola,454,9.9,454,,454,Express
Angola,454,10,454,,454,Express
Anguilla,47,0.1,47,,47,Express
Anguilla,47,0.2,47,,47,Express
Anguilla,47,0.3,47,,47,Express
Anguilla,48,0.4,48,,48,Express
Anguilla,48,0.5,48,,48,Express
Anguilla,58,0.6,58,,58,Express
Anguilla,58,0.7,58,,58,Express
Anguilla,58,0.8,58,,58,Express
Anguilla,58,0.9,58,,58,Express
Anguilla,58,1,58,,58,Express
Anguilla,69,1.1,69,,69,Express
Anguilla,69,1.2,69,,69,Express
Anguilla,69,1.3,69,,69,Express
Anguilla,69,1.4,69,,69,Express
Anguilla,69,1.5,69,,69,Express
Anguilla,78,1.6,78,,78,Express
Anguilla,78,1.7,78,,78,Express
Anguilla,79,1.8,79,,79,Express
Anguilla,79,1.9,79,,79,Express
Anguilla,79,2,79,,79,Express
Anguilla,89,2.1,89,,89,Express
Anguilla,89,2.2,89,,89,Express
Anguilla,89,2.3,89,,89,Express
Anguilla,89,2.4,89,,89,Express
Anguilla,89,2.5,89,,89,Express
Anguilla,99,2.6,99,,99,Express
Anguilla,100,2.7,100,,100,Express
Anguilla,100,2.8,100,,100,Express
Anguilla,100,2.9,100,,100,Express
Anguilla,100,3,100,,100,Express
Anguilla,110,3.1,110,,110,Express
Anguilla,110,3.2,110,,110,Express
Anguilla,110,3.3,110,,110,Express
Anguilla,110,3.4,110,,110,Express
Anguilla,111,3.5,111,,111,Express
Anguilla,120,3.6,120,,120,Express
Anguilla,120,3.7,120,,120,Express
Anguilla,120,3.8,120,,120,Express
Anguilla,120,3.9,120,,120,Express
Anguilla,120,4,120,,120,Express
Anguilla,130,4.1,130,,130,Express
Anguilla,131,4.2,131,,131,Express
Anguilla,131,4.3,131,,131,Express
Anguilla,131,4.4,131,,131,Express
Anguilla,131,4.5,131,,131,Express
Anguilla,140,4.6,140,,140,Express
Anguilla,140,4.7,140,,140,Express
Anguilla,141,4.8,141,,141,Express
Anguilla,141,4.9,141,,141,Express
Anguilla,141,5,141,,141,Express
Anguilla,293,5.1,293,,293,Express
Anguilla,293,5.2,293,,293,Express
Anguilla,293,5.3,293,,293,Express
Anguilla,293,5.4,293,,293,Express
Anguilla,294,5.5,294,,294,Express
Anguilla,311,5.6,311,,311,Express
Anguilla,311,5.7,311,,311,Express
Anguilla,312,5.8,312,,312,Express
Anguilla,312,5.9,312,,312,Express
Anguilla,312,6,312,,312,Express
Anguilla,330,6.1,330,,330,Express
Anguilla,330,6.2,330,,330,Express
Anguilla,330,6.3,330,,330,Express
Anguilla,330,6.4,330,,330,Express
Anguilla,331,6.5,331,,331,Express
Anguilla,348,6.6,348,,348,Express
Anguilla,348,6.7,348,,348,Express
Anguilla,348,6.8,348,,348,Express
Anguilla,348,6.9,348,,348,Express
Anguilla,349,7,349,,349,Express
Anguilla,366,7.1,366,,366,Express
Anguilla,367,7.2,367,,367,Express
Anguilla,367,7.3,367,,367,Express
Anguilla,367,7.4,367,,367,Express
Anguilla,367,7.5,367,,367,Express
Anguilla,383,7.6,383,,383,Express
Anguilla,383,7.7,383,,383,Express
Anguilla,383,7.8,383,,383,Express
Anguilla,383,7.9,383,,383,Express
Anguilla,384,8,384,,384,Express
Anguilla,399,8.1,399,,399,Express
Anguilla,400,8.2,400,,400,Express
Anguilla,400,8.3,400,,400,Express
Anguilla,400,8.4,400,,400,Express
Anguilla,400,8.5,400,,400,Express
Anguilla,416,8.6,416,,416,Express
Anguilla,416,8.7,416,,416,Express
Anguilla,416,8.8,416,,416,Express
Anguilla,417,8.9,417,,417,Express
Anguilla,417,9,417,,417,Express
Anguilla,433,9.1,433,,433,Express
Anguilla,433,9.2,433,,433,Express
Anguilla,433,9.3,433,,433,Express
Anguilla,433,9.4,433,,433,Express
Anguilla,433,9.5,433,,433,Express
Anguilla,453,9.6,453,,453,Express
Anguilla,453,9.7,453,,453,Express
Anguilla,454,9.8,454,,454,Express
Anguilla,454,9.9,454,,454,Express
Anguilla,454,10,454,,454,Express
Argentina,47,0.1,47,,47,Express
Argentina,47,0.2,47,,47,Express
Argentina,47,0.3,47,,47,Express
Argentina,48,0.4,48,,48,Express
Argentina,48,0.5,48,,48,Express
Argentina,58,0.6,58,,58,Express
Argentina,58,0.7,58,,58,Express
Argentina,58,0.8,58,,58,Express
Argentina,58,0.9,58,,58,Express
Argentina,58,1,58,,58,Express
Argentina,69,1.1,69,,69,Express
Argentina,69,1.2,69,,69,Express
Argentina,69,1.3,69,,69,Express
Argentina,69,1.4,69,,69,Express
Argentina,69,1.5,69,,69,Express
Argentina,78,1.6,78,,78,Express
Argentina,78,1.7,78,,78,Express
Argentina,79,1.8,79,,79,Express
Argentina,79,1.9,79,,79,Express
Argentina,79,2,79,,79,Express
Argentina,89,2.1,89,,89,Express
Argentina,89,2.2,89,,89,Express
Argentina,89,2.3,89,,89,Express
Argentina,89,2.4,89,,89,Express
Argentina,89,2.5,89,,89,Express
Argentina,99,2.6,99,,99,Express
Argentina,100,2.7,100,,100,Express
Argentina,100,2.8,100,,100,Express
Argentina,100,2.9,100,,100,Express
Argentina,100,3,100,,100,Express
Argentina,110,3.1,110,,110,Express
Argentina,110,3.2,110,,110,Express
Argentina,110,3.3,110,,110,Express
Argentina,110,3.4,110,,110,Express
Argentina,111,3.5,111,,111,Express
Argentina,120,3.6,120,,120,Express
Argentina,120,3.7,120,,120,Express
Argentina,120,3.8,120,,120,Express
Argentina,120,3.9,120,,120,Express
Argentina,120,4,120,,120,Express
Argentina,130,4.1,130,,130,Express
Argentina,131,4.2,131,,131,Express
Argentina,131,4.3,131,,131,Express
Argentina,131,4.4,131,,131,Express
Argentina,131,4.5,131,,131,Express
Argentina,140,4.6,140,,140,Express
Argentina,140,4.7,140,,140,Express
Argentina,141,4.8,141,,141,Express
Argentina,141,4.9,141,,141,Express
Argentina,141,5,141,,141,Express
Argentina,293,5.1,293,,293,Express
Argentina,293,5.2,293,,293,Express
Argentina,293,5.3,293,,293,Express
Argentina,293,5.4,293,,293,Express
Argentina,294,5.5,294,,294,Express
Argentina,311,5.6,311,,311,Express
Argentina,311,5.7,311,,311,Express
Argentina,312,5.8,312,,312,Express
Argentina,312,5.9,312,,312,Express
Argentina,312,6,312,,312,Express
Argentina,330,6.1,330,,330,Express
Argentina,330,6.2,330,,330,Express
Argentina,330,6.3,330,,330,Express
Argentina,330,6.4,330,,330,Express
Argentina,331,6.5,331,,331,Express
Argentina,348,6.6,348,,348,Express
Argentina,348,6.7,348,,348,Express
Argentina,348,6.8,348,,348,Express
Argentina,348,6.9,348,,348,Express
Argentina,349,7,349,,349,Express
Argentina,366,7.1,366,,366,Express
Argentina,367,7.2,367,,367,Express
Argentina,367,7.3,367,,367,Express
Argentina,367,7.4,367,,367,Express
Argentina,367,7.5,367,,367,Express
Argentina,383,7.6,383,,383,Express
Argentina,383,7.7,383,,383,Express
Argentina,383,7.8,383,,383,Express
Argentina,383,7.9,383,,383,Express
Argentina,384,8,384,,384,Express
Argentina,399,8.1,399,,399,Express
Argentina,400,8.2,400,,400,Express
Argentina,400,8.3,400,,400,Express
Argentina,400,8.4,400,,400,Express
Argentina,400,8.5,400,,400,Express
Argentina,416,8.6,416,,416,Express
Argentina,416,8.7,416,,416,Express
Argentina,416,8.8,416,,416,Express
Argentina,417,8.9,417,,417,Express
Argentina,417,9,417,,417,Express
Argentina,433,9.1,433,,433,Express
Argentina,433,9.2,433,,433,Express
Argentina,433,9.3,433,,433,Express
Argentina,433,9.4,433,,433,Express
Argentina,433,9.5,433,,433,Express
Argentina,453,9.6,453,,453,Express
Argentina,453,9.7,453,,453,Express
Argentina,454,9.8,454,,454,Express
Argentina,454,9.9,454,,454,Express
Argentina,454,10,454,,454,Express
Armenia,47,0.1,47,,47,Express
Armenia,47,0.2,47,,47,Express
Armenia,47,0.3,47,,47,Express
Armenia,48,0.4,48,,48,Express
Armenia,48,0.5,48,,48,Express
Armenia,58,0.6,58,,58,Express
Armenia,58,0.7,58,,58,Express
Armenia,58,0.8,58,,58,Express
Armenia,58,0.9,58,,58,Express
Armenia,58,1,58,,58,Express
Armenia,69,1.1,69,,69,Express
Armenia,69,1.2,69,,69,Express
Armenia,69,1.3,69,,69,Express
Armenia,69,1.4,69,,69,Express
Armenia,69,1.5,69,,69,Express
Armenia,78,1.6,78,,78,Express
Armenia,78,1.7,78,,78,Express
Armenia,79,1.8,79,,79,Express
Armenia,79,1.9,79,,79,Express
Armenia,79,2,79,,79,Express
Armenia,89,2.1,89,,89,Express
Armenia,89,2.2,89,,89,Express
Armenia,89,2.3,89,,89,Express
Armenia,89,2.4,89,,89,Express
Armenia,89,2.5,89,,89,Express
Armenia,99,2.6,99,,99,Express
Armenia,100,2.7,100,,100,Express
Armenia,100,2.8,100,,100,Express
Armenia,100,2.9,100,,100,Express
Armenia,100,3,100,,100,Express
Armenia,110,3.1,110,,110,Express
Armenia,110,3.2,110,,110,Express
Armenia,110,3.3,110,,110,Express
Armenia,110,3.4,110,,110,Express
Armenia,111,3.5,111,,111,Express
Armenia,120,3.6,120,,120,Express
Armenia,120,3.7,120,,120,Express
Armenia,120,3.8,120,,120,Express
Armenia,120,3.9,120,,120,Express
Armenia,120,4,120,,120,Express
Armenia,130,4.1,130,,130,Express
Armenia,131,4.2,131,,131,Express
Armenia,131,4.3,131,,131,Express
Armenia,131,4.4,131,,131,Express
Armenia,131,4.5,131,,131,Express
Armenia,140,4.6,140,,140,Express
Armenia,140,4.7,140,,140,Express
Armenia,141,4.8,141,,141,Express
Armenia,141,4.9,141,,141,Express
Armenia,141,5,141,,141,Express
Armenia,293,5.1,293,,293,Express
Armenia,293,5.2,293,,293,Express
Armenia,293,5.3,293,,293,Express
Armenia,293,5.4,293,,293,Express
Armenia,294,5.5,294,,294,Express
Armenia,311,5.6,311,,311,Express
Armenia,311,5.7,311,,311,Express
Armenia,312,5.8,312,,312,Express
Armenia,312,5.9,312,,312,Express
Armenia,312,6,312,,312,Express
Armenia,330,6.1,330,,330,Express
Armenia,330,6.2,330,,330,Express
Armenia,330,6.3,330,,330,Express
Armenia,330,6.4,330,,330,Express
Armenia,331,6.5,331,,331,Express
Armenia,348,6.6,348,,348,Express
Armenia,348,6.7,348,,348,Express
Armenia,348,6.8,348,,348,Express
Armenia,348,6.9,348,,348,Express
Armenia,349,7,349,,349,Express
Armenia,366,7.1,366,,366,Express
Armenia,367,7.2,367,,367,Express
Armenia,367,7.3,367,,367,Express
Armenia,367,7.4,367,,367,Express
Armenia,367,7.5,367,,367,Express
Armenia,383,7.6,383,,383,Express
Armenia,383,7.7,383,,383,Express
Armenia,383,7.8,383,,383,Express
Armenia,383,7.9,383,,383,Express
Armenia,384,8,384,,384,Express
Armenia,399,8.1,399,,399,Express
Armenia,400,8.2,400,,400,Express
Armenia,400,8.3,400,,400,Express
Armenia,400,8.4,400,,400,Express
Armenia,400,8.5,400,,400,Express
Armenia,416,8.6,416,,416,Express
Armenia,416,8.7,416,,416,Express
Armenia,416,8.8,416,,416,Express
Armenia,417,8.9,417,,417,Express
Armenia,417,9,417,,417,Express
Armenia,433,9.1,433,,433,Express
Armenia,433,9.2,433,,433,Express
Armenia,433,9.3,433,,433,Express
Armenia,433,9.4,433,,433,Express
Armenia,433,9.5,433,,433,Express
Armenia,453,9.6,453,,453,Express
Armenia,453,9.7,453,,453,Express
Armenia,454,9.8,454,,454,Express
Armenia,454,9.9,454,,454,Express
Armenia,454,10,454,,454,Express
Aruba,47,0.1,47,,47,Express
Aruba,47,0.2,47,,47,Express
Aruba,47,0.3,47,,47,Express
Aruba,48,0.4,48,,48,Express
Aruba,48,0.5,48,,48,Express
Aruba,58,0.6,58,,58,Express
Aruba,58,0.7,58,,58,Express
Aruba,58,0.8,58,,58,Express
Aruba,58,0.9,58,,58,Express
Aruba,58,1,58,,58,Express
Aruba,69,1.1,69,,69,Express
Aruba,69,1.2,69,,69,Express
Aruba,69,1.3,69,,69,Express
Aruba,69,1.4,69,,69,Express
Aruba,69,1.5,69,,69,Express
Aruba,78,1.6,78,,78,Express
Aruba,78,1.7,78,,78,Express
Aruba,79,1.8,79,,79,Express
Aruba,79,1.9,79,,79,Express
Aruba,79,2,79,,79,Express
Aruba,89,2.1,89,,89,Express
Aruba,89,2.2,89,,89,Express
Aruba,89,2.3,89,,89,Express
Aruba,89,2.4,89,,89,Express
Aruba,89,2.5,89,,89,Express
Aruba,99,2.6,99,,99,Express
Aruba,100,2.7,100,,100,Express
Aruba,100,2.8,100,,100,Express
Aruba,100,2.9,100,,100,Express
Aruba,100,3,100,,100,Express
Aruba,110,3.1,110,,110,Express
Aruba,110,3.2,110,,110,Express
Aruba,110,3.3,110,,110,Express
Aruba,110,3.4,110,,110,Express
Aruba,111,3.5,111,,111,Express
Aruba,120,3.6,120,,120,Express
Aruba,120,3.7,120,,120,Express
Aruba,120,3.8,120,,120,Express
Aruba,120,3.9,120,,120,Express
Aruba,120,4,120,,120,Express
Aruba,130,4.1,130,,130,Express
Aruba,131,4.2,131,,131,Express
Aruba,131,4.3,131,,131,Express
Aruba,131,4.4,131,,131,Express
Aruba,131,4.5,131,,131,Express
Aruba,140,4.6,140,,140,Express
Aruba,140,4.7,140,,140,Express
Aruba,141,4.8,141,,141,Express
Aruba,141,4.9,141,,141,Express
Aruba,141,5,141,,141,Express
Aruba,293,5.1,293,,293,Express
Aruba,293,5.2,293,,293,Express
Aruba,293,5.3,293,,293,Express
Aruba,293,5.4,293,,293,Express
Aruba,294,5.5,294,,294,Express
Aruba,311,5.6,311,,311,Express
Aruba,311,5.7,311,,311,Express
Aruba,312,5.8,312,,312,Express
Aruba,312,5.9,312,,312,Express
Aruba,312,6,312,,312,Express
Aruba,330,6.1,330,,330,Express
Aruba,330,6.2,330,,330,Express
Aruba,330,6.3,330,,330,Express
Aruba,330,6.4,330,,330,Express
Aruba,331,6.5,331,,331,Express
Aruba,348,6.6,348,,348,Express
Aruba,348,6.7,348,,348,Express
Aruba,348,6.8,348,,348,Express
Aruba,348,6.9,348,,348,Express
Aruba,349,7,349,,349,Express
Aruba,366,7.1,366,,366,Express
Aruba,367,7.2,367,,367,Express
Aruba,367,7.3,367,,367,Express
Aruba,367,7.4,367,,367,Express
Aruba,367,7.5,367,,367,Express
Aruba,383,7.6,383,,383,Express
Aruba,383,7.7,383,,383,Express
Aruba,383,7.8,383,,383,Express
Aruba,383,7.9,383,,383,Express
Aruba,384,8,384,,384,Express
Aruba,399,8.1,399,,399,Express
Aruba,400,8.2,400,,400,Express
Aruba,400,8.3,400,,400,Express
Aruba,400,8.4,400,,400,Express
Aruba,400,8.5,400,,400,Express
Aruba,416,8.6,416,,416,Express
Aruba,416,8.7,416,,416,Express
Aruba,416,8.8,416,,416,Express
Aruba,417,8.9,417,,417,Express
Aruba,417,9,417,,417,Express
Aruba,433,9.1,433,,433,Express
Aruba,433,9.2,433,,433,Express
Aruba,433,9.3,433,,433,Express
Aruba,433,9.4,433,,433,Express
Aruba,433,9.5,433,,433,Express
Aruba,453,9.6,453,,453,Express
Aruba,453,9.7,453,,453,Express
Aruba,454,9.8,454,,454,Express
Aruba,454,9.9,454,,454,Express
Aruba,454,10,454,,454,Express
Australia,4,0.1,4,18,32,Standard
Australia,5,0.2,5,18,32,Standard
Australia,6,0.3,6,18,32,Standard
Australia,7,0.4,7,18,32,Standard
Australia,8,0.5,8,18,32,Standard
Australia,9,0.6,9,20,40,Standard
Australia,10,0.7,10,20,40,Standard
Australia,11,0.8,11,22,40,Standard
Australia,12,0.9,12,22,40,Standard
Australia,13,1,13,22,40,Standard
Australia,14,1.1,14,24,44,Standard
Australia,15,1.2,15,24,44,Standard
Australia,16,1.3,16,26,44,Standard
Australia,17,1.4,17,26,44,Standard
Australia,18,1.5,18,26,44,Standard
Australia,19,1.6,19,28,49,Standard
Australia,20,1.7,20,28,49,Standard
Australia,20,1.8,20,30,49,Standard
Australia,21,1.9,21,30,49,Standard
Australia,22,2,22,30,49,Standard
Australia,32,2.1,32,32,54,Standard
Australia,32,2.2,32,32,54,Standard
Australia,32,2.3,32,32,54,Standard
Australia,32,2.4,32,32,54,Standard
Australia,32,2.5,32,32,54,Standard
Australia,35,2.6,35,35,60,Standard
Australia,35,2.7,35,35,60,Standard
Australia,35,2.8,35,35,60,Standard
Australia,35,2.9,35,35,60,Standard
Australia,35,3,35,35,60,Standard
Australia,37,3.1,37,37,65,Standard
Australia,37,3.2,37,37,65,Standard
Australia,37,3.3,37,37,65,Standard
Australia,37,3.4,37,37,65,Standard
Australia,37,3.5,37,37,65,Standard
Australia,39,3.6,39,39,69,Standard
Australia,39,3.7,39,39,69,Standard
Australia,39,3.8,39,39,69,Standard
Australia,39,3.9,39,39,69,Standard
Australia,39,4,39,39,69,Standard
Australia,42,4.1,42,42,73,Standard
Australia,42,4.2,42,42,73,Standard
Australia,42,4.3,42,42,73,Standard
Australia,42,4.4,42,42,73,Standard
Australia,42,4.5,42,42,73,Standard
Australia,45,4.6,45,45,78,Standard
Australia,45,4.7,45,45,78,Standard
Australia,45,4.8,45,45,78,Standard
Australia,45,4.9,45,45,78,Standard
Australia,45,5,45,45,78,Standard
Australia,47,5.1,47,47,127,Standard
Australia,47,5.2,47,47,127,Standard
Australia,47,5.3,47,47,127,Standard
Australia,47,5.4,47,47,127,Standard
Australia,47,5.5,47,47,127,Standard
Australia,50,5.6,50,50,133,Standard
Australia,50,5.7,50,50,133,Standard
Australia,50,5.8,50,50,133,Standard
Australia,50,5.9,50,50,133,Standard
Australia,50,6,50,50,133,Standard
Australia,53,6.1,53,53,139,Standard
Australia,53,6.2,53,53,139,Standard
Australia,53,6.3,53,53,139,Standard
Australia,53,6.4,53,53,139,Standard
Australia,53,6.5,53,53,139,Standard
Australia,56,6.6,56,56,146,Standard
Australia,56,6.7,56,56,146,Standard
Australia,56,6.8,56,56,146,Standard
Australia,56,6.9,56,56,146,Standard
Australia,56,7,56,56,146,Standard
Australia,59,7.1,59,59,152,Standard
Australia,59,7.2,59,59,152,Standard
Australia,59,7.3,59,59,152,Standard
Australia,59,7.4,59,59,152,Standard
Australia,59,7.5,59,59,152,Standard
Australia,62,7.6,62,62,158,Standard
Australia,62,7.7,62,62,158,Standard
Australia,62,7.8,62,62,158,Standard
Australia,62,7.9,62,62,158,Standard
Australia,62,8,62,62,158,Standard
Australia,66,8.1,66,66,164,Standard
Australia,66,8.2,66,66,164,Standard
Australia,66,8.3,66,66,164,Standard
Australia,66,8.4,66,66,164,Standard
Australia,66,8.5,66,66,164,Standard
Australia,69,8.6,69,69,170,Standard
Australia,69,8.7,69,69,170,Standard
Australia,69,8.8,69,69,170,Standard
Australia,69,8.9,69,69,170,Standard
Australia,69,9,69,69,170,Standard
Australia,72,9.1,72,72,177,Standard
Australia,72,9.2,72,72,177,Standard
Australia,72,9.3,72,72,177,Standard
Australia,72,9.4,72,72,177,Standard
Australia,72,9.5,72,72,177,Standard
Australia,75,9.6,75,75,183,Standard
Australia,75,9.7,75,75,183,Standard
Australia,75,9.8,75,75,183,Standard
Australia,75,9.9,75,75,183,Standard
Australia,75,10,75,75,183,Standard
Austria,4,0.1,4,21,31,Standard
Austria,6,0.2,6,21,31,Standard
Austria,9,0.3,9,21,31,Standard
Austria,12,0.4,12,21,32,Standard
Austria,15,0.5,15,21,32,Standard
Austria,18,0.6,18,23,37,Standard
Austria,21,0.7,21,23,37,Standard
Austria,23,0.8,23,24,37,Standard
Austria,24,0.9,24,24,38,Standard
Austria,24,1,24,24,38,Standard
Austria,25,1.1,25,25,43,Standard
Austria,25,1.2,25,25,43,Standard
Austria,26,1.3,26,26,43,Standard
Austria,26,1.4,26,26,43,Standard
Austria,26,1.5,26,26,43,Standard
Austria,28,1.6,28,28,50,Standard
Austria,28,1.7,28,28,50,Standard
Austria,30,1.8,30,30,50,Standard
Austria,30,1.9,30,30,50,Standard
Austria,30,2,30,30,51,Standard
Austria,33,2.1,33,33,57,Standard
Austria,33,2.2,33,33,57,Standard
Austria,33,2.3,33,33,57,Standard
Austria,33,2.4,33,33,57,Standard
Austria,33,2.5,33,33,57,Standard
Austria,36,2.6,36,36,63,Standard
Austria,36,2.7,36,36,63,Standard
Austria,36,2.8,36,36,63,Standard
Austria,36,2.9,36,36,63,Standard
Austria,36,3,36,36,63,Standard
Austria,38,3.1,38,38,69,Standard
Austria,38,3.2,38,38,69,Standard
Austria,38,3.3,38,38,69,Standard
Austria,38,3.4,38,38,69,Standard
Austria,38,3.5,38,38,69,Standard
Austria,41,3.6,41,41,75,Standard
Austria,41,3.7,41,41,75,Standard
Austria,41,3.8,41,41,75,Standard
Austria,41,3.9,41,41,75,Standard
Austria,41,4,41,41,75,Standard
Austria,44,4.1,44,44,80,Standard
Austria,44,4.2,44,44,80,Standard
Austria,44,4.3,44,44,81,Standard
Austria,44,4.4,44,44,81,Standard
Austria,44,4.5,44,44,81,Standard
Austria,47,4.6,47,47,86,Standard
Austria,47,4.7,47,47,86,Standard
Austria,47,4.8,47,47,86,Standard
Austria,47,4.9,47,47,86,Standard
Austria,47,5,47,47,87,Standard
Austria,50,5.1,50,50,132,Standard
Austria,50,5.2,50,50,132,Standard
Austria,50,5.3,50,50,132,Standard
Austria,50,5.4,50,50,132,Standard
Austria,50,5.5,50,50,132,Standard
Austria,53,5.6,53,53,140,Standard
Austria,53,5.7,53,53,140,Standard
Austria,53,5.8,53,53,140,Standard
Austria,53,5.9,53,53,140,Standard
Austria,53,6,53,53,141,Standard
Austria,56,6.1,56,56,148,Standard
Austria,56,6.2,56,56,149,Standard
Austria,56,6.3,56,56,149,Standard
Austria,56,6.4,56,56,149,Standard
Austria,56,6.5,56,56,149,Standard
Austria,60,6.6,60,60,157,Standard
Austria,60,6.7,60,60,157,Standard
Austria,60,6.8,60,60,157,Standard
Austria,60,6.9,60,60,157,Standard
Austria,60,7,60,60,157,Standard
Austria,64,7.1,64,64,165,Standard
Austria,64,7.2,64,64,165,Standard
Austria,64,7.3,64,64,165,Standard
Austria,64,7.4,64,64,166,Standard
Austria,64,7.5,64,64,166,Standard
Austria,67,7.6,67,67,174,Standard
Austria,67,7.7,67,67,174,Standard
Austria,67,7.8,67,67,174,Standard
Austria,67,7.9,67,67,175,Standard
Austria,67,8,67,67,175,Standard
Austria,71,8.1,71,71,183,Standard
Austria,71,8.2,71,71,183,Standard
Austria,71,8.3,71,71,183,Standard
Austria,71,8.4,71,71,183,Standard
Austria,71,8.5,71,71,184,Standard
Austria,75,8.6,75,75,192,Standard
Austria,75,8.7,75,75,192,Standard
Austria,75,8.8,75,75,192,Standard
Austria,75,8.9,75,75,192,Standard
Austria,75,9,75,75,193,Standard
Austria,78,9.1,78,78,201,Standard
Austria,78,9.2,78,78,201,Standard
Austria,78,9.3,78,78,201,Standard
Austria,78,9.4,78,78,201,Standard
Austria,78,9.5,78,78,202,Standard
Austria,83,9.6,83,83,210,Standard
Austria,83,9.7,83,83,210,Standard
Austria,83,9.8,83,83,210,Standard
Austria,83,9.9,83,83,210,Standard
Austria,83,10,83,83,210,Standard
Bahrain,32,0.1,32,,32,Express
Bahrain,32,0.2,32,,32,Express
Bahrain,32,0.3,32,,32,Express
Bahrain,32,0.4,32,,32,Express
Bahrain,32,0.5,32,,32,Express
Bahrain,44,0.6,44,,44,Express
Bahrain,44,0.7,44,,44,Express
Bahrain,44,0.8,44,,44,Express
Bahrain,44,0.9,44,,44,Express
Bahrain,44,1,44,,44,Express
Bahrain,52,1.1,52,,52,Express
Bahrain,52,1.2,52,,52,Express
Bahrain,52,1.3,52,,52,Express
Bahrain,52,1.4,52,,52,Express
Bahrain,52,1.5,52,,52,Express
Bahrain,59,1.6,59,,59,Express
Bahrain,59,1.7,59,,59,Express
Bahrain,59,1.8,59,,59,Express
Bahrain,59,1.9,59,,59,Express
Bahrain,59,2,59,,59,Express
Bahrain,66,2.1,66,,66,Express
Bahrain,66,2.2,66,,66,Express
Bahrain,66,2.3,66,,66,Express
Bahrain,66,2.4,66,,66,Express
Bahrain,66,2.5,66,,66,Express
Bahrain,69,2.6,69,,69,Express
Bahrain,69,2.7,69,,69,Express
Bahrain,69,2.8,69,,69,Express
Bahrain,69,2.9,69,,69,Express
Bahrain,69,3,69,,69,Express
Bahrain,76,3.1,76,,76,Express
Bahrain,76,3.2,76,,76,Express
Bahrain,76,3.3,76,,76,Express
Bahrain,76,3.4,76,,76,Express
Bahrain,76,3.5,76,,76,Express
Bahrain,84,3.6,84,,84,Express
Bahrain,84,3.7,84,,84,Express
Bahrain,84,3.8,84,,84,Express
Bahrain,84,3.9,84,,84,Express
Bahrain,84,4,84,,84,Express
Bahrain,90,4.1,90,,90,Express
Bahrain,90,4.2,90,,90,Express
Bahrain,90,4.3,90,,90,Express
Bahrain,90,4.4,90,,90,Express
Bahrain,90,4.5,90,,90,Express
Bahrain,99,4.6,99,,99,Express
Bahrain,99,4.7,99,,99,Express
Bahrain,99,4.8,99,,99,Express
Bahrain,99,4.9,99,,99,Express
Bahrain,99,5,99,,99,Express
Bahrain,213,5.1,213,,213,Express
Bahrain,213,5.2,213,,213,Express
Bahrain,213,5.3,213,,213,Express
Bahrain,213,5.4,213,,213,Express
Bahrain,213,5.5,213,,213,Express
Bahrain,228,5.6,228,,228,Express
Bahrain,228,5.7,228,,228,Express
Bahrain,228,5.8,228,,228,Express
Bahrain,228,5.9,228,,228,Express
Bahrain,228,6,228,,228,Express
Bahrain,243,6.1,243,,243,Express
Bahrain,243,6.2,243,,243,Express
Bahrain,243,6.3,243,,243,Express
Bahrain,243,6.4,243,,243,Express
Bahrain,243,6.5,243,,243,Express
Bahrain,258,6.6,258,,258,Express
Bahrain,258,6.7,258,,258,Express
Bahrain,258,6.8,258,,258,Express
Bahrain,258,6.9,258,,258,Express
Bahrain,258,7,258,,258,Express
Bahrain,273,7.1,273,,273,Express
Bahrain,273,7.2,273,,273,Express
Bahrain,273,7.3,273,,273,Express
Bahrain,273,7.4,273,,273,Express
Bahrain,273,7.5,273,,273,Express
Bahrain,287,7.6,287,,287,Express
Bahrain,287,7.7,287,,287,Express
Bahrain,287,7.8,287,,287,Express
Bahrain,287,7.9,287,,287,Express
Bahrain,287,8,287,,287,Express
Bahrain,301,8.1,301,,301,Express
Bahrain,301,8.2,301,,301,Express
Bahrain,301,8.3,301,,301,Express
Bahrain,301,8.4,301,,301,Express
Bahrain,301,8.5,301,,301,Express
Bahrain,315,8.6,315,,315,Express
Bahrain,315,8.7,315,,315,Express
Bahrain,315,8.8,315,,315,Express
Bahrain,315,8.9,315,,315,Express
Bahrain,315,9,315,,315,Express
Bahrain,328,9.1,328,,328,Express
Bahrain,328,9.2,328,,328,Express
Bahrain,328,9.3,328,,328,Express
Bahrain,328,9.4,328,,328,Express
Bahrain,328,9.5,328,,328,Express
Bahrain,337,9.6,337,,337,Express
Bahrain,337,9.7,337,,337,Express
Bahrain,337,9.8,337,,337,Express
Bahrain,337,9.9,337,,337,Express
Bahrain,337,10,337,,337,Express
Bangladesh,32,0.1,32,,32,Express
Bangladesh,32,0.2,32,,32,Express
Bangladesh,32,0.3,32,,32,Express
Bangladesh,32,0.4,32,,32,Express
Bangladesh,32,0.5,32,,32,Express
Bangladesh,44,0.6,44,,44,Express
Bangladesh,44,0.7,44,,44,Express
Bangladesh,44,0.8,44,,44,Express
Bangladesh,44,0.9,44,,44,Express
Bangladesh,44,1,44,,44,Express
Bangladesh,52,1.1,52,,52,Express
Bangladesh,52,1.2,52,,52,Express
Bangladesh,52,1.3,52,,52,Express
Bangladesh,52,1.4,52,,52,Express
Bangladesh,52,1.5,52,,52,Express
Bangladesh,59,1.6,59,,59,Express
Bangladesh,59,1.7,59,,59,Express
Bangladesh,59,1.8,59,,59,Express
Bangladesh,59,1.9,59,,59,Express
Bangladesh,59,2,59,,59,Express
Bangladesh,66,2.1,66,,66,Express
Bangladesh,66,2.2,66,,66,Express
Bangladesh,66,2.3,66,,66,Express
Bangladesh,66,2.4,66,,66,Express
Bangladesh,66,2.5,66,,66,Express
Bangladesh,69,2.6,69,,69,Express
Bangladesh,69,2.7,69,,69,Express
Bangladesh,69,2.8,69,,69,Express
Bangladesh,69,2.9,69,,69,Express
Bangladesh,69,3,69,,69,Express
Bangladesh,76,3.1,76,,76,Express
Bangladesh,76,3.2,76,,76,Express
Bangladesh,76,3.3,76,,76,Express
Bangladesh,76,3.4,76,,76,Express
Bangladesh,76,3.5,76,,76,Express
Bangladesh,84,3.6,84,,84,Express
Bangladesh,84,3.7,84,,84,Express
Bangladesh,84,3.8,84,,84,Express
Bangladesh,84,3.9,84,,84,Express
Bangladesh,84,4,84,,84,Express
Bangladesh,90,4.1,90,,90,Express
Bangladesh,90,4.2,90,,90,Express
Bangladesh,90,4.3,90,,90,Express
Bangladesh,90,4.4,90,,90,Express
Bangladesh,90,4.5,90,,90,Express
Bangladesh,99,4.6,99,,99,Express
Bangladesh,99,4.7,99,,99,Express
Bangladesh,99,4.8,99,,99,Express
Bangladesh,99,4.9,99,,99,Express
Bangladesh,99,5,99,,99,Express
Bangladesh,213,5.1,213,,213,Express
Bangladesh,213,5.2,213,,213,Express
Bangladesh,213,5.3,213,,213,Express
Bangladesh,213,5.4,213,,213,Express
Bangladesh,213,5.5,213,,213,Express
Bangladesh,228,5.6,228,,228,Express
Bangladesh,228,5.7,228,,228,Express
Bangladesh,228,5.8,228,,228,Express
Bangladesh,228,5.9,228,,228,Express
Bangladesh,228,6,228,,228,Express
Bangladesh,243,6.1,243,,243,Express
Bangladesh,243,6.2,243,,243,Express
Bangladesh,243,6.3,243,,243,Express
Bangladesh,243,6.4,243,,243,Express
Bangladesh,243,6.5,243,,243,Express
Bangladesh,258,6.6,258,,258,Express
Bangladesh,258,6.7,258,,258,Express
Bangladesh,258,6.8,258,,258,Express
Bangladesh,258,6.9,258,,258,Express
Bangladesh,258,7,258,,258,Express
Bangladesh,273,7.1,273,,273,Express
Bangladesh,273,7.2,273,,273,Express
Bangladesh,273,7.3,273,,273,Express
Bangladesh,273,7.4,273,,273,Express
Bangladesh,273,7.5,273,,273,Express
Bangladesh,287,7.6,287,,287,Express
Bangladesh,287,7.7,287,,287,Express
Bangladesh,287,7.8,287,,287,Express
Bangladesh,287,7.9,287,,287,Express
Bangladesh,287,8,287,,287,Express
Bangladesh,301,8.1,301,,301,Express
Bangladesh,301,8.2,301,,301,Express
Bangladesh,301,8.3,301,,301,Express
Bangladesh,301,8.4,301,,301,Express
Bangladesh,301,8.5,301,,301,Express
Bangladesh,315,8.6,315,,315,Express
Bangladesh,315,8.7,315,,315,Express
Bangladesh,315,8.8,315,,315,Express
Bangladesh,315,8.9,315,,315,Express
Bangladesh,315,9,315,,315,Express
Bangladesh,328,9.1,328,,328,Express
Bangladesh,328,9.2,328,,328,Express
Bangladesh,328,9.3,328,,328,Express
Bangladesh,328,9.4,328,,328,Express
Bangladesh,328,9.5,328,,328,Express
Bangladesh,337,9.6,337,,337,Express
Bangladesh,337,9.7,337,,337,Express
Bangladesh,337,9.8,337,,337,Express
Bangladesh,337,9.9,337,,337,Express
Bangladesh,337,10,337,,337,Express
Barbados,47,0.1,47,,47,Express
Barbados,47,0.2,47,,47,Express
Barbados,47,0.3,47,,47,Express
Barbados,48,0.4,48,,48,Express
Barbados,48,0.5,48,,48,Express
Barbados,58,0.6,58,,58,Express
Barbados,58,0.7,58,,58,Express
Barbados,58,0.8,58,,58,Express
Barbados,58,0.9,58,,58,Express
Barbados,58,1,58,,58,Express
Barbados,69,1.1,69,,69,Express
Barbados,69,1.2,69,,69,Express
Barbados,69,1.3,69,,69,Express
Barbados,69,1.4,69,,69,Express
Barbados,69,1.5,69,,69,Express
Barbados,78,1.6,78,,78,Express
Barbados,78,1.7,78,,78,Express
Barbados,79,1.8,79,,79,Express
Barbados,79,1.9,79,,79,Express
Barbados,79,2,79,,79,Express
Barbados,89,2.1,89,,89,Express
Barbados,89,2.2,89,,89,Express
Barbados,89,2.3,89,,89,Express
Barbados,89,2.4,89,,89,Express
Barbados,89,2.5,89,,89,Express
Barbados,99,2.6,99,,99,Express
Barbados,100,2.7,100,,100,Express
Barbados,100,2.8,100,,100,Express
Barbados,100,2.9,100,,100,Express
Barbados,100,3,100,,100,Express
Barbados,110,3.1,110,,110,Express
Barbados,110,3.2,110,,110,Express
Barbados,110,3.3,110,,110,Express
Barbados,110,3.4,110,,110,Express
Barbados,111,3.5,111,,111,Express
Barbados,120,3.6,120,,120,Express
Barbados,120,3.7,120,,120,Express
Barbados,120,3.8,120,,120,Express
Barbados,120,3.9,120,,120,Express
Barbados,120,4,120,,120,Express
Barbados,130,4.1,130,,130,Express
Barbados,131,4.2,131,,131,Express
Barbados,131,4.3,131,,131,Express
Barbados,131,4.4,131,,131,Express
Barbados,131,4.5,131,,131,Express
Barbados,140,4.6,140,,140,Express
Barbados,140,4.7,140,,140,Express
Barbados,141,4.8,141,,141,Express
Barbados,141,4.9,141,,141,Express
Barbados,141,5,141,,141,Express
Barbados,293,5.1,293,,293,Express
Barbados,293,5.2,293,,293,Express
Barbados,293,5.3,293,,293,Express
Barbados,293,5.4,293,,293,Express
Barbados,294,5.5,294,,294,Express
Barbados,311,5.6,311,,311,Express
Barbados,311,5.7,311,,311,Express
Barbados,312,5.8,312,,312,Express
Barbados,312,5.9,312,,312,Express
Barbados,312,6,312,,312,Express
Barbados,330,6.1,330,,330,Express
Barbados,330,6.2,330,,330,Express
Barbados,330,6.3,330,,330,Express
Barbados,330,6.4,330,,330,Express
Barbados,331,6.5,331,,331,Express
Barbados,348,6.6,348,,348,Express
Barbados,348,6.7,348,,348,Express
Barbados,348,6.8,348,,348,Express
Barbados,348,6.9,348,,348,Express
Barbados,349,7,349,,349,Express
Barbados,366,7.1,366,,366,Express
Barbados,367,7.2,367,,367,Express
Barbados,367,7.3,367,,367,Express
Barbados,367,7.4,367,,367,Express
Barbados,367,7.5,367,,367,Express
Barbados,383,7.6,383,,383,Express
Barbados,383,7.7,383,,383,Express
Barbados,383,7.8,383,,383,Express
Barbados,383,7.9,383,,383,Express
Barbados,384,8,384,,384,Express
Barbados,399,8.1,399,,399,Express
Barbados,400,8.2,400,,400,Express
Barbados,400,8.3,400,,400,Express
Barbados,400,8.4,400,,400,Express
Barbados,400,8.5,400,,400,Express
Barbados,416,8.6,416,,416,Express
Barbados,416,8.7,416,,416,Express
Barbados,416,8.8,416,,416,Express
Barbados,417,8.9,417,,417,Express
Barbados,417,9,417,,417,Express
Barbados,433,9.1,433,,433,Express
Barbados,433,9.2,433,,433,Express
Barbados,433,9.3,433,,433,Express
Barbados,433,9.4,433,,433,Express
Barbados,433,9.5,433,,433,Express
Barbados,453,9.6,453,,453,Express
Barbados,453,9.7,453,,453,Express
Barbados,454,9.8,454,,454,Express
Barbados,454,9.9,454,,454,Express
Barbados,454,10,454,,454,Express
Belarus,47,0.1,47,,47,Express
Belarus,47,0.2,47,,47,Express
Belarus,47,0.3,47,,47,Express
Belarus,48,0.4,48,,48,Express
Belarus,48,0.5,48,,48,Express
Belarus,58,0.6,58,,58,Express
Belarus,58,0.7,58,,58,Express
Belarus,58,0.8,58,,58,Express
Belarus,58,0.9,58,,58,Express
Belarus,58,1,58,,58,Express
Belarus,69,1.1,69,,69,Express
Belarus,69,1.2,69,,69,Express
Belarus,69,1.3,69,,69,Express
Belarus,69,1.4,69,,69,Express
Belarus,69,1.5,69,,69,Express
Belarus,78,1.6,78,,78,Express
Belarus,78,1.7,78,,78,Express
Belarus,79,1.8,79,,79,Express
Belarus,79,1.9,79,,79,Express
Belarus,79,2,79,,79,Express
Belarus,89,2.1,89,,89,Express
Belarus,89,2.2,89,,89,Express
Belarus,89,2.3,89,,89,Express
Belarus,89,2.4,89,,89,Express
Belarus,89,2.5,89,,89,Express
Belarus,99,2.6,99,,99,Express
Belarus,100,2.7,100,,100,Express
Belarus,100,2.8,100,,100,Express
Belarus,100,2.9,100,,100,Express
Belarus,100,3,100,,100,Express
Belarus,110,3.1,110,,110,Express
Belarus,110,3.2,110,,110,Express
Belarus,110,3.3,110,,110,Express
Belarus,110,3.4,110,,110,Express
Belarus,111,3.5,111,,111,Express
Belarus,120,3.6,120,,120,Express
Belarus,120,3.7,120,,120,Express
Belarus,120,3.8,120,,120,Express
Belarus,120,3.9,120,,120,Express
Belarus,120,4,120,,120,Express
Belarus,130,4.1,130,,130,Express
Belarus,131,4.2,131,,131,Express
Belarus,131,4.3,131,,131,Express
Belarus,131,4.4,131,,131,Express
Belarus,131,4.5,131,,131,Express
Belarus,140,4.6,140,,140,Express
Belarus,140,4.7,140,,140,Express
Belarus,141,4.8,141,,141,Express
Belarus,141,4.9,141,,141,Express
Belarus,141,5,141,,141,Express
Belarus,293,5.1,293,,293,Express
Belarus,293,5.2,293,,293,Express
Belarus,293,5.3,293,,293,Express
Belarus,293,5.4,293,,293,Express
Belarus,294,5.5,294,,294,Express
Belarus,311,5.6,311,,311,Express
Belarus,311,5.7,311,,311,Express
Belarus,312,5.8,312,,312,Express
Belarus,312,5.9,312,,312,Express
Belarus,312,6,312,,312,Express
Belarus,330,6.1,330,,330,Express
Belarus,330,6.2,330,,330,Express
Belarus,330,6.3,330,,330,Express
Belarus,330,6.4,330,,330,Express
Belarus,331,6.5,331,,331,Express
Belarus,348,6.6,348,,348,Express
Belarus,348,6.7,348,,348,Express
Belarus,348,6.8,348,,348,Express
Belarus,348,6.9,348,,348,Express
Belarus,349,7,349,,349,Express
Belarus,366,7.1,366,,366,Express
Belarus,367,7.2,367,,367,Express
Belarus,367,7.3,367,,367,Express
Belarus,367,7.4,367,,367,Express
Belarus,367,7.5,367,,367,Express
Belarus,383,7.6,383,,383,Express
Belarus,383,7.7,383,,383,Express
Belarus,383,7.8,383,,383,Express
Belarus,383,7.9,383,,383,Express
Belarus,384,8,384,,384,Express
Belarus,399,8.1,399,,399,Express
Belarus,400,8.2,400,,400,Express
Belarus,400,8.3,400,,400,Express
Belarus,400,8.4,400,,400,Express
Belarus,400,8.5,400,,400,Express
Belarus,416,8.6,416,,416,Express
Belarus,416,8.7,416,,416,Express
Belarus,416,8.8,416,,416,Express
Belarus,417,8.9,417,,417,Express
Belarus,417,9,417,,417,Express
Belarus,433,9.1,433,,433,Express
Belarus,433,9.2,433,,433,Express
Belarus,433,9.3,433,,433,Express
Belarus,433,9.4,433,,433,Express
Belarus,433,9.5,433,,433,Express
Belarus,453,9.6,453,,453,Express
Belarus,453,9.7,453,,453,Express
Belarus,454,9.8,454,,454,Express
Belarus,454,9.9,454,,454,Express
Belarus,454,10,454,,454,Express
Belgium,4,0.1,4,21,30,Standard
Belgium,6,0.2,6,21,30,Standard
Belgium,9,0.3,9,21,31,Standard
Belgium,12,0.4,12,21,31,Standard
Belgium,15,0.5,15,21,31,Standard
Belgium,18,0.6,18,23,35,Standard
Belgium,20,0.7,20,23,35,Standard
Belgium,24,0.8,24,24,36,Standard
Belgium,24,0.9,24,24,36,Standard
Belgium,24,1,24,24,36,Standard
Belgium,25,1.1,25,25,40,Standard
Belgium,25,1.2,25,25,41,Standard
Belgium,26,1.3,26,26,41,Standard
Belgium,26,1.4,26,26,41,Standard
Belgium,26,1.5,26,26,41,Standard
Belgium,28,1.6,28,28,47,Standard
Belgium,28,1.7,28,28,47,Standard
Belgium,30,1.8,30,30,47,Standard
Belgium,30,1.9,30,30,47,Standard
Belgium,30,2,30,30,47,Standard
Belgium,33,2.1,33,33,53,Standard
Belgium,33,2.2,33,33,54,Standard
Belgium,33,2.3,33,33,54,Standard
Belgium,33,2.4,33,33,54,Standard
Belgium,33,2.5,33,33,54,Standard
Belgium,36,2.6,36,36,58,Standard
Belgium,36,2.7,36,36,58,Standard
Belgium,36,2.8,36,36,58,Standard
Belgium,36,2.9,36,36,58,Standard
Belgium,36,3,36,36,59,Standard
Belgium,38,3.1,38,38,64,Standard
Belgium,38,3.2,38,38,64,Standard
Belgium,38,3.3,38,38,64,Standard
Belgium,38,3.4,38,38,65,Standard
Belgium,38,3.5,38,38,65,Standard
Belgium,41,3.6,41,41,70,Standard
Belgium,41,3.7,41,41,70,Standard
Belgium,41,3.8,41,41,70,Standard
Belgium,41,3.9,41,41,70,Standard
Belgium,41,4,41,41,70,Standard
Belgium,44,4.1,44,44,76,Standard
Belgium,44,4.2,44,44,76,Standard
Belgium,44,4.3,44,44,76,Standard
Belgium,44,4.4,44,44,76,Standard
Belgium,44,4.5,44,44,76,Standard
Belgium,47,4.6,47,47,81,Standard
Belgium,47,4.7,47,47,81,Standard
Belgium,47,4.8,47,47,81,Standard
Belgium,47,4.9,47,47,82,Standard
Belgium,47,5,47,47,82,Standard
Belgium,50,5.1,50,50,126,Standard
Belgium,50,5.2,50,50,127,Standard
Belgium,50,5.3,50,50,127,Standard
Belgium,50,5.4,50,50,127,Standard
Belgium,50,5.5,50,50,127,Standard
Belgium,53,5.6,53,53,135,Standard
Belgium,53,5.7,53,53,135,Standard
Belgium,53,5.8,53,53,135,Standard
Belgium,53,5.9,53,53,135,Standard
Belgium,53,6,53,53,136,Standard
Belgium,56,6.1,56,56,144,Standard
Belgium,56,6.2,56,56,144,Standard
Belgium,56,6.3,56,56,144,Standard
Belgium,56,6.4,56,56,144,Standard
Belgium,56,6.5,56,56,145,Standard
Belgium,60,6.6,60,60,153,Standard
Belgium,60,6.7,60,60,153,Standard
Belgium,60,6.8,60,60,153,Standard
Belgium,60,6.9,60,60,153,Standard
Belgium,60,7,60,60,153,Standard
Belgium,64,7.1,64,64,162,Standard
Belgium,64,7.2,64,64,162,Standard
Belgium,64,7.3,64,64,162,Standard
Belgium,64,7.4,64,64,162,Standard
Belgium,64,7.5,64,64,162,Standard
Belgium,67,7.6,67,67,169,Standard
Belgium,67,7.7,67,67,170,Standard
Belgium,67,7.8,67,67,170,Standard
Belgium,67,7.9,67,67,170,Standard
Belgium,67,8,67,67,170,Standard
Belgium,71,8.1,71,71,177,Standard
Belgium,71,8.2,71,71,177,Standard
Belgium,71,8.3,71,71,177,Standard
Belgium,71,8.4,71,71,177,Standard
Belgium,71,8.5,71,71,177,Standard
Belgium,75,8.6,75,75,185,Standard
Belgium,75,8.7,75,75,185,Standard
Belgium,75,8.8,75,75,185,Standard
Belgium,75,8.9,75,75,185,Standard
Belgium,75,9,75,75,185,Standard
Belgium,78,9.1,78,78,192,Standard
Belgium,78,9.2,78,78,192,Standard
Belgium,78,9.3,78,78,192,Standard
Belgium,78,9.4,78,78,193,Standard
Belgium,78,9.5,78,78,193,Standard
Belgium,83,9.6,83,83,198,Standard
Belgium,83,9.7,83,83,199,Standard
Belgium,83,9.8,83,83,199,Standard
Belgium,83,9.9,83,83,199,Standard
Belgium,83,10,83,83,199,Standard
Belize,47,0.1,47,,47,Express
Belize,47,0.2,47,,47,Express
Belize,47,0.3,47,,47,Express
Belize,48,0.4,48,,48,Express
Belize,48,0.5,48,,48,Express
Belize,58,0.6,58,,58,Express
Belize,58,0.7,58,,58,Express
Belize,58,0.8,58,,58,Express
Belize,58,0.9,58,,58,Express
Belize,58,1,58,,58,Express
Belize,69,1.1,69,,69,Express
Belize,69,1.2,69,,69,Express
Belize,69,1.3,69,,69,Express
Belize,69,1.4,69,,69,Express
Belize,69,1.5,69,,69,Express
Belize,78,1.6,78,,78,Express
Belize,78,1.7,78,,78,Express
Belize,79,1.8,79,,79,Express
Belize,79,1.9,79,,79,Express
Belize,79,2,79,,79,Express
Belize,89,2.1,89,,89,Express
Belize,89,2.2,89,,89,Express
Belize,89,2.3,89,,89,Express
Belize,89,2.4,89,,89,Express
Belize,89,2.5,89,,89,Express
Belize,99,2.6,99,,99,Express
Belize,100,2.7,100,,100,Express
Belize,100,2.8,100,,100,Express
Belize,100,2.9,100,,100,Express
Belize,100,3,100,,100,Express
Belize,110,3.1,110,,110,Express
Belize,110,3.2,110,,110,Express
Belize,110,3.3,110,,110,Express
Belize,110,3.4,110,,110,Express
Belize,111,3.5,111,,111,Express
Belize,120,3.6,120,,120,Express
Belize,120,3.7,120,,120,Express
Belize,120,3.8,120,,120,Express
Belize,120,3.9,120,,120,Express
Belize,120,4,120,,120,Express
Belize,130,4.1,130,,130,Express
Belize,131,4.2,131,,131,Express
Belize,131,4.3,131,,131,Express
Belize,131,4.4,131,,131,Express
Belize,131,4.5,131,,131,Express
Belize,140,4.6,140,,140,Express
Belize,140,4.7,140,,140,Express
Belize,141,4.8,141,,141,Express
Belize,141,4.9,141,,141,Express
Belize,141,5,141,,141,Express
Belize,293,5.1,293,,293,Express
Belize,293,5.2,293,,293,Express
Belize,293,5.3,293,,293,Express
Belize,293,5.4,293,,293,Express
Belize,294,5.5,294,,294,Express
Belize,311,5.6,311,,311,Express
Belize,311,5.7,311,,311,Express
Belize,312,5.8,312,,312,Express
Belize,312,5.9,312,,312,Express
Belize,312,6,312,,312,Express
Belize,330,6.1,330,,330,Express
Belize,330,6.2,330,,330,Express
Belize,330,6.3,330,,330,Express
Belize,330,6.4,330,,330,Express
Belize,331,6.5,331,,331,Express
Belize,348,6.6,348,,348,Express
Belize,348,6.7,348,,348,Express
Belize,348,6.8,348,,348,Express
Belize,348,6.9,348,,348,Express
Belize,349,7,349,,349,Express
Belize,366,7.1,366,,366,Express
Belize,367,7.2,367,,367,Express
Belize,367,7.3,367,,367,Express
Belize,367,7.4,367,,367,Express
Belize,367,7.5,367,,367,Express
Belize,383,7.6,383,,383,Express
Belize,383,7.7,383,,383,Express
Belize,383,7.8,383,,383,Express
Belize,383,7.9,383,,383,Express
Belize,384,8,384,,384,Express
Belize,399,8.1,399,,399,Express
Belize,400,8.2,400,,400,Express
Belize,400,8.3,400,,400,Express
Belize,400,8.4,400,,400,Express
Belize,400,8.5,400,,400,Express
Belize,416,8.6,416,,416,Express
Belize,416,8.7,416,,416,Express
Belize,416,8.8,416,,416,Express
Belize,417,8.9,417,,417,Express
Belize,417,9,417,,417,Express
Belize,433,9.1,433,,433,Express
Belize,433,9.2,433,,433,Express
Belize,433,9.3,433,,433,Express
Belize,433,9.4,433,,433,Express
Belize,433,9.5,433,,433,Express
Belize,453,9.6,453,,453,Express
Belize,453,9.7,453,,453,Express
Belize,454,9.8,454,,454,Express
Belize,454,9.9,454,,454,Express
Belize,454,10,454,,454,Express
Bhutan,47,0.1,47,,47,Express
Bhutan,47,0.2,47,,47,Express
Bhutan,47,0.3,47,,47,Express
Bhutan,48,0.4,48,,48,Express
Bhutan,48,0.5,48,,48,Express
Bhutan,58,0.6,58,,58,Express
Bhutan,58,0.7,58,,58,Express
Bhutan,58,0.8,58,,58,Express
Bhutan,58,0.9,58,,58,Express
Bhutan,58,1,58,,58,Express
Bhutan,69,1.1,69,,69,Express
Bhutan,69,1.2,69,,69,Express
Bhutan,69,1.3,69,,69,Express
Bhutan,69,1.4,69,,69,Express
Bhutan,69,1.5,69,,69,Express
Bhutan,78,1.6,78,,78,Express
Bhutan,78,1.7,78,,78,Express
Bhutan,79,1.8,79,,79,Express
Bhutan,79,1.9,79,,79,Express
Bhutan,79,2,79,,79,Express
Bhutan,89,2.1,89,,89,Express
Bhutan,89,2.2,89,,89,Express
Bhutan,89,2.3,89,,89,Express
Bhutan,89,2.4,89,,89,Express
Bhutan,89,2.5,89,,89,Express
Bhutan,99,2.6,99,,99,Express
Bhutan,100,2.7,100,,100,Express
Bhutan,100,2.8,100,,100,Express
Bhutan,100,2.9,100,,100,Express
Bhutan,100,3,100,,100,Express
Bhutan,110,3.1,110,,110,Express
Bhutan,110,3.2,110,,110,Express
Bhutan,110,3.3,110,,110,Express
Bhutan,110,3.4,110,,110,Express
Bhutan,111,3.5,111,,111,Express
Bhutan,120,3.6,120,,120,Express
Bhutan,120,3.7,120,,120,Express
Bhutan,120,3.8,120,,120,Express
Bhutan,120,3.9,120,,120,Express
Bhutan,120,4,120,,120,Express
Bhutan,130,4.1,130,,130,Express
Bhutan,131,4.2,131,,131,Express
Bhutan,131,4.3,131,,131,Express
Bhutan,131,4.4,131,,131,Express
Bhutan,131,4.5,131,,131,Express
Bhutan,140,4.6,140,,140,Express
Bhutan,140,4.7,140,,140,Express
Bhutan,141,4.8,141,,141,Express
Bhutan,141,4.9,141,,141,Express
Bhutan,141,5,141,,141,Express
Bhutan,293,5.1,293,,293,Express
Bhutan,293,5.2,293,,293,Express
Bhutan,293,5.3,293,,293,Express
Bhutan,293,5.4,293,,293,Express
Bhutan,294,5.5,294,,294,Express
Bhutan,311,5.6,311,,311,Express
Bhutan,311,5.7,311,,311,Express
Bhutan,312,5.8,312,,312,Express
Bhutan,312,5.9,312,,312,Express
Bhutan,312,6,312,,312,Express
Bhutan,330,6.1,330,,330,Express
Bhutan,330,6.2,330,,330,Express
Bhutan,330,6.3,330,,330,Express
Bhutan,330,6.4,330,,330,Express
Bhutan,331,6.5,331,,331,Express
Bhutan,348,6.6,348,,348,Express
Bhutan,348,6.7,348,,348,Express
Bhutan,348,6.8,348,,348,Express
Bhutan,348,6.9,348,,348,Express
Bhutan,349,7,349,,349,Express
Bhutan,366,7.1,366,,366,Express
Bhutan,367,7.2,367,,367,Express
Bhutan,367,7.3,367,,367,Express
Bhutan,367,7.4,367,,367,Express
Bhutan,367,7.5,367,,367,Express
Bhutan,383,7.6,383,,383,Express
Bhutan,383,7.7,383,,383,Express
Bhutan,383,7.8,383,,383,Express
Bhutan,383,7.9,383,,383,Express
Bhutan,384,8,384,,384,Express
Bhutan,399,8.1,399,,399,Express
Bhutan,400,8.2,400,,400,Express
Bhutan,400,8.3,400,,400,Express
Bhutan,400,8.4,400,,400,Express
Bhutan,400,8.5,400,,400,Express
Bhutan,416,8.6,416,,416,Express
Bhutan,416,8.7,416,,416,Express
Bhutan,416,8.8,416,,416,Express
Bhutan,417,8.9,417,,417,Express
Bhutan,417,9,417,,417,Express
Bhutan,433,9.1,433,,433,Express
Bhutan,433,9.2,433,,433,Express
Bhutan,433,9.3,433,,433,Express
Bhutan,433,9.4,433,,433,Express
Bhutan,433,9.5,433,,433,Express
Bhutan,453,9.6,453,,453,Express
Bhutan,453,9.7,453,,453,Express
Bhutan,454,9.8,454,,454,Express
Bhutan,454,9.9,454,,454,Express
Bhutan,454,10,454,,454,Express
Bolivia,47,0.1,47,,47,Express
Bolivia,47,0.2,47,,47,Express
Bolivia,47,0.3,47,,47,Express
Bolivia,48,0.4,48,,48,Express
Bolivia,48,0.5,48,,48,Express
Bolivia,58,0.6,58,,58,Express
Bolivia,58,0.7,58,,58,Express
Bolivia,58,0.8,58,,58,Express
Bolivia,58,0.9,58,,58,Express
Bolivia,58,1,58,,58,Express
Bolivia,69,1.1,69,,69,Express
Bolivia,69,1.2,69,,69,Express
Bolivia,69,1.3,69,,69,Express
Bolivia,69,1.4,69,,69,Express
Bolivia,69,1.5,69,,69,Express
Bolivia,78,1.6,78,,78,Express
Bolivia,78,1.7,78,,78,Express
Bolivia,79,1.8,79,,79,Express
Bolivia,79,1.9,79,,79,Express
Bolivia,79,2,79,,79,Express
Bolivia,89,2.1,89,,89,Express
Bolivia,89,2.2,89,,89,Express
Bolivia,89,2.3,89,,89,Express
Bolivia,89,2.4,89,,89,Express
Bolivia,89,2.5,89,,89,Express
Bolivia,99,2.6,99,,99,Express
Bolivia,100,2.7,100,,100,Express
Bolivia,100,2.8,100,,100,Express
Bolivia,100,2.9,100,,100,Express
Bolivia,100,3,100,,100,Express
Bolivia,110,3.1,110,,110,Express
Bolivia,110,3.2,110,,110,Express
Bolivia,110,3.3,110,,110,Express
Bolivia,110,3.4,110,,110,Express
Bolivia,111,3.5,111,,111,Express
Bolivia,120,3.6,120,,120,Express
Bolivia,120,3.7,120,,120,Express
Bolivia,120,3.8,120,,120,Express
Bolivia,120,3.9,120,,120,Express
Bolivia,120,4,120,,120,Express
Bolivia,130,4.1,130,,130,Express
Bolivia,131,4.2,131,,131,Express
Bolivia,131,4.3,131,,131,Express
Bolivia,131,4.4,131,,131,Express
Bolivia,131,4.5,131,,131,Express
Bolivia,140,4.6,140,,140,Express
Bolivia,140,4.7,140,,140,Express
Bolivia,141,4.8,141,,141,Express
Bolivia,141,4.9,141,,141,Express
Bolivia,141,5,141,,141,Express
Bolivia,293,5.1,293,,293,Express
Bolivia,293,5.2,293,,293,Express
Bolivia,293,5.3,293,,293,Express
Bolivia,293,5.4,293,,293,Express
Bolivia,294,5.5,294,,294,Express
Bolivia,311,5.6,311,,311,Express
Bolivia,311,5.7,311,,311,Express
Bolivia,312,5.8,312,,312,Express
Bolivia,312,5.9,312,,312,Express
Bolivia,312,6,312,,312,Express
Bolivia,330,6.1,330,,330,Express
Bolivia,330,6.2,330,,330,Express
Bolivia,330,6.3,330,,330,Express
Bolivia,330,6.4,330,,330,Express
Bolivia,331,6.5,331,,331,Express
Bolivia,348,6.6,348,,348,Express
Bolivia,348,6.7,348,,348,Express
Bolivia,348,6.8,348,,348,Express
Bolivia,348,6.9,348,,348,Express
Bolivia,349,7,349,,349,Express
Bolivia,366,7.1,366,,366,Express
Bolivia,367,7.2,367,,367,Express
Bolivia,367,7.3,367,,367,Express
Bolivia,367,7.4,367,,367,Express
Bolivia,367,7.5,367,,367,Express
Bolivia,383,7.6,383,,383,Express
Bolivia,383,7.7,383,,383,Express
Bolivia,383,7.8,383,,383,Express
Bolivia,383,7.9,383,,383,Express
Bolivia,384,8,384,,384,Express
Bolivia,399,8.1,399,,399,Express
Bolivia,400,8.2,400,,400,Express
Bolivia,400,8.3,400,,400,Express
Bolivia,400,8.4,400,,400,Express
Bolivia,400,8.5,400,,400,Express
Bolivia,416,8.6,416,,416,Express
Bolivia,416,8.7,416,,416,Express
Bolivia,416,8.8,416,,416,Express
Bolivia,417,8.9,417,,417,Express
Bolivia,417,9,417,,417,Express
Bolivia,433,9.1,433,,433,Express
Bolivia,433,9.2,433,,433,Express
Bolivia,433,9.3,433,,433,Express
Bolivia,433,9.4,433,,433,Express
Bolivia,433,9.5,433,,433,Express
Bolivia,453,9.6,453,,453,Express
Bolivia,453,9.7,453,,453,Express
Bolivia,454,9.8,454,,454,Express
Bolivia,454,9.9,454,,454,Express
Bolivia,454,10,454,,454,Express
Bonaire,47,0.1,47,,47,Express
Bonaire,47,0.2,47,,47,Express
Bonaire,47,0.3,47,,47,Express
Bonaire,48,0.4,48,,48,Express
Bonaire,48,0.5,48,,48,Express
Bonaire,58,0.6,58,,58,Express
Bonaire,58,0.7,58,,58,Express
Bonaire,58,0.8,58,,58,Express
Bonaire,58,0.9,58,,58,Express
Bonaire,58,1,58,,58,Express
Bonaire,69,1.1,69,,69,Express
Bonaire,69,1.2,69,,69,Express
Bonaire,69,1.3,69,,69,Express
Bonaire,69,1.4,69,,69,Express
Bonaire,69,1.5,69,,69,Express
Bonaire,78,1.6,78,,78,Express
Bonaire,78,1.7,78,,78,Express
Bonaire,79,1.8,79,,79,Express
Bonaire,79,1.9,79,,79,Express
Bonaire,79,2,79,,79,Express
Bonaire,89,2.1,89,,89,Express
Bonaire,89,2.2,89,,89,Express
Bonaire,89,2.3,89,,89,Express
Bonaire,89,2.4,89,,89,Express
Bonaire,89,2.5,89,,89,Express
Bonaire,99,2.6,99,,99,Express
Bonaire,100,2.7,100,,100,Express
Bonaire,100,2.8,100,,100,Express
Bonaire,100,2.9,100,,100,Express
Bonaire,100,3,100,,100,Express
Bonaire,110,3.1,110,,110,Express
Bonaire,110,3.2,110,,110,Express
Bonaire,110,3.3,110,,110,Express
Bonaire,110,3.4,110,,110,Express
Bonaire,111,3.5,111,,111,Express
Bonaire,120,3.6,120,,120,Express
Bonaire,120,3.7,120,,120,Express
Bonaire,120,3.8,120,,120,Express
Bonaire,120,3.9,120,,120,Express
Bonaire,120,4,120,,120,Express
Bonaire,130,4.1,130,,130,Express
Bonaire,131,4.2,131,,131,Express
Bonaire,131,4.3,131,,131,Express
Bonaire,131,4.4,131,,131,Express
Bonaire,131,4.5,131,,131,Express
Bonaire,140,4.6,140,,140,Express
Bonaire,140,4.7,140,,140,Express
Bonaire,141,4.8,141,,141,Express
Bonaire,141,4.9,141,,141,Express
Bonaire,141,5,141,,141,Express
Bonaire,293,5.1,293,,293,Express
Bonaire,293,5.2,293,,293,Express
Bonaire,293,5.3,293,,293,Express
Bonaire,293,5.4,293,,293,Express
Bonaire,294,5.5,294,,294,Express
Bonaire,311,5.6,311,,311,Express
Bonaire,311,5.7,311,,311,Express
Bonaire,312,5.8,312,,312,Express
Bonaire,312,5.9,312,,312,Express
Bonaire,312,6,312,,312,Express
Bonaire,330,6.1,330,,330,Express
Bonaire,330,6.2,330,,330,Express
Bonaire,330,6.3,330,,330,Express
Bonaire,330,6.4,330,,330,Express
Bonaire,331,6.5,331,,331,Express
Bonaire,348,6.6,348,,348,Express
Bonaire,348,6.7,348,,348,Express
Bonaire,348,6.8,348,,348,Express
Bonaire,348,6.9,348,,348,Express
Bonaire,349,7,349,,349,Express
Bonaire,366,7.1,366,,366,Express
Bonaire,367,7.2,367,,367,Express
Bonaire,367,7.3,367,,367,Express
Bonaire,367,7.4,367,,367,Express
Bonaire,367,7.5,367,,367,Express
Bonaire,383,7.6,383,,383,Express
Bonaire,383,7.7,383,,383,Express
Bonaire,383,7.8,383,,383,Express
Bonaire,383,7.9,383,,383,Express
Bonaire,384,8,384,,384,Express
Bonaire,399,8.1,399,,399,Express
Bonaire,400,8.2,400,,400,Express
Bonaire,400,8.3,400,,400,Express
Bonaire,400,8.4,400,,400,Express
Bonaire,400,8.5,400,,400,Express
Bonaire,416,8.6,416,,416,Express
Bonaire,416,8.7,416,,416,Express
Bonaire,416,8.8,416,,416,Express
Bonaire,417,8.9,417,,417,Express
Bonaire,417,9,417,,417,Express
Bonaire,433,9.1,433,,433,Express
Bonaire,433,9.2,433,,433,Express
Bonaire,433,9.3,433,,433,Express
Bonaire,433,9.4,433,,433,Express
Bonaire,433,9.5,433,,433,Express
Bonaire,453,9.6,453,,453,Express
Bonaire,453,9.7,453,,453,Express
Bonaire,454,9.8,454,,454,Express
Bonaire,454,9.9,454,,454,Express
Bonaire,454,10,454,,454,Express
Bosnia and Herzegovina,47,0.1,47,,47,Express
Bosnia and Herzegovina,47,0.2,47,,47,Express
Bosnia and Herzegovina,47,0.3,47,,47,Express
Bosnia and Herzegovina,48,0.4,48,,48,Express
Bosnia and Herzegovina,48,0.5,48,,48,Express
Bosnia and Herzegovina,58,0.6,58,,58,Express
Bosnia and Herzegovina,58,0.7,58,,58,Express
Bosnia and Herzegovina,58,0.8,58,,58,Express
Bosnia and Herzegovina,58,0.9,58,,58,Express
Bosnia and Herzegovina,58,1,58,,58,Express
Bosnia and Herzegovina,69,1.1,69,,69,Express
Bosnia and Herzegovina,69,1.2,69,,69,Express
Bosnia and Herzegovina,69,1.3,69,,69,Express
Bosnia and Herzegovina,69,1.4,69,,69,Express
Bosnia and Herzegovina,69,1.5,69,,69,Express
Bosnia and Herzegovina,78,1.6,78,,78,Express
Bosnia and Herzegovina,78,1.7,78,,78,Express
Bosnia and Herzegovina,79,1.8,79,,79,Express
Bosnia and Herzegovina,79,1.9,79,,79,Express
Bosnia and Herzegovina,79,2,79,,79,Express
Bosnia and Herzegovina,89,2.1,89,,89,Express
Bosnia and Herzegovina,89,2.2,89,,89,Express
Bosnia and Herzegovina,89,2.3,89,,89,Express
Bosnia and Herzegovina,89,2.4,89,,89,Express
Bosnia and Herzegovina,89,2.5,89,,89,Express
Bosnia and Herzegovina,99,2.6,99,,99,Express
Bosnia and Herzegovina,100,2.7,100,,100,Express
Bosnia and Herzegovina,100,2.8,100,,100,Express
Bosnia and Herzegovina,100,2.9,100,,100,Express
Bosnia and Herzegovina,100,3,100,,100,Express
Bosnia and Herzegovina,110,3.1,110,,110,Express
Bosnia and Herzegovina,110,3.2,110,,110,Express
Bosnia and Herzegovina,110,3.3,110,,110,Express
Bosnia and Herzegovina,110,3.4,110,,110,Express
Bosnia and Herzegovina,111,3.5,111,,111,Express
Bosnia and Herzegovina,120,3.6,120,,120,Express
Bosnia and Herzegovina,120,3.7,120,,120,Express
Bosnia and Herzegovina,120,3.8,120,,120,Express
Bosnia and Herzegovina,120,3.9,120,,120,Express
Bosnia and Herzegovina,120,4,120,,120,Express
Bosnia and Herzegovina,130,4.1,130,,130,Express
Bosnia and Herzegovina,131,4.2,131,,131,Express
Bosnia and Herzegovina,131,4.3,131,,131,Express
Bosnia and Herzegovina,131,4.4,131,,131,Express
Bosnia and Herzegovina,131,4.5,131,,131,Express
Bosnia and Herzegovina,140,4.6,140,,140,Express
Bosnia and Herzegovina,140,4.7,140,,140,Express
Bosnia and Herzegovina,141,4.8,141,,141,Express
Bosnia and Herzegovina,141,4.9,141,,141,Express
Bosnia and Herzegovina,141,5,141,,141,Express
Bosnia and Herzegovina,293,5.1,293,,293,Express
Bosnia and Herzegovina,293,5.2,293,,293,Express
Bosnia and Herzegovina,293,5.3,293,,293,Express
Bosnia and Herzegovina,293,5.4,293,,293,Express
Bosnia and Herzegovina,294,5.5,294,,294,Express
Bosnia and Herzegovina,311,5.6,311,,311,Express
Bosnia and Herzegovina,311,5.7,311,,311,Express
Bosnia and Herzegovina,312,5.8,312,,312,Express
Bosnia and Herzegovina,312,5.9,312,,312,Express
Bosnia and Herzegovina,312,6,312,,312,Express
Bosnia and Herzegovina,330,6.1,330,,330,Express
Bosnia and Herzegovina,330,6.2,330,,330,Express
Bosnia and Herzegovina,330,6.3,330,,330,Express
Bosnia and Herzegovina,330,6.4,330,,330,Express
Bosnia and Herzegovina,331,6.5,331,,331,Express
Bosnia and Herzegovina,348,6.6,348,,348,Express
Bosnia and Herzegovina,348,6.7,348,,348,Express
Bosnia and Herzegovina,348,6.8,348,,348,Express
Bosnia and Herzegovina,348,6.9,348,,348,Express
Bosnia and Herzegovina,349,7,349,,349,Express
Bosnia and Herzegovina,366,7.1,366,,366,Express
Bosnia and Herzegovina,367,7.2,367,,367,Express
Bosnia and Herzegovina,367,7.3,367,,367,Express
Bosnia and Herzegovina,367,7.4,367,,367,Express
Bosnia and Herzegovina,367,7.5,367,,367,Express
Bosnia and Herzegovina,383,7.6,383,,383,Express
Bosnia and Herzegovina,383,7.7,383,,383,Express
Bosnia and Herzegovina,383,7.8,383,,383,Express
Bosnia and Herzegovina,383,7.9,383,,383,Express
Bosnia and Herzegovina,384,8,384,,384,Express
Bosnia and Herzegovina,399,8.1,399,,399,Express
Bosnia and Herzegovina,400,8.2,400,,400,Express
Bosnia and Herzegovina,400,8.3,400,,400,Express
Bosnia and Herzegovina,400,8.4,400,,400,Express
Bosnia and Herzegovina,400,8.5,400,,400,Express
Bosnia and Herzegovina,416,8.6,416,,416,Express
Bosnia and Herzegovina,416,8.7,416,,416,Express
Bosnia and Herzegovina,416,8.8,416,,416,Express
Bosnia and Herzegovina,417,8.9,417,,417,Express
Bosnia and Herzegovina,417,9,417,,417,Express
Bosnia and Herzegovina,433,9.1,433,,433,Express
Bosnia and Herzegovina,433,9.2,433,,433,Express
Bosnia and Herzegovina,433,9.3,433,,433,Express
Bosnia and Herzegovina,433,9.4,433,,433,Express
Bosnia and Herzegovina,433,9.5,433,,433,Express
Bosnia and Herzegovina,453,9.6,453,,453,Express
Bosnia and Herzegovina,453,9.7,453,,453,Express
Bosnia and Herzegovina,454,9.8,454,,454,Express
Bosnia and Herzegovina,454,9.9,454,,454,Express
Bosnia and Herzegovina,454,10,454,,454,Express
Botswana,47,0.1,47,,47,Express
Botswana,47,0.2,47,,47,Express
Botswana,47,0.3,47,,47,Express
Botswana,48,0.4,48,,48,Express
Botswana,48,0.5,48,,48,Express
Botswana,58,0.6,58,,58,Express
Botswana,58,0.7,58,,58,Express
Botswana,58,0.8,58,,58,Express
Botswana,58,0.9,58,,58,Express
Botswana,58,1,58,,58,Express
Botswana,69,1.1,69,,69,Express
Botswana,69,1.2,69,,69,Express
Botswana,69,1.3,69,,69,Express
Botswana,69,1.4,69,,69,Express
Botswana,69,1.5,69,,69,Express
Botswana,78,1.6,78,,78,Express
Botswana,78,1.7,78,,78,Express
Botswana,79,1.8,79,,79,Express
Botswana,79,1.9,79,,79,Express
Botswana,79,2,79,,79,Express
Botswana,89,2.1,89,,89,Express
Botswana,89,2.2,89,,89,Express
Botswana,89,2.3,89,,89,Express
Botswana,89,2.4,89,,89,Express
Botswana,89,2.5,89,,89,Express
Botswana,99,2.6,99,,99,Express
Botswana,100,2.7,100,,100,Express
Botswana,100,2.8,100,,100,Express
Botswana,100,2.9,100,,100,Express
Botswana,100,3,100,,100,Express
Botswana,110,3.1,110,,110,Express
Botswana,110,3.2,110,,110,Express
Botswana,110,3.3,110,,110,Express
Botswana,110,3.4,110,,110,Express
Botswana,111,3.5,111,,111,Express
Botswana,120,3.6,120,,120,Express
Botswana,120,3.7,120,,120,Express
Botswana,120,3.8,120,,120,Express
Botswana,120,3.9,120,,120,Express
Botswana,120,4,120,,120,Express
Botswana,130,4.1,130,,130,Express
Botswana,131,4.2,131,,131,Express
Botswana,131,4.3,131,,131,Express
Botswana,131,4.4,131,,131,Express
Botswana,131,4.5,131,,131,Express
Botswana,140,4.6,140,,140,Express
Botswana,140,4.7,140,,140,Express
Botswana,141,4.8,141,,141,Express
Botswana,141,4.9,141,,141,Express
Botswana,141,5,141,,141,Express
Botswana,293,5.1,293,,293,Express
Botswana,293,5.2,293,,293,Express
Botswana,293,5.3,293,,293,Express
Botswana,293,5.4,293,,293,Express
Botswana,294,5.5,294,,294,Express
Botswana,311,5.6,311,,311,Express
Botswana,311,5.7,311,,311,Express
Botswana,312,5.8,312,,312,Express
Botswana,312,5.9,312,,312,Express
Botswana,312,6,312,,312,Express
Botswana,330,6.1,330,,330,Express
Botswana,330,6.2,330,,330,Express
Botswana,330,6.3,330,,330,Express
Botswana,330,6.4,330,,330,Express
Botswana,331,6.5,331,,331,Express
Botswana,348,6.6,348,,348,Express
Botswana,348,6.7,348,,348,Express
Botswana,348,6.8,348,,348,Express
Botswana,348,6.9,348,,348,Express
Botswana,349,7,349,,349,Express
Botswana,366,7.1,366,,366,Express
Botswana,367,7.2,367,,367,Express
Botswana,367,7.3,367,,367,Express
Botswana,367,7.4,367,,367,Express
Botswana,367,7.5,367,,367,Express
Botswana,383,7.6,383,,383,Express
Botswana,383,7.7,383,,383,Express
Botswana,383,7.8,383,,383,Express
Botswana,383,7.9,383,,383,Express
Botswana,384,8,384,,384,Express
Botswana,399,8.1,399,,399,Express
Botswana,400,8.2,400,,400,Express
Botswana,400,8.3,400,,400,Express
Botswana,400,8.4,400,,400,Express
Botswana,400,8.5,400,,400,Express
Botswana,416,8.6,416,,416,Express
Botswana,416,8.7,416,,416,Express
Botswana,416,8.8,416,,416,Express
Botswana,417,8.9,417,,417,Express
Botswana,417,9,417,,417,Express
Botswana,433,9.1,433,,433,Express
Botswana,433,9.2,433,,433,Express
Botswana,433,9.3,433,,433,Express
Botswana,433,9.4,433,,433,Express
Botswana,433,9.5,433,,433,Express
Botswana,453,9.6,453,,453,Express
Botswana,453,9.7,453,,453,Express
Botswana,454,9.8,454,,454,Express
Botswana,454,9.9,454,,454,Express
Botswana,454,10,454,,454,Express
Brazil,4,0.1,4,23,32,Standard
Brazil,6,0.2,6,23,32,Standard
Brazil,8,0.3,8,23,33,Standard
Brazil,10,0.4,10,23,33,Standard
Brazil,11,0.5,11,23,33,Standard
Brazil,13,0.6,13,26,45,Standard
Brazil,14,0.7,14,26,45,Standard
Brazil,16,0.8,16,29,46,Standard
Brazil,18,0.9,18,29,46,Standard
Brazil,19,1,19,29,46,Standard
Brazil,21,1.1,21,31,54,Standard
Brazil,23,1.2,23,31,54,Standard
Brazil,25,1.3,25,34,54,Standard
Brazil,27,1.4,27,34,54,Standard
Brazil,29,1.5,29,34,54,Standard
Brazil,31,1.6,31,37,62,Standard
Brazil,33,1.7,33,37,62,Standard
Brazil,34,1.8,34,40,62,Standard
Brazil,36,1.9,36,40,62,Standard
Brazil,38,2,38,40,62,Standard
Brazil,44,2.1,44,44,70,Standard
Brazil,44,2.2,44,44,70,Standard
Brazil,44,2.3,44,44,70,Standard
Brazil,44,2.4,44,44,70,Standard
Brazil,44,2.5,44,44,70,Standard
Brazil,48,2.6,48,48,74,Standard
Brazil,48,2.7,48,48,74,Standard
Brazil,48,2.8,48,48,75,Standard
Brazil,48,2.9,48,48,75,Standard
Brazil,48,3,48,48,75,Standard
Brazil,53,3.1,53,53,82,Standard
Brazil,53,3.2,53,53,82,Standard
Brazil,53,3.3,53,53,82,Standard
Brazil,53,3.4,53,53,83,Standard
Brazil,53,3.5,53,53,83,Standard
Brazil,57,3.6,57,57,90,Standard
Brazil,57,3.7,57,57,91,Standard
Brazil,57,3.8,57,57,91,Standard
Brazil,57,3.9,57,57,91,Standard
Brazil,57,4,57,57,91,Standard
Brazil,61,4.1,61,61,98,Standard
Brazil,61,4.2,61,61,98,Standard
Brazil,61,4.3,61,61,98,Standard
Brazil,61,4.4,61,61,98,Standard
Brazil,61,4.5,61,61,99,Standard
Brazil,65,4.6,65,65,108,Standard
Brazil,65,4.7,65,65,108,Standard
Brazil,65,4.8,65,65,108,Standard
Brazil,65,4.9,65,65,108,Standard
Brazil,65,5,65,65,109,Standard
Brazil,70,5.1,70,70,223,Standard
Brazil,70,5.2,70,70,223,Standard
Brazil,70,5.3,70,70,223,Standard
Brazil,70,5.4,70,70,224,Standard
Brazil,70,5.5,70,70,224,Standard
Brazil,76,5.6,76,76,239,Standard
Brazil,76,5.7,76,76,239,Standard
Brazil,76,5.8,76,76,239,Standard
Brazil,76,5.9,76,76,239,Standard
Brazil,76,6,76,76,239,Standard
Brazil,82,6.1,82,82,255,Standard
Brazil,82,6.2,82,82,255,Standard
Brazil,82,6.3,82,82,255,Standard
Brazil,82,6.4,82,82,255,Standard
Brazil,82,6.5,82,82,255,Standard
Brazil,88,6.6,88,88,270,Standard
Brazil,88,6.7,88,88,271,Standard
Brazil,88,6.8,88,88,271,Standard
Brazil,88,6.9,88,88,271,Standard
Brazil,88,7,88,88,271,Standard
Brazil,94,7.1,94,94,286,Standard
Brazil,94,7.2,94,94,286,Standard
Brazil,94,7.3,94,94,287,Standard
Brazil,94,7.4,94,94,287,Standard
Brazil,94,7.5,94,94,287,Standard
Brazil,100,7.6,100,100,301,Standard
Brazil,100,7.7,100,100,301,Standard
Brazil,100,7.8,100,100,301,Standard
Brazil,100,7.9,100,100,302,Standard
Brazil,100,8,100,100,302,Standard
Brazil,106,8.1,106,106,316,Standard
Brazil,106,8.2,106,106,316,Standard
Brazil,106,8.3,106,106,316,Standard
Brazil,106,8.4,106,106,317,Standard
Brazil,106,8.5,106,106,317,Standard
Brazil,113,8.6,113,113,331,Standard
Brazil,113,8.7,113,113,331,Standard
Brazil,113,8.8,113,113,331,Standard
Brazil,113,8.9,113,113,332,Standard
Brazil,113,9,113,113,332,Standard
Brazil,119,9.1,119,119,346,Standard
Brazil,119,9.2,119,119,346,Standard
Brazil,119,9.3,119,119,346,Standard
Brazil,119,9.4,119,119,346,Standard
Brazil,119,9.5,119,119,347,Standard
Brazil,125,9.6,125,125,355,Standard
Brazil,125,9.7,125,125,356,Standard
Brazil,125,9.8,125,125,356,Standard
Brazil,125,9.9,125,125,356,Standard
Brazil,125,10,125,125,356,Standard
British Guyana,47,0.1,47,,47,Express
British Guyana,47,0.2,47,,47,Express
British Guyana,47,0.3,47,,47,Express
British Guyana,48,0.4,48,,48,Express
British Guyana,48,0.5,48,,48,Express
British Guyana,58,0.6,58,,58,Express
British Guyana,58,0.7,58,,58,Express
British Guyana,58,0.8,58,,58,Express
British Guyana,58,0.9,58,,58,Express
British Guyana,58,1,58,,58,Express
British Guyana,69,1.1,69,,69,Express
British Guyana,69,1.2,69,,69,Express
British Guyana,69,1.3,69,,69,Express
British Guyana,69,1.4,69,,69,Express
British Guyana,69,1.5,69,,69,Express
British Guyana,78,1.6,78,,78,Express
British Guyana,78,1.7,78,,78,Express
British Guyana,79,1.8,79,,79,Express
British Guyana,79,1.9,79,,79,Express
British Guyana,79,2,79,,79,Express
British Guyana,89,2.1,89,,89,Express
British Guyana,89,2.2,89,,89,Express
British Guyana,89,2.3,89,,89,Express
British Guyana,89,2.4,89,,89,Express
British Guyana,89,2.5,89,,89,Express
British Guyana,99,2.6,99,,99,Express
British Guyana,100,2.7,100,,100,Express
British Guyana,100,2.8,100,,100,Express
British Guyana,100,2.9,100,,100,Express
British Guyana,100,3,100,,100,Express
British Guyana,110,3.1,110,,110,Express
British Guyana,110,3.2,110,,110,Express
British Guyana,110,3.3,110,,110,Express
British Guyana,110,3.4,110,,110,Express
British Guyana,111,3.5,111,,111,Express
British Guyana,120,3.6,120,,120,Express
British Guyana,120,3.7,120,,120,Express
British Guyana,120,3.8,120,,120,Express
British Guyana,120,3.9,120,,120,Express
British Guyana,120,4,120,,120,Express
British Guyana,130,4.1,130,,130,Express
British Guyana,131,4.2,131,,131,Express
British Guyana,131,4.3,131,,131,Express
British Guyana,131,4.4,131,,131,Express
British Guyana,131,4.5,131,,131,Express
British Guyana,140,4.6,140,,140,Express
British Guyana,140,4.7,140,,140,Express
British Guyana,141,4.8,141,,141,Express
British Guyana,141,4.9,141,,141,Express
British Guyana,141,5,141,,141,Express
British Guyana,293,5.1,293,,293,Express
British Guyana,293,5.2,293,,293,Express
British Guyana,293,5.3,293,,293,Express
British Guyana,293,5.4,293,,293,Express
British Guyana,294,5.5,294,,294,Express
British Guyana,311,5.6,311,,311,Express
British Guyana,311,5.7,311,,311,Express
British Guyana,312,5.8,312,,312,Express
British Guyana,312,5.9,312,,312,Express
British Guyana,312,6,312,,312,Express
British Guyana,330,6.1,330,,330,Express
British Guyana,330,6.2,330,,330,Express
British Guyana,330,6.3,330,,330,Express
British Guyana,330,6.4,330,,330,Express
British Guyana,331,6.5,331,,331,Express
British Guyana,348,6.6,348,,348,Express
British Guyana,348,6.7,348,,348,Express
British Guyana,348,6.8,348,,348,Express
British Guyana,348,6.9,348,,348,Express
British Guyana,349,7,349,,349,Express
British Guyana,366,7.1,366,,366,Express
British Guyana,367,7.2,367,,367,Express
British Guyana,367,7.3,367,,367,Express
British Guyana,367,7.4,367,,367,Express
British Guyana,367,7.5,367,,367,Express
British Guyana,383,7.6,383,,383,Express
British Guyana,383,7.7,383,,383,Express
British Guyana,383,7.8,383,,383,Express
British Guyana,383,7.9,383,,383,Express
British Guyana,384,8,384,,384,Express
British Guyana,399,8.1,399,,399,Express
British Guyana,400,8.2,400,,400,Express
British Guyana,400,8.3,400,,400,Express
British Guyana,400,8.4,400,,400,Express
British Guyana,400,8.5,400,,400,Express
British Guyana,416,8.6,416,,416,Express
British Guyana,416,8.7,416,,416,Express
British Guyana,416,8.8,416,,416,Express
British Guyana,417,8.9,417,,417,Express
British Guyana,417,9,417,,417,Express
British Guyana,433,9.1,433,,433,Express
British Guyana,433,9.2,433,,433,Express
British Guyana,433,9.3,433,,433,Express
British Guyana,433,9.4,433,,433,Express
British Guyana,433,9.5,433,,433,Express
British Guyana,453,9.6,453,,453,Express
British Guyana,453,9.7,453,,453,Express
British Guyana,454,9.8,454,,454,Express
British Guyana,454,9.9,454,,454,Express
British Guyana,454,10,454,,454,Express
Brunei,32,0.1,32,,32,Express
Brunei,32,0.2,32,,32,Express
Brunei,32,0.3,32,,32,Express
Brunei,32,0.4,32,,32,Express
Brunei,32,0.5,32,,32,Express
Brunei,44,0.6,44,,44,Express
Brunei,44,0.7,44,,44,Express
Brunei,44,0.8,44,,44,Express
Brunei,44,0.9,44,,44,Express
Brunei,44,1,44,,44,Express
Brunei,52,1.1,52,,52,Express
Brunei,52,1.2,52,,52,Express
Brunei,52,1.3,52,,52,Express
Brunei,52,1.4,52,,52,Express
Brunei,52,1.5,52,,52,Express
Brunei,59,1.6,59,,59,Express
Brunei,59,1.7,59,,59,Express
Brunei,59,1.8,59,,59,Express
Brunei,59,1.9,59,,59,Express
Brunei,59,2,59,,59,Express
Brunei,66,2.1,66,,66,Express
Brunei,66,2.2,66,,66,Express
Brunei,66,2.3,66,,66,Express
Brunei,66,2.4,66,,66,Express
Brunei,66,2.5,66,,66,Express
Brunei,69,2.6,69,,69,Express
Brunei,69,2.7,69,,69,Express
Brunei,69,2.8,69,,69,Express
Brunei,69,2.9,69,,69,Express
Brunei,69,3,69,,69,Express
Brunei,76,3.1,76,,76,Express
Brunei,76,3.2,76,,76,Express
Brunei,76,3.3,76,,76,Express
Brunei,76,3.4,76,,76,Express
Brunei,76,3.5,76,,76,Express
Brunei,84,3.6,84,,84,Express
Brunei,84,3.7,84,,84,Express
Brunei,84,3.8,84,,84,Express
Brunei,84,3.9,84,,84,Express
Brunei,84,4,84,,84,Express
Brunei,90,4.1,90,,90,Express
Brunei,90,4.2,90,,90,Express
Brunei,90,4.3,90,,90,Express
Brunei,90,4.4,90,,90,Express
Brunei,90,4.5,90,,90,Express
Brunei,99,4.6,99,,99,Express
Brunei,99,4.7,99,,99,Express
Brunei,99,4.8,99,,99,Express
Brunei,99,4.9,99,,99,Express
Brunei,99,5,99,,99,Express
Brunei,213,5.1,213,,213,Express
Brunei,213,5.2,213,,213,Express
Brunei,213,5.3,213,,213,Express
Brunei,213,5.4,213,,213,Express
Brunei,213,5.5,213,,213,Express
Brunei,228,5.6,228,,228,Express
Brunei,228,5.7,228,,228,Express
Brunei,228,5.8,228,,228,Express
Brunei,228,5.9,228,,228,Express
Brunei,228,6,228,,228,Express
Brunei,243,6.1,243,,243,Express
Brunei,243,6.2,243,,243,Express
Brunei,243,6.3,243,,243,Express
Brunei,243,6.4,243,,243,Express
Brunei,243,6.5,243,,243,Express
Brunei,258,6.6,258,,258,Express
Brunei,258,6.7,258,,258,Express
Brunei,258,6.8,258,,258,Express
Brunei,258,6.9,258,,258,Express
Brunei,258,7,258,,258,Express
Brunei,273,7.1,273,,273,Express
Brunei,273,7.2,273,,273,Express
Brunei,273,7.3,273,,273,Express
Brunei,273,7.4,273,,273,Express
Brunei,273,7.5,273,,273,Express
Brunei,287,7.6,287,,287,Express
Brunei,287,7.7,287,,287,Express
Brunei,287,7.8,287,,287,Express
Brunei,287,7.9,287,,287,Express
Brunei,287,8,287,,287,Express
Brunei,301,8.1,301,,301,Express
Brunei,301,8.2,301,,301,Express
Brunei,301,8.3,301,,301,Express
Brunei,301,8.4,301,,301,Express
Brunei,301,8.5,301,,301,Express
Brunei,315,8.6,315,,315,Express
Brunei,315,8.7,315,,315,Express
Brunei,315,8.8,315,,315,Express
Brunei,315,8.9,315,,315,Express
Brunei,315,9,315,,315,Express
Brunei,328,9.1,328,,328,Express
Brunei,328,9.2,328,,328,Express
Brunei,328,9.3,328,,328,Express
Brunei,328,9.4,328,,328,Express
Brunei,328,9.5,328,,328,Express
Brunei,337,9.6,337,,337,Express
Brunei,337,9.7,337,,337,Express
Brunei,337,9.8,337,,337,Express
Brunei,337,9.9,337,,337,Express
Brunei,337,10,337,,337,Express
Bulgaria,17,0.1,17,17,32,Economy
Bulgaria,18,0.2,18,18,32,Economy
Bulgaria,18,0.3,18,18,33,Economy
Bulgaria,18,0.4,18,18,33,Economy
Bulgaria,19,0.5,19,19,33,Economy
Bulgaria,20,0.6,20,20,45,Economy
Bulgaria,21,0.7,21,21,45,Economy
Bulgaria,22,0.8,22,22,46,Economy
Bulgaria,22,0.9,22,22,46,Economy
Bulgaria,23,1,23,23,46,Economy
Bulgaria,24,1.1,24,24,54,Economy
Bulgaria,25,1.2,25,25,54,Economy
Bulgaria,26,1.3,26,26,54,Economy
Bulgaria,27,1.4,27,27,54,Economy
Bulgaria,27,1.5,27,27,54,Economy
Bulgaria,29,1.6,29,29,62,Economy
Bulgaria,29,1.7,29,29,62,Economy
Bulgaria,30,1.8,30,30,62,Economy
Bulgaria,31,1.9,31,31,62,Economy
Bulgaria,31,2,31,31,62,Economy
Bulgaria,34,2.1,34,34,70,Economy
Bulgaria,34,2.2,34,34,70,Economy
Bulgaria,35,2.3,35,35,70,Economy
Bulgaria,35,2.4,35,35,70,Economy
Bulgaria,35,2.5,35,35,70,Economy
Bulgaria,38,2.6,38,38,74,Economy
Bulgaria,38,2.7,38,38,74,Economy
Bulgaria,38,2.8,38,38,75,Economy
Bulgaria,39,2.9,39,39,75,Economy
Bulgaria,39,3,39,39,75,Economy
Bulgaria,42,3.1,42,42,82,Economy
Bulgaria,42,3.2,42,42,82,Economy
Bulgaria,43,3.3,43,43,82,Economy
Bulgaria,43,3.4,43,43,83,Economy
Bulgaria,43,3.5,43,43,83,Economy
Bulgaria,46,3.6,46,46,90,Economy
Bulgaria,46,3.7,46,46,91,Economy
Bulgaria,47,3.8,47,47,91,Economy
Bulgaria,47,3.9,47,47,91,Economy
Bulgaria,47,4,47,47,91,Economy
Bulgaria,50,4.1,50,50,98,Economy
Bulgaria,50,4.2,50,50,98,Economy
Bulgaria,51,4.3,51,51,98,Economy
Bulgaria,51,4.4,51,51,98,Economy
Bulgaria,51,4.5,51,51,99,Economy
Bulgaria,54,4.6,54,54,108,Economy
Bulgaria,54,4.7,54,54,108,Economy
Bulgaria,55,4.8,55,55,108,Economy
Bulgaria,55,4.9,55,55,108,Economy
Bulgaria,55,5,55,55,109,Economy
Bulgaria,58,5.1,58,58,223,Economy
Bulgaria,58,5.2,58,58,223,Economy
Bulgaria,59,5.3,59,59,223,Economy
Bulgaria,59,5.4,59,59,224,Economy
Bulgaria,59,5.5,59,59,224,Economy
Bulgaria,62,5.6,62,62,239,Economy
Bulgaria,62,5.7,62,62,239,Economy
Bulgaria,63,5.8,63,63,239,Economy
Bulgaria,63,5.9,63,63,239,Economy
Bulgaria,64,6,64,64,239,Economy
Bulgaria,67,6.1,67,67,255,Economy
Bulgaria,67,6.2,67,67,255,Economy
Bulgaria,67,6.3,67,67,255,Economy
Bulgaria,68,6.4,68,68,255,Economy
Bulgaria,68,6.5,68,68,255,Economy
Bulgaria,71,6.6,71,71,270,Economy
Bulgaria,72,6.7,72,72,271,Economy
Bulgaria,72,6.8,72,72,271,Economy
Bulgaria,73,6.9,73,73,271,Economy
Bulgaria,73,7,73,73,271,Economy
Bulgaria,76,7.1,76,76,286,Economy
Bulgaria,76,7.2,76,76,286,Economy
Bulgaria,77,7.3,77,77,287,Economy
Bulgaria,77,7.4,77,77,287,Economy
Bulgaria,78,7.5,78,78,287,Economy
Bulgaria,81,7.6,81,81,301,Economy
Bulgaria,81,7.7,81,81,301,Economy
Bulgaria,82,7.8,82,82,301,Economy
Bulgaria,82,7.9,82,82,302,Economy
Bulgaria,82,8,82,82,302,Economy
Bulgaria,85,8.1,85,85,316,Economy
Bulgaria,86,8.2,86,86,316,Economy
Bulgaria,86,8.3,86,86,316,Economy
Bulgaria,86,8.4,86,86,317,Economy
Bulgaria,87,8.5,87,87,317,Economy
Bulgaria,90,8.6,90,90,331,Economy
Bulgaria,90,8.7,90,90,331,Economy
Bulgaria,91,8.8,91,91,331,Economy
Bulgaria,91,8.9,91,91,332,Economy
Bulgaria,91,9,91,91,332,Economy
Bulgaria,95,9.1,95,95,346,Economy
Bulgaria,95,9.2,95,95,346,Economy
Bulgaria,95,9.3,95,95,346,Economy
Bulgaria,96,9.4,96,96,346,Economy
Bulgaria,96,9.5,96,96,347,Economy
Bulgaria,99,9.6,99,99,355,Economy
Bulgaria,100,9.7,100,100,356,Economy
Bulgaria,100,9.8,100,100,356,Economy
Bulgaria,100,9.9,100,100,356,Economy
Bulgaria,101,10,101,101,356,Economy
Burkina Faso,47,0.1,47,,47,Express
Burkina Faso,47,0.2,47,,47,Express
Burkina Faso,47,0.3,47,,47,Express
Burkina Faso,48,0.4,48,,48,Express
Burkina Faso,48,0.5,48,,48,Express
Burkina Faso,58,0.6,58,,58,Express
Burkina Faso,58,0.7,58,,58,Express
Burkina Faso,58,0.8,58,,58,Express
Burkina Faso,58,0.9,58,,58,Express
Burkina Faso,58,1,58,,58,Express
Burkina Faso,69,1.1,69,,69,Express
Burkina Faso,69,1.2,69,,69,Express
Burkina Faso,69,1.3,69,,69,Express
Burkina Faso,69,1.4,69,,69,Express
Burkina Faso,69,1.5,69,,69,Express
Burkina Faso,78,1.6,78,,78,Express
Burkina Faso,78,1.7,78,,78,Express
Burkina Faso,79,1.8,79,,79,Express
Burkina Faso,79,1.9,79,,79,Express
Burkina Faso,79,2,79,,79,Express
Burkina Faso,89,2.1,89,,89,Express
Burkina Faso,89,2.2,89,,89,Express
Burkina Faso,89,2.3,89,,89,Express
Burkina Faso,89,2.4,89,,89,Express
Burkina Faso,89,2.5,89,,89,Express
Burkina Faso,99,2.6,99,,99,Express
Burkina Faso,100,2.7,100,,100,Express
Burkina Faso,100,2.8,100,,100,Express
Burkina Faso,100,2.9,100,,100,Express
Burkina Faso,100,3,100,,100,Express
Burkina Faso,110,3.1,110,,110,Express
Burkina Faso,110,3.2,110,,110,Express
Burkina Faso,110,3.3,110,,110,Express
Burkina Faso,110,3.4,110,,110,Express
Burkina Faso,111,3.5,111,,111,Express
Burkina Faso,120,3.6,120,,120,Express
Burkina Faso,120,3.7,120,,120,Express
Burkina Faso,120,3.8,120,,120,Express
Burkina Faso,120,3.9,120,,120,Express
Burkina Faso,120,4,120,,120,Express
Burkina Faso,130,4.1,130,,130,Express
Burkina Faso,131,4.2,131,,131,Express
Burkina Faso,131,4.3,131,,131,Express
Burkina Faso,131,4.4,131,,131,Express
Burkina Faso,131,4.5,131,,131,Express
Burkina Faso,140,4.6,140,,140,Express
Burkina Faso,140,4.7,140,,140,Express
Burkina Faso,141,4.8,141,,141,Express
Burkina Faso,141,4.9,141,,141,Express
Burkina Faso,141,5,141,,141,Express
Burkina Faso,293,5.1,293,,293,Express
Burkina Faso,293,5.2,293,,293,Express
Burkina Faso,293,5.3,293,,293,Express
Burkina Faso,293,5.4,293,,293,Express
Burkina Faso,294,5.5,294,,294,Express
Burkina Faso,311,5.6,311,,311,Express
Burkina Faso,311,5.7,311,,311,Express
Burkina Faso,312,5.8,312,,312,Express
Burkina Faso,312,5.9,312,,312,Express
Burkina Faso,312,6,312,,312,Express
Burkina Faso,330,6.1,330,,330,Express
Burkina Faso,330,6.2,330,,330,Express
Burkina Faso,330,6.3,330,,330,Express
Burkina Faso,330,6.4,330,,330,Express
Burkina Faso,331,6.5,331,,331,Express
Burkina Faso,348,6.6,348,,348,Express
Burkina Faso,348,6.7,348,,348,Express
Burkina Faso,348,6.8,348,,348,Express
Burkina Faso,348,6.9,348,,348,Express
Burkina Faso,349,7,349,,349,Express
Burkina Faso,366,7.1,366,,366,Express
Burkina Faso,367,7.2,367,,367,Express
Burkina Faso,367,7.3,367,,367,Express
Burkina Faso,367,7.4,367,,367,Express
Burkina Faso,367,7.5,367,,367,Express
Burkina Faso,383,7.6,383,,383,Express
Burkina Faso,383,7.7,383,,383,Express
Burkina Faso,383,7.8,383,,383,Express
Burkina Faso,383,7.9,383,,383,Express
Burkina Faso,384,8,384,,384,Express
Burkina Faso,399,8.1,399,,399,Express
Burkina Faso,400,8.2,400,,400,Express
Burkina Faso,400,8.3,400,,400,Express
Burkina Faso,400,8.4,400,,400,Express
Burkina Faso,400,8.5,400,,400,Express
Burkina Faso,416,8.6,416,,416,Express
Burkina Faso,416,8.7,416,,416,Express
Burkina Faso,416,8.8,416,,416,Express
Burkina Faso,417,8.9,417,,417,Express
Burkina Faso,417,9,417,,417,Express
Burkina Faso,433,9.1,433,,433,Express
Burkina Faso,433,9.2,433,,433,Express
Burkina Faso,433,9.3,433,,433,Express
Burkina Faso,433,9.4,433,,433,Express
Burkina Faso,433,9.5,433,,433,Express
Burkina Faso,453,9.6,453,,453,Express
Burkina Faso,453,9.7,453,,453,Express
Burkina Faso,454,9.8,454,,454,Express
Burkina Faso,454,9.9,454,,454,Express
Burkina Faso,454,10,454,,454,Express
Burundi,47,0.1,47,,47,Express
Burundi,47,0.2,47,,47,Express
Burundi,47,0.3,47,,47,Express
Burundi,48,0.4,48,,48,Express
Burundi,48,0.5,48,,48,Express
Burundi,58,0.6,58,,58,Express
Burundi,58,0.7,58,,58,Express
Burundi,58,0.8,58,,58,Express
Burundi,58,0.9,58,,58,Express
Burundi,58,1,58,,58,Express
Burundi,69,1.1,69,,69,Express
Burundi,69,1.2,69,,69,Express
Burundi,69,1.3,69,,69,Express
Burundi,69,1.4,69,,69,Express
Burundi,69,1.5,69,,69,Express
Burundi,78,1.6,78,,78,Express
Burundi,78,1.7,78,,78,Express
Burundi,79,1.8,79,,79,Express
Burundi,79,1.9,79,,79,Express
Burundi,79,2,79,,79,Express
Burundi,89,2.1,89,,89,Express
Burundi,89,2.2,89,,89,Express
Burundi,89,2.3,89,,89,Express
Burundi,89,2.4,89,,89,Express
Burundi,89,2.5,89,,89,Express
Burundi,99,2.6,99,,99,Express
Burundi,100,2.7,100,,100,Express
Burundi,100,2.8,100,,100,Express
Burundi,100,2.9,100,,100,Express
Burundi,100,3,100,,100,Express
Burundi,110,3.1,110,,110,Express
Burundi,110,3.2,110,,110,Express
Burundi,110,3.3,110,,110,Express
Burundi,110,3.4,110,,110,Express
Burundi,111,3.5,111,,111,Express
Burundi,120,3.6,120,,120,Express
Burundi,120,3.7,120,,120,Express
Burundi,120,3.8,120,,120,Express
Burundi,120,3.9,120,,120,Express
Burundi,120,4,120,,120,Express
Burundi,130,4.1,130,,130,Express
Burundi,131,4.2,131,,131,Express
Burundi,131,4.3,131,,131,Express
Burundi,131,4.4,131,,131,Express
Burundi,131,4.5,131,,131,Express
Burundi,140,4.6,140,,140,Express
Burundi,140,4.7,140,,140,Express
Burundi,141,4.8,141,,141,Express
Burundi,141,4.9,141,,141,Express
Burundi,141,5,141,,141,Express
Burundi,293,5.1,293,,293,Express
Burundi,293,5.2,293,,293,Express
Burundi,293,5.3,293,,293,Express
Burundi,293,5.4,293,,293,Express
Burundi,294,5.5,294,,294,Express
Burundi,311,5.6,311,,311,Express
Burundi,311,5.7,311,,311,Express
Burundi,312,5.8,312,,312,Express
Burundi,312,5.9,312,,312,Express
Burundi,312,6,312,,312,Express
Burundi,330,6.1,330,,330,Express
Burundi,330,6.2,330,,330,Express
Burundi,330,6.3,330,,330,Express
Burundi,330,6.4,330,,330,Express
Burundi,331,6.5,331,,331,Express
Burundi,348,6.6,348,,348,Express
Burundi,348,6.7,348,,348,Express
Burundi,348,6.8,348,,348,Express
Burundi,348,6.9,348,,348,Express
Burundi,349,7,349,,349,Express
Burundi,366,7.1,366,,366,Express
Burundi,367,7.2,367,,367,Express
Burundi,367,7.3,367,,367,Express
Burundi,367,7.4,367,,367,Express
Burundi,367,7.5,367,,367,Express
Burundi,383,7.6,383,,383,Express
Burundi,383,7.7,383,,383,Express
Burundi,383,7.8,383,,383,Express
Burundi,383,7.9,383,,383,Express
Burundi,384,8,384,,384,Express
Burundi,399,8.1,399,,399,Express
Burundi,400,8.2,400,,400,Express
Burundi,400,8.3,400,,400,Express
Burundi,400,8.4,400,,400,Express
Burundi,400,8.5,400,,400,Express
Burundi,416,8.6,416,,416,Express
Burundi,416,8.7,416,,416,Express
Burundi,416,8.8,416,,416,Express
Burundi,417,8.9,417,,417,Express
Burundi,417,9,417,,417,Express
Burundi,433,9.1,433,,433,Express
Burundi,433,9.2,433,,433,Express
Burundi,433,9.3,433,,433,Express
Burundi,433,9.4,433,,433,Express
Burundi,433,9.5,433,,433,Express
Burundi,453,9.6,453,,453,Express
Burundi,453,9.7,453,,453,Express
Burundi,454,9.8,454,,454,Express
Burundi,454,9.9,454,,454,Express
Burundi,454,10,454,,454,Express
Cambodia,4,0.1,4,14,25,Standard
Cambodia,5,0.2,5,14,25,Standard
Cambodia,6,0.3,6,14,25,Standard
Cambodia,7,0.4,7,14,25,Standard
Cambodia,8,0.5,8,14,25,Standard
Cambodia,10,0.6,10,14,27,Standard
Cambodia,11,0.7,11,14,27,Standard
Cambodia,12,0.8,12,15,27,Standard
Cambodia,13,0.9,13,15,27,Standard
Cambodia,14,1,14,15,27,Standard
Cambodia,15,1.1,15,16,29,Standard
Cambodia,16,1.2,16,16,29,Standard
Cambodia,17,1.3,17,17,29,Standard
Cambodia,17,1.4,17,17,29,Standard
Cambodia,17,1.5,17,17,29,Standard
Cambodia,18,1.6,18,18,30,Standard
Cambodia,18,1.7,18,18,30,Standard
Cambodia,18,1.8,18,18,30,Standard
Cambodia,18,1.9,18,18,30,Standard
Cambodia,18,2,18,18,30,Standard
Cambodia,19,2.1,19,19,32,Standard
Cambodia,19,2.2,19,19,32,Standard
Cambodia,19,2.3,19,19,32,Standard
Cambodia,19,2.4,19,19,32,Standard
Cambodia,19,2.5,19,19,32,Standard
Cambodia,21,2.6,21,21,34,Standard
Cambodia,21,2.7,21,21,34,Standard
Cambodia,21,2.8,21,21,34,Standard
Cambodia,21,2.9,21,21,34,Standard
Cambodia,21,3,21,21,34,Standard
Cambodia,22,3.1,22,22,36,Standard
Cambodia,22,3.2,22,22,36,Standard
Cambodia,22,3.3,22,22,36,Standard
Cambodia,22,3.4,22,22,36,Standard
Cambodia,22,3.5,22,22,36,Standard
Cambodia,24,3.6,24,24,38,Standard
Cambodia,24,3.7,24,24,38,Standard
Cambodia,24,3.8,24,24,38,Standard
Cambodia,24,3.9,24,24,38,Standard
Cambodia,24,4,24,24,38,Standard
Cambodia,26,4.1,26,26,41,Standard
Cambodia,26,4.2,26,26,41,Standard
Cambodia,26,4.3,26,26,41,Standard
Cambodia,26,4.4,26,26,41,Standard
Cambodia,26,4.5,26,26,41,Standard
Cambodia,27,4.6,27,27,43,Standard
Cambodia,27,4.7,27,27,43,Standard
Cambodia,27,4.8,27,27,43,Standard
Cambodia,27,4.9,27,27,43,Standard
Cambodia,27,5,27,27,43,Standard
Cambodia,28,5.1,28,28,78,Standard
Cambodia,28,5.2,28,28,78,Standard
Cambodia,28,5.3,28,28,78,Standard
Cambodia,28,5.4,28,28,78,Standard
Cambodia,28,5.5,28,28,78,Standard
Cambodia,30,5.6,30,30,82,Standard
Cambodia,30,5.7,30,30,82,Standard
Cambodia,30,5.8,30,30,82,Standard
Cambodia,30,5.9,30,30,82,Standard
Cambodia,30,6,30,30,82,Standard
Cambodia,32,6.1,32,32,86,Standard
Cambodia,32,6.2,32,32,86,Standard
Cambodia,32,6.3,32,32,86,Standard
Cambodia,32,6.4,32,32,86,Standard
Cambodia,32,6.5,32,32,86,Standard
Cambodia,33,6.6,33,33,90,Standard
Cambodia,33,6.7,33,33,90,Standard
Cambodia,33,6.8,33,33,90,Standard
Cambodia,33,6.9,33,33,90,Standard
Cambodia,33,7,33,33,90,Standard
Cambodia,35,7.1,35,35,93,Standard
Cambodia,35,7.2,35,35,93,Standard
Cambodia,35,7.3,35,35,93,Standard
Cambodia,35,7.4,35,35,93,Standard
Cambodia,35,7.5,35,35,93,Standard
Cambodia,36,7.6,36,36,97,Standard
Cambodia,36,7.7,36,36,97,Standard
Cambodia,36,7.8,36,36,97,Standard
Cambodia,36,7.9,36,36,97,Standard
Cambodia,36,8,36,36,97,Standard
Cambodia,38,8.1,38,38,100,Standard
Cambodia,38,8.2,38,38,100,Standard
Cambodia,38,8.3,38,38,100,Standard
Cambodia,38,8.4,38,38,100,Standard
Cambodia,38,8.5,38,38,100,Standard
Cambodia,39,8.6,39,39,104,Standard
Cambodia,39,8.7,39,39,104,Standard
Cambodia,39,8.8,39,39,104,Standard
Cambodia,39,8.9,39,39,104,Standard
Cambodia,39,9,39,39,104,Standard
Cambodia,40,9.1,40,40,107,Standard
Cambodia,40,9.2,40,40,107,Standard
Cambodia,40,9.3,40,40,107,Standard
Cambodia,40,9.4,40,40,107,Standard
Cambodia,40,9.5,40,40,107,Standard
Cambodia,42,9.6,42,42,111,Standard
Cambodia,42,9.7,42,42,111,Standard
Cambodia,42,9.8,42,42,111,Standard
Cambodia,42,9.9,42,42,111,Standard
Cambodia,42,10,42,42,111,Standard
Cameroon,47,0.1,47,,47,Express
Cameroon,47,0.2,47,,47,Express
Cameroon,47,0.3,47,,47,Express
Cameroon,48,0.4,48,,48,Express
Cameroon,48,0.5,48,,48,Express
Cameroon,58,0.6,58,,58,Express
Cameroon,58,0.7,58,,58,Express
Cameroon,58,0.8,58,,58,Express
Cameroon,58,0.9,58,,58,Express
Cameroon,58,1,58,,58,Express
Cameroon,69,1.1,69,,69,Express
Cameroon,69,1.2,69,,69,Express
Cameroon,69,1.3,69,,69,Express
Cameroon,69,1.4,69,,69,Express
Cameroon,69,1.5,69,,69,Express
Cameroon,78,1.6,78,,78,Express
Cameroon,78,1.7,78,,78,Express
Cameroon,79,1.8,79,,79,Express
Cameroon,79,1.9,79,,79,Express
Cameroon,79,2,79,,79,Express
Cameroon,89,2.1,89,,89,Express
Cameroon,89,2.2,89,,89,Express
Cameroon,89,2.3,89,,89,Express
Cameroon,89,2.4,89,,89,Express
Cameroon,89,2.5,89,,89,Express
Cameroon,99,2.6,99,,99,Express
Cameroon,100,2.7,100,,100,Express
Cameroon,100,2.8,100,,100,Express
Cameroon,100,2.9,100,,100,Express
Cameroon,100,3,100,,100,Express
Cameroon,110,3.1,110,,110,Express
Cameroon,110,3.2,110,,110,Express
Cameroon,110,3.3,110,,110,Express
Cameroon,110,3.4,110,,110,Express
Cameroon,111,3.5,111,,111,Express
Cameroon,120,3.6,120,,120,Express
Cameroon,120,3.7,120,,120,Express
Cameroon,120,3.8,120,,120,Express
Cameroon,120,3.9,120,,120,Express
Cameroon,120,4,120,,120,Express
Cameroon,130,4.1,130,,130,Express
Cameroon,131,4.2,131,,131,Express
Cameroon,131,4.3,131,,131,Express
Cameroon,131,4.4,131,,131,Express
Cameroon,131,4.5,131,,131,Express
Cameroon,140,4.6,140,,140,Express
Cameroon,140,4.7,140,,140,Express
Cameroon,141,4.8,141,,141,Express
Cameroon,141,4.9,141,,141,Express
Cameroon,141,5,141,,141,Express
Cameroon,293,5.1,293,,293,Express
Cameroon,293,5.2,293,,293,Express
Cameroon,293,5.3,293,,293,Express
Cameroon,293,5.4,293,,293,Express
Cameroon,294,5.5,294,,294,Express
Cameroon,311,5.6,311,,311,Express
Cameroon,311,5.7,311,,311,Express
Cameroon,312,5.8,312,,312,Express
Cameroon,312,5.9,312,,312,Express
Cameroon,312,6,312,,312,Express
Cameroon,330,6.1,330,,330,Express
Cameroon,330,6.2,330,,330,Express
Cameroon,330,6.3,330,,330,Express
Cameroon,330,6.4,330,,330,Express
Cameroon,331,6.5,331,,331,Express
Cameroon,348,6.6,348,,348,Express
Cameroon,348,6.7,348,,348,Express
Cameroon,348,6.8,348,,348,Express
Cameroon,348,6.9,348,,348,Express
Cameroon,349,7,349,,349,Express
Cameroon,366,7.1,366,,366,Express
Cameroon,367,7.2,367,,367,Express
Cameroon,367,7.3,367,,367,Express
Cameroon,367,7.4,367,,367,Express
Cameroon,367,7.5,367,,367,Express
Cameroon,383,7.6,383,,383,Express
Cameroon,383,7.7,383,,383,Express
Cameroon,383,7.8,383,,383,Express
Cameroon,383,7.9,383,,383,Express
Cameroon,384,8,384,,384,Express
Cameroon,399,8.1,399,,399,Express
Cameroon,400,8.2,400,,400,Express
Cameroon,400,8.3,400,,400,Express
Cameroon,400,8.4,400,,400,Express
Cameroon,400,8.5,400,,400,Express
Cameroon,416,8.6,416,,416,Express
Cameroon,416,8.7,416,,416,Express
Cameroon,416,8.8,416,,416,Express
Cameroon,417,8.9,417,,417,Express
Cameroon,417,9,417,,417,Express
Cameroon,433,9.1,433,,433,Express
Cameroon,433,9.2,433,,433,Express
Cameroon,433,9.3,433,,433,Express
Cameroon,433,9.4,433,,433,Express
Cameroon,433,9.5,433,,433,Express
Cameroon,453,9.6,453,,453,Express
Cameroon,453,9.7,453,,453,Express
Cameroon,454,9.8,454,,454,Express
Cameroon,454,9.9,454,,454,Express
Cameroon,454,10,454,,454,Express
Canada,5,0.1,5,17,34,Standard
Canada,6,0.2,6,17,34,Standard
Canada,8,0.3,8,17,34,Standard
Canada,10,0.4,10,17,34,Standard
Canada,11,0.5,11,17,34,Standard
Canada,13,0.6,13,18,41,Standard
Canada,14,0.7,14,18,41,Standard
Canada,16,0.8,16,20,41,Standard
Canada,17,0.9,17,20,41,Standard
Canada,19,1,19,20,41,Standard
Canada,21,1.1,21,21,43,Standard
Canada,21,1.2,21,21,43,Standard
Canada,23,1.3,23,23,43,Standard
Canada,23,1.4,23,23,43,Standard
Canada,23,1.5,23,23,44,Standard
Canada,25,1.6,25,25,48,Standard
Canada,25,1.7,25,25,48,Standard
Canada,27,1.8,27,27,48,Standard
Canada,27,1.9,27,27,48,Standard
Canada,27,2,27,27,49,Standard
Canada,31,2.1,31,31,54,Standard
Canada,31,2.2,31,31,54,Standard
Canada,31,2.3,31,31,54,Standard
Canada,31,2.4,31,31,54,Standard
Canada,31,2.5,31,31,54,Standard
Canada,34,2.6,34,34,61,Standard
Canada,34,2.7,34,34,61,Standard
Canada,34,2.8,34,34,61,Standard
Canada,34,2.9,34,34,61,Standard
Canada,34,3,34,34,61,Standard
Canada,38,3.1,38,38,66,Standard
Canada,38,3.2,38,38,66,Standard
Canada,38,3.3,38,38,66,Standard
Canada,38,3.4,38,38,66,Standard
Canada,38,3.5,38,38,66,Standard
Canada,42,3.6,42,42,71,Standard
Canada,42,3.7,42,42,71,Standard
Canada,42,3.8,42,42,71,Standard
Canada,42,3.9,42,42,71,Standard
Canada,42,4,42,42,71,Standard
Canada,45,4.1,45,45,76,Standard
Canada,45,4.2,45,45,76,Standard
Canada,45,4.3,45,45,76,Standard
Canada,45,4.4,45,45,76,Standard
Canada,45,4.5,45,45,76,Standard
Canada,49,4.6,49,49,81,Standard
Canada,49,4.7,49,49,81,Standard
Canada,49,4.8,49,49,81,Standard
Canada,49,4.9,49,49,81,Standard
Canada,49,5,49,49,81,Standard
Canada,53,5.1,53,53,106,Standard
Canada,53,5.2,53,53,106,Standard
Canada,53,5.3,53,53,106,Standard
Canada,53,5.4,53,53,106,Standard
Canada,53,5.5,53,53,106,Standard
Canada,58,5.6,58,58,112,Standard
Canada,58,5.7,58,58,112,Standard
Canada,58,5.8,58,58,112,Standard
Canada,58,5.9,58,58,112,Standard
Canada,58,6,58,58,112,Standard
Canada,62,6.1,62,62,117,Standard
Canada,62,6.2,62,62,118,Standard
Canada,62,6.3,62,62,118,Standard
Canada,62,6.4,62,62,118,Standard
Canada,62,6.5,62,62,118,Standard
Canada,66,6.6,66,66,123,Standard
Canada,66,6.7,66,66,124,Standard
Canada,66,6.8,66,66,124,Standard
Canada,66,6.9,66,66,124,Standard
Canada,66,7,66,66,124,Standard
Canada,70,7.1,70,70,128,Standard
Canada,70,7.2,70,70,129,Standard
Canada,70,7.3,70,70,129,Standard
Canada,70,7.4,70,70,129,Standard
Canada,70,7.5,70,70,129,Standard
Canada,74,7.6,74,74,134,Standard
Canada,74,7.7,74,74,134,Standard
Canada,74,7.8,74,74,135,Standard
Canada,74,7.9,74,74,135,Standard
Canada,74,8,74,74,135,Standard
Canada,78,8.1,78,78,140,Standard
Canada,78,8.2,78,78,140,Standard
Canada,78,8.3,78,78,140,Standard
Canada,78,8.4,78,78,140,Standard
Canada,78,8.5,78,78,140,Standard
Canada,82,8.6,82,82,146,Standard
Canada,82,8.7,82,82,146,Standard
Canada,82,8.8,82,82,146,Standard
Canada,82,8.9,82,82,146,Standard
Canada,82,9,82,82,146,Standard
Canada,87,9.1,87,87,152,Standard
Canada,87,9.2,87,87,152,Standard
Canada,87,9.3,87,87,152,Standard
Canada,87,9.4,87,87,152,Standard
Canada,87,9.5,87,87,152,Standard
Canada,92,9.6,92,92,158,Standard
Canada,92,9.7,92,92,158,Standard
Canada,92,9.8,92,92,158,Standard
Canada,92,9.9,92,92,158,Standard
Canada,92,10,92,92,158,Standard
Canary Islands,32,0.1,32,,32,Express
Canary Islands,32,0.2,32,,32,Express
Canary Islands,32,0.3,32,,32,Express
Canary Islands,32,0.4,32,,32,Express
Canary Islands,32,0.5,32,,32,Express
Canary Islands,44,0.6,44,,44,Express
Canary Islands,44,0.7,44,,44,Express
Canary Islands,44,0.8,44,,44,Express
Canary Islands,44,0.9,44,,44,Express
Canary Islands,44,1,44,,44,Express
Canary Islands,52,1.1,52,,52,Express
Canary Islands,52,1.2,52,,52,Express
Canary Islands,52,1.3,52,,52,Express
Canary Islands,52,1.4,52,,52,Express
Canary Islands,52,1.5,52,,52,Express
Canary Islands,59,1.6,59,,59,Express
Canary Islands,59,1.7,59,,59,Express
Canary Islands,59,1.8,59,,59,Express
Canary Islands,59,1.9,59,,59,Express
Canary Islands,59,2,59,,59,Express
Canary Islands,66,2.1,66,,66,Express
Canary Islands,66,2.2,66,,66,Express
Canary Islands,66,2.3,66,,66,Express
Canary Islands,66,2.4,66,,66,Express
Canary Islands,66,2.5,66,,66,Express
Canary Islands,69,2.6,69,,69,Express
Canary Islands,69,2.7,69,,69,Express
Canary Islands,69,2.8,69,,69,Express
Canary Islands,69,2.9,69,,69,Express
Canary Islands,69,3,69,,69,Express
Canary Islands,76,3.1,76,,76,Express
Canary Islands,76,3.2,76,,76,Express
Canary Islands,76,3.3,76,,76,Express
Canary Islands,76,3.4,76,,76,Express
Canary Islands,76,3.5,76,,76,Express
Canary Islands,84,3.6,84,,84,Express
Canary Islands,84,3.7,84,,84,Express
Canary Islands,84,3.8,84,,84,Express
Canary Islands,84,3.9,84,,84,Express
Canary Islands,84,4,84,,84,Express
Canary Islands,90,4.1,90,,90,Express
Canary Islands,90,4.2,90,,90,Express
Canary Islands,90,4.3,90,,90,Express
Canary Islands,90,4.4,90,,90,Express
Canary Islands,90,4.5,90,,90,Express
Canary Islands,99,4.6,99,,99,Express
Canary Islands,99,4.7,99,,99,Express
Canary Islands,99,4.8,99,,99,Express
Canary Islands,99,4.9,99,,99,Express
Canary Islands,99,5,99,,99,Express
Canary Islands,213,5.1,213,,213,Express
Canary Islands,213,5.2,213,,213,Express
Canary Islands,213,5.3,213,,213,Express
Canary Islands,213,5.4,213,,213,Express
Canary Islands,213,5.5,213,,213,Express
Canary Islands,228,5.6,228,,228,Express
Canary Islands,228,5.7,228,,228,Express
Canary Islands,228,5.8,228,,228,Express
Canary Islands,228,5.9,228,,228,Express
Canary Islands,228,6,228,,228,Express
Canary Islands,243,6.1,243,,243,Express
Canary Islands,243,6.2,243,,243,Express
Canary Islands,243,6.3,243,,243,Express
Canary Islands,243,6.4,243,,243,Express
Canary Islands,243,6.5,243,,243,Express
Canary Islands,258,6.6,258,,258,Express
Canary Islands,258,6.7,258,,258,Express
Canary Islands,258,6.8,258,,258,Express
Canary Islands,258,6.9,258,,258,Express
Canary Islands,258,7,258,,258,Express
Canary Islands,273,7.1,273,,273,Express
Canary Islands,273,7.2,273,,273,Express
Canary Islands,273,7.3,273,,273,Express
Canary Islands,273,7.4,273,,273,Express
Canary Islands,273,7.5,273,,273,Express
Canary Islands,287,7.6,287,,287,Express
Canary Islands,287,7.7,287,,287,Express
Canary Islands,287,7.8,287,,287,Express
Canary Islands,287,7.9,287,,287,Express
Canary Islands,287,8,287,,287,Express
Canary Islands,301,8.1,301,,301,Express
Canary Islands,301,8.2,301,,301,Express
Canary Islands,301,8.3,301,,301,Express
Canary Islands,301,8.4,301,,301,Express
Canary Islands,301,8.5,301,,301,Express
Canary Islands,315,8.6,315,,315,Express
Canary Islands,315,8.7,315,,315,Express
Canary Islands,315,8.8,315,,315,Express
Canary Islands,315,8.9,315,,315,Express
Canary Islands,315,9,315,,315,Express
Canary Islands,328,9.1,328,,328,Express
Canary Islands,328,9.2,328,,328,Express
Canary Islands,328,9.3,328,,328,Express
Canary Islands,328,9.4,328,,328,Express
Canary Islands,328,9.5,328,,328,Express
Canary Islands,337,9.6,337,,337,Express
Canary Islands,337,9.7,337,,337,Express
Canary Islands,337,9.8,337,,337,Express
Canary Islands,337,9.9,337,,337,Express
Canary Islands,337,10,337,,337,Express
Cape Verde,47,0.1,47,,47,Express
Cape Verde,47,0.2,47,,47,Express
Cape Verde,47,0.3,47,,47,Express
Cape Verde,48,0.4,48,,48,Express
Cape Verde,48,0.5,48,,48,Express
Cape Verde,58,0.6,58,,58,Express
Cape Verde,58,0.7,58,,58,Express
Cape Verde,58,0.8,58,,58,Express
Cape Verde,58,0.9,58,,58,Express
Cape Verde,58,1,58,,58,Express
Cape Verde,69,1.1,69,,69,Express
Cape Verde,69,1.2,69,,69,Express
Cape Verde,69,1.3,69,,69,Express
Cape Verde,69,1.4,69,,69,Express
Cape Verde,69,1.5,69,,69,Express
Cape Verde,78,1.6,78,,78,Express
Cape Verde,78,1.7,78,,78,Express
Cape Verde,79,1.8,79,,79,Express
Cape Verde,79,1.9,79,,79,Express
Cape Verde,79,2,79,,79,Express
Cape Verde,89,2.1,89,,89,Express
Cape Verde,89,2.2,89,,89,Express
Cape Verde,89,2.3,89,,89,Express
Cape Verde,89,2.4,89,,89,Express
Cape Verde,89,2.5,89,,89,Express
Cape Verde,99,2.6,99,,99,Express
Cape Verde,100,2.7,100,,100,Express
Cape Verde,100,2.8,100,,100,Express
Cape Verde,100,2.9,100,,100,Express
Cape Verde,100,3,100,,100,Express
Cape Verde,110,3.1,110,,110,Express
Cape Verde,110,3.2,110,,110,Express
Cape Verde,110,3.3,110,,110,Express
Cape Verde,110,3.4,110,,110,Express
Cape Verde,111,3.5,111,,111,Express
Cape Verde,120,3.6,120,,120,Express
Cape Verde,120,3.7,120,,120,Express
Cape Verde,120,3.8,120,,120,Express
Cape Verde,120,3.9,120,,120,Express
Cape Verde,120,4,120,,120,Express
Cape Verde,130,4.1,130,,130,Express
Cape Verde,131,4.2,131,,131,Express
Cape Verde,131,4.3,131,,131,Express
Cape Verde,131,4.4,131,,131,Express
Cape Verde,131,4.5,131,,131,Express
Cape Verde,140,4.6,140,,140,Express
Cape Verde,140,4.7,140,,140,Express
Cape Verde,141,4.8,141,,141,Express
Cape Verde,141,4.9,141,,141,Express
Cape Verde,141,5,141,,141,Express
Cape Verde,293,5.1,293,,293,Express
Cape Verde,293,5.2,293,,293,Express
Cape Verde,293,5.3,293,,293,Express
Cape Verde,293,5.4,293,,293,Express
Cape Verde,294,5.5,294,,294,Express
Cape Verde,311,5.6,311,,311,Express
Cape Verde,311,5.7,311,,311,Express
Cape Verde,312,5.8,312,,312,Express
Cape Verde,312,5.9,312,,312,Express
Cape Verde,312,6,312,,312,Express
Cape Verde,330,6.1,330,,330,Express
Cape Verde,330,6.2,330,,330,Express
Cape Verde,330,6.3,330,,330,Express
Cape Verde,330,6.4,330,,330,Express
Cape Verde,331,6.5,331,,331,Express
Cape Verde,348,6.6,348,,348,Express
Cape Verde,348,6.7,348,,348,Express
Cape Verde,348,6.8,348,,348,Express
Cape Verde,348,6.9,348,,348,Express
Cape Verde,349,7,349,,349,Express
Cape Verde,366,7.1,366,,366,Express
Cape Verde,367,7.2,367,,367,Express
Cape Verde,367,7.3,367,,367,Express
Cape Verde,367,7.4,367,,367,Express
Cape Verde,367,7.5,367,,367,Express
Cape Verde,383,7.6,383,,383,Express
Cape Verde,383,7.7,383,,383,Express
Cape Verde,383,7.8,383,,383,Express
Cape Verde,383,7.9,383,,383,Express
Cape Verde,384,8,384,,384,Express
Cape Verde,399,8.1,399,,399,Express
Cape Verde,400,8.2,400,,400,Express
Cape Verde,400,8.3,400,,400,Express
Cape Verde,400,8.4,400,,400,Express
Cape Verde,400,8.5,400,,400,Express
Cape Verde,416,8.6,416,,416,Express
Cape Verde,416,8.7,416,,416,Express
Cape Verde,416,8.8,416,,416,Express
Cape Verde,417,8.9,417,,417,Express
Cape Verde,417,9,417,,417,Express
Cape Verde,433,9.1,433,,433,Express
Cape Verde,433,9.2,433,,433,Express
Cape Verde,433,9.3,433,,433,Express
Cape Verde,433,9.4,433,,433,Express
Cape Verde,433,9.5,433,,433,Express
Cape Verde,453,9.6,453,,453,Express
Cape Verde,453,9.7,453,,453,Express
Cape Verde,454,9.8,454,,454,Express
Cape Verde,454,9.9,454,,454,Express
Cape Verde,454,10,454,,454,Express
Cayman Islands,47,0.1,47,,47,Express
Cayman Islands,47,0.2,47,,47,Express
Cayman Islands,47,0.3,47,,47,Express
Cayman Islands,48,0.4,48,,48,Express
Cayman Islands,48,0.5,48,,48,Express
Cayman Islands,58,0.6,58,,58,Express
Cayman Islands,58,0.7,58,,58,Express
Cayman Islands,58,0.8,58,,58,Express
Cayman Islands,58,0.9,58,,58,Express
Cayman Islands,58,1,58,,58,Express
Cayman Islands,69,1.1,69,,69,Express
Cayman Islands,69,1.2,69,,69,Express
Cayman Islands,69,1.3,69,,69,Express
Cayman Islands,69,1.4,69,,69,Express
Cayman Islands,69,1.5,69,,69,Express
Cayman Islands,78,1.6,78,,78,Express
Cayman Islands,78,1.7,78,,78,Express
Cayman Islands,79,1.8,79,,79,Express
Cayman Islands,79,1.9,79,,79,Express
Cayman Islands,79,2,79,,79,Express
Cayman Islands,89,2.1,89,,89,Express
Cayman Islands,89,2.2,89,,89,Express
Cayman Islands,89,2.3,89,,89,Express
Cayman Islands,89,2.4,89,,89,Express
Cayman Islands,89,2.5,89,,89,Express
Cayman Islands,99,2.6,99,,99,Express
Cayman Islands,100,2.7,100,,100,Express
Cayman Islands,100,2.8,100,,100,Express
Cayman Islands,100,2.9,100,,100,Express
Cayman Islands,100,3,100,,100,Express
Cayman Islands,110,3.1,110,,110,Express
Cayman Islands,110,3.2,110,,110,Express
Cayman Islands,110,3.3,110,,110,Express
Cayman Islands,110,3.4,110,,110,Express
Cayman Islands,111,3.5,111,,111,Express
Cayman Islands,120,3.6,120,,120,Express
Cayman Islands,120,3.7,120,,120,Express
Cayman Islands,120,3.8,120,,120,Express
Cayman Islands,120,3.9,120,,120,Express
Cayman Islands,120,4,120,,120,Express
Cayman Islands,130,4.1,130,,130,Express
Cayman Islands,131,4.2,131,,131,Express
Cayman Islands,131,4.3,131,,131,Express
Cayman Islands,131,4.4,131,,131,Express
Cayman Islands,131,4.5,131,,131,Express
Cayman Islands,140,4.6,140,,140,Express
Cayman Islands,140,4.7,140,,140,Express
Cayman Islands,141,4.8,141,,141,Express
Cayman Islands,141,4.9,141,,141,Express
Cayman Islands,141,5,141,,141,Express
Cayman Islands,293,5.1,293,,293,Express
Cayman Islands,293,5.2,293,,293,Express
Cayman Islands,293,5.3,293,,293,Express
Cayman Islands,293,5.4,293,,293,Express
Cayman Islands,294,5.5,294,,294,Express
Cayman Islands,311,5.6,311,,311,Express
Cayman Islands,311,5.7,311,,311,Express
Cayman Islands,312,5.8,312,,312,Express
Cayman Islands,312,5.9,312,,312,Express
Cayman Islands,312,6,312,,312,Express
Cayman Islands,330,6.1,330,,330,Express
Cayman Islands,330,6.2,330,,330,Express
Cayman Islands,330,6.3,330,,330,Express
Cayman Islands,330,6.4,330,,330,Express
Cayman Islands,331,6.5,331,,331,Express
Cayman Islands,348,6.6,348,,348,Express
Cayman Islands,348,6.7,348,,348,Express
Cayman Islands,348,6.8,348,,348,Express
Cayman Islands,348,6.9,348,,348,Express
Cayman Islands,349,7,349,,349,Express
Cayman Islands,366,7.1,366,,366,Express
Cayman Islands,367,7.2,367,,367,Express
Cayman Islands,367,7.3,367,,367,Express
Cayman Islands,367,7.4,367,,367,Express
Cayman Islands,367,7.5,367,,367,Express
Cayman Islands,383,7.6,383,,383,Express
Cayman Islands,383,7.7,383,,383,Express
Cayman Islands,383,7.8,383,,383,Express
Cayman Islands,383,7.9,383,,383,Express
Cayman Islands,384,8,384,,384,Express
Cayman Islands,399,8.1,399,,399,Express
Cayman Islands,400,8.2,400,,400,Express
Cayman Islands,400,8.3,400,,400,Express
Cayman Islands,400,8.4,400,,400,Express
Cayman Islands,400,8.5,400,,400,Express
Cayman Islands,416,8.6,416,,416,Express
Cayman Islands,416,8.7,416,,416,Express
Cayman Islands,416,8.8,416,,416,Express
Cayman Islands,417,8.9,417,,417,Express
Cayman Islands,417,9,417,,417,Express
Cayman Islands,433,9.1,433,,433,Express
Cayman Islands,433,9.2,433,,433,Express
Cayman Islands,433,9.3,433,,433,Express
Cayman Islands,433,9.4,433,,433,Express
Cayman Islands,433,9.5,433,,433,Express
Cayman Islands,453,9.6,453,,453,Express
Cayman Islands,453,9.7,453,,453,Express
Cayman Islands,454,9.8,454,,454,Express
Cayman Islands,454,9.9,454,,454,Express
Cayman Islands,454,10,454,,454,Express
Central African Republic,47,0.1,47,,47,Express
Central African Republic,47,0.2,47,,47,Express
Central African Republic,47,0.3,47,,47,Express
Central African Republic,48,0.4,48,,48,Express
Central African Republic,48,0.5,48,,48,Express
Central African Republic,58,0.6,58,,58,Express
Central African Republic,58,0.7,58,,58,Express
Central African Republic,58,0.8,58,,58,Express
Central African Republic,58,0.9,58,,58,Express
Central African Republic,58,1,58,,58,Express
Central African Republic,69,1.1,69,,69,Express
Central African Republic,69,1.2,69,,69,Express
Central African Republic,69,1.3,69,,69,Express
Central African Republic,69,1.4,69,,69,Express
Central African Republic,69,1.5,69,,69,Express
Central African Republic,78,1.6,78,,78,Express
Central African Republic,78,1.7,78,,78,Express
Central African Republic,79,1.8,79,,79,Express
Central African Republic,79,1.9,79,,79,Express
Central African Republic,79,2,79,,79,Express
Central African Republic,89,2.1,89,,89,Express
Central African Republic,89,2.2,89,,89,Express
Central African Republic,89,2.3,89,,89,Express
Central African Republic,89,2.4,89,,89,Express
Central African Republic,89,2.5,89,,89,Express
Central African Republic,99,2.6,99,,99,Express
Central African Republic,100,2.7,100,,100,Express
Central African Republic,100,2.8,100,,100,Express
Central African Republic,100,2.9,100,,100,Express
Central African Republic,100,3,100,,100,Express
Central African Republic,110,3.1,110,,110,Express
Central African Republic,110,3.2,110,,110,Express
Central African Republic,110,3.3,110,,110,Express
Central African Republic,110,3.4,110,,110,Express
Central African Republic,111,3.5,111,,111,Express
Central African Republic,120,3.6,120,,120,Express
Central African Republic,120,3.7,120,,120,Express
Central African Republic,120,3.8,120,,120,Express
Central African Republic,120,3.9,120,,120,Express
Central African Republic,120,4,120,,120,Express
Central African Republic,130,4.1,130,,130,Express
Central African Republic,131,4.2,131,,131,Express
Central African Republic,131,4.3,131,,131,Express
Central African Republic,131,4.4,131,,131,Express
Central African Republic,131,4.5,131,,131,Express
Central African Republic,140,4.6,140,,140,Express
Central African Republic,140,4.7,140,,140,Express
Central African Republic,141,4.8,141,,141,Express
Central African Republic,141,4.9,141,,141,Express
Central African Republic,141,5,141,,141,Express
Central African Republic,293,5.1,293,,293,Express
Central African Republic,293,5.2,293,,293,Express
Central African Republic,293,5.3,293,,293,Express
Central African Republic,293,5.4,293,,293,Express
Central African Republic,294,5.5,294,,294,Express
Central African Republic,311,5.6,311,,311,Express
Central African Republic,311,5.7,311,,311,Express
Central African Republic,312,5.8,312,,312,Express
Central African Republic,312,5.9,312,,312,Express
Central African Republic,312,6,312,,312,Express
Central African Republic,330,6.1,330,,330,Express
Central African Republic,330,6.2,330,,330,Express
Central African Republic,330,6.3,330,,330,Express
Central African Republic,330,6.4,330,,330,Express
Central African Republic,331,6.5,331,,331,Express
Central African Republic,348,6.6,348,,348,Express
Central African Republic,348,6.7,348,,348,Express
Central African Republic,348,6.8,348,,348,Express
Central African Republic,348,6.9,348,,348,Express
Central African Republic,349,7,349,,349,Express
Central African Republic,366,7.1,366,,366,Express
Central African Republic,367,7.2,367,,367,Express
Central African Republic,367,7.3,367,,367,Express
Central African Republic,367,7.4,367,,367,Express
Central African Republic,367,7.5,367,,367,Express
Central African Republic,383,7.6,383,,383,Express
Central African Republic,383,7.7,383,,383,Express
Central African Republic,383,7.8,383,,383,Express
Central African Republic,383,7.9,383,,383,Express
Central African Republic,384,8,384,,384,Express
Central African Republic,399,8.1,399,,399,Express
Central African Republic,400,8.2,400,,400,Express
Central African Republic,400,8.3,400,,400,Express
Central African Republic,400,8.4,400,,400,Express
Central African Republic,400,8.5,400,,400,Express
Central African Republic,416,8.6,416,,416,Express
Central African Republic,416,8.7,416,,416,Express
Central African Republic,416,8.8,416,,416,Express
Central African Republic,417,8.9,417,,417,Express
Central African Republic,417,9,417,,417,Express
Central African Republic,433,9.1,433,,433,Express
Central African Republic,433,9.2,433,,433,Express
Central African Republic,433,9.3,433,,433,Express
Central African Republic,433,9.4,433,,433,Express
Central African Republic,433,9.5,433,,433,Express
Central African Republic,453,9.6,453,,453,Express
Central African Republic,453,9.7,453,,453,Express
Central African Republic,454,9.8,454,,454,Express
Central African Republic,454,9.9,454,,454,Express
Central African Republic,454,10,454,,454,Express
Chad,47,0.1,47,,47,Express
Chad,47,0.2,47,,47,Express
Chad,47,0.3,47,,47,Express
Chad,48,0.4,48,,48,Express
Chad,48,0.5,48,,48,Express
Chad,58,0.6,58,,58,Express
Chad,58,0.7,58,,58,Express
Chad,58,0.8,58,,58,Express
Chad,58,0.9,58,,58,Express
Chad,58,1,58,,58,Express
Chad,69,1.1,69,,69,Express
Chad,69,1.2,69,,69,Express
Chad,69,1.3,69,,69,Express
Chad,69,1.4,69,,69,Express
Chad,69,1.5,69,,69,Express
Chad,78,1.6,78,,78,Express
Chad,78,1.7,78,,78,Express
Chad,79,1.8,79,,79,Express
Chad,79,1.9,79,,79,Express
Chad,79,2,79,,79,Express
Chad,89,2.1,89,,89,Express
Chad,89,2.2,89,,89,Express
Chad,89,2.3,89,,89,Express
Chad,89,2.4,89,,89,Express
Chad,89,2.5,89,,89,Express
Chad,99,2.6,99,,99,Express
Chad,100,2.7,100,,100,Express
Chad,100,2.8,100,,100,Express
Chad,100,2.9,100,,100,Express
Chad,100,3,100,,100,Express
Chad,110,3.1,110,,110,Express
Chad,110,3.2,110,,110,Express
Chad,110,3.3,110,,110,Express
Chad,110,3.4,110,,110,Express
Chad,111,3.5,111,,111,Express
Chad,120,3.6,120,,120,Express
Chad,120,3.7,120,,120,Express
Chad,120,3.8,120,,120,Express
Chad,120,3.9,120,,120,Express
Chad,120,4,120,,120,Express
Chad,130,4.1,130,,130,Express
Chad,131,4.2,131,,131,Express
Chad,131,4.3,131,,131,Express
Chad,131,4.4,131,,131,Express
Chad,131,4.5,131,,131,Express
Chad,140,4.6,140,,140,Express
Chad,140,4.7,140,,140,Express
Chad,141,4.8,141,,141,Express
Chad,141,4.9,141,,141,Express
Chad,141,5,141,,141,Express
Chad,293,5.1,293,,293,Express
Chad,293,5.2,293,,293,Express
Chad,293,5.3,293,,293,Express
Chad,293,5.4,293,,293,Express
Chad,294,5.5,294,,294,Express
Chad,311,5.6,311,,311,Express
Chad,311,5.7,311,,311,Express
Chad,312,5.8,312,,312,Express
Chad,312,5.9,312,,312,Express
Chad,312,6,312,,312,Express
Chad,330,6.1,330,,330,Express
Chad,330,6.2,330,,330,Express
Chad,330,6.3,330,,330,Express
Chad,330,6.4,330,,330,Express
Chad,331,6.5,331,,331,Express
Chad,348,6.6,348,,348,Express
Chad,348,6.7,348,,348,Express
Chad,348,6.8,348,,348,Express
Chad,348,6.9,348,,348,Express
Chad,349,7,349,,349,Express
Chad,366,7.1,366,,366,Express
Chad,367,7.2,367,,367,Express
Chad,367,7.3,367,,367,Express
Chad,367,7.4,367,,367,Express
Chad,367,7.5,367,,367,Express
Chad,383,7.6,383,,383,Express
Chad,383,7.7,383,,383,Express
Chad,383,7.8,383,,383,Express
Chad,383,7.9,383,,383,Express
Chad,384,8,384,,384,Express
Chad,399,8.1,399,,399,Express
Chad,400,8.2,400,,400,Express
Chad,400,8.3,400,,400,Express
Chad,400,8.4,400,,400,Express
Chad,400,8.5,400,,400,Express
Chad,416,8.6,416,,416,Express
Chad,416,8.7,416,,416,Express
Chad,416,8.8,416,,416,Express
Chad,417,8.9,417,,417,Express
Chad,417,9,417,,417,Express
Chad,433,9.1,433,,433,Express
Chad,433,9.2,433,,433,Express
Chad,433,9.3,433,,433,Express
Chad,433,9.4,433,,433,Express
Chad,433,9.5,433,,433,Express
Chad,453,9.6,453,,453,Express
Chad,453,9.7,453,,453,Express
Chad,454,9.8,454,,454,Express
Chad,454,9.9,454,,454,Express
Chad,454,10,454,,454,Express
Chile,5,0.1,5,23,32,Standard
Chile,8,0.2,8,23,32,Standard
Chile,10,0.3,10,23,33,Standard
Chile,13,0.4,13,23,33,Standard
Chile,15,0.5,15,23,33,Standard
Chile,18,0.6,18,25,45,Standard
Chile,20,0.7,20,25,45,Standard
Chile,23,0.8,23,27,46,Standard
Chile,25,0.9,25,27,46,Standard
Chile,27,1,27,27,46,Standard
Chile,29,1.1,29,29,54,Standard
Chile,29,1.2,29,29,54,Standard
Chile,31,1.3,31,31,54,Standard
Chile,31,1.4,31,31,54,Standard
Chile,31,1.5,31,31,54,Standard
Chile,33,1.6,33,33,62,Standard
Chile,33,1.7,33,33,62,Standard
Chile,35,1.8,35,35,62,Standard
Chile,35,1.9,35,35,62,Standard
Chile,35,2,35,35,62,Standard
Chile,38,2.1,38,38,70,Standard
Chile,38,2.2,38,38,70,Standard
Chile,38,2.3,38,38,70,Standard
Chile,38,2.4,38,38,70,Standard
Chile,38,2.5,38,38,70,Standard
Chile,42,2.6,42,42,74,Standard
Chile,42,2.7,42,42,74,Standard
Chile,42,2.8,42,42,75,Standard
Chile,42,2.9,42,42,75,Standard
Chile,42,3,42,42,75,Standard
Chile,48,3.1,48,48,82,Standard
Chile,48,3.2,48,48,82,Standard
Chile,48,3.3,48,48,82,Standard
Chile,48,3.4,48,48,83,Standard
Chile,48,3.5,48,48,83,Standard
Chile,54,3.6,54,54,90,Standard
Chile,54,3.7,54,54,91,Standard
Chile,54,3.8,54,54,91,Standard
Chile,54,3.9,54,54,91,Standard
Chile,54,4,54,54,91,Standard
Chile,59,4.1,59,59,98,Standard
Chile,59,4.2,59,59,98,Standard
Chile,59,4.3,59,59,98,Standard
Chile,59,4.4,59,59,98,Standard
Chile,59,4.5,59,59,99,Standard
Chile,65,4.6,65,65,108,Standard
Chile,65,4.7,65,65,108,Standard
Chile,65,4.8,65,65,108,Standard
Chile,65,4.9,65,65,108,Standard
Chile,65,5,65,65,109,Standard
Chile,71,5.1,71,71,223,Standard
Chile,71,5.2,71,71,223,Standard
Chile,71,5.3,71,71,223,Standard
Chile,71,5.4,71,71,224,Standard
Chile,71,5.5,71,71,224,Standard
Chile,76,5.6,76,76,239,Standard
Chile,76,5.7,76,76,239,Standard
Chile,76,5.8,76,76,239,Standard
Chile,76,5.9,76,76,239,Standard
Chile,76,6,76,76,239,Standard
Chile,82,6.1,82,82,255,Standard
Chile,82,6.2,82,82,255,Standard
Chile,82,6.3,82,82,255,Standard
Chile,82,6.4,82,82,255,Standard
Chile,82,6.5,82,82,255,Standard
Chile,87,6.6,87,87,270,Standard
Chile,87,6.7,87,87,271,Standard
Chile,87,6.8,87,87,271,Standard
Chile,87,6.9,87,87,271,Standard
Chile,87,7,87,87,271,Standard
Chile,93,7.1,93,93,286,Standard
Chile,93,7.2,93,93,286,Standard
Chile,93,7.3,93,93,287,Standard
Chile,93,7.4,93,93,287,Standard
Chile,93,7.5,93,93,287,Standard
Chile,99,7.6,99,99,301,Standard
Chile,99,7.7,99,99,301,Standard
Chile,99,7.8,99,99,301,Standard
Chile,99,7.9,99,99,302,Standard
Chile,99,8,99,99,302,Standard
Chile,104,8.1,104,104,316,Standard
Chile,104,8.2,104,104,316,Standard
Chile,104,8.3,104,104,316,Standard
Chile,104,8.4,104,104,317,Standard
Chile,104,8.5,104,104,317,Standard
Chile,110,8.6,110,110,331,Standard
Chile,110,8.7,110,110,331,Standard
Chile,110,8.8,110,110,331,Standard
Chile,110,8.9,110,110,332,Standard
Chile,110,9,110,110,332,Standard
Chile,115,9.1,115,115,346,Standard
Chile,115,9.2,115,115,346,Standard
Chile,115,9.3,115,115,346,Standard
Chile,115,9.4,115,115,346,Standard
Chile,115,9.5,115,115,347,Standard
Chile,122,9.6,122,122,355,Standard
Chile,122,9.7,122,122,356,Standard
Chile,122,9.8,122,122,356,Standard
Chile,122,9.9,122,122,356,Standard
Chile,122,10,122,122,356,Standard
China,3,0.1,3,10,25,Standard
China,4,0.2,4,10,25,Standard
China,5,0.3,5,10,25,Standard
China,6,0.4,6,10,25,Standard
China,7,0.5,7,10,25,Standard
China,8,0.6,8,10,26,Standard
China,9,0.7,9,10,26,Standard
China,9,0.8,9,11,26,Standard
China,10,0.9,10,11,26,Standard
China,11,1,11,11,26,Standard
China,11,1.1,11,12,28,Standard
China,12,1.2,12,12,28,Standard
China,13,1.3,13,13,28,Standard
China,13,1.4,13,13,28,Standard
China,13,1.5,13,13,28,Standard
China,14,1.6,14,14,30,Standard
China,14,1.7,14,14,30,Standard
China,15,1.8,15,15,30,Standard
China,15,1.9,15,15,30,Standard
China,15,2,15,15,30,Standard
China,15,2.1,15,15,32,Standard
China,15,2.2,15,15,32,Standard
China,15,2.3,15,15,32,Standard
China,15,2.4,15,15,32,Standard
China,15,2.5,15,15,32,Standard
China,17,2.6,17,17,34,Standard
China,17,2.7,17,17,34,Standard
China,17,2.8,17,17,34,Standard
China,17,2.9,17,17,34,Standard
China,17,3,17,17,34,Standard
China,18,3.1,18,18,36,Standard
China,18,3.2,18,18,36,Standard
China,18,3.3,18,18,36,Standard
China,18,3.4,18,18,36,Standard
China,18,3.5,18,18,36,Standard
China,19,3.6,19,19,38,Standard
China,19,3.7,19,19,38,Standard
China,19,3.8,19,19,38,Standard
China,19,3.9,19,19,38,Standard
China,19,4,19,19,38,Standard
China,20,4.1,20,20,41,Standard
China,20,4.2,20,20,41,Standard
China,20,4.3,20,20,41,Standard
China,20,4.4,20,20,41,Standard
China,20,4.5,20,20,41,Standard
China,21,4.6,21,21,42,Standard
China,21,4.7,21,21,42,Standard
China,21,4.8,21,21,42,Standard
China,21,4.9,21,21,42,Standard
China,21,5,21,21,42,Standard
China,23,5.1,23,23,67,Standard
China,23,5.2,23,23,67,Standard
China,23,5.3,23,23,67,Standard
China,23,5.4,23,23,67,Standard
China,23,5.5,23,23,67,Standard
China,25,5.6,25,25,70,Standard
China,25,5.7,25,25,70,Standard
China,25,5.8,25,25,70,Standard
China,25,5.9,25,25,70,Standard
China,25,6,25,25,70,Standard
China,26,6.1,26,26,72,Standard
China,26,6.2,26,26,72,Standard
China,26,6.3,26,26,72,Standard
China,26,6.4,26,26,72,Standard
China,26,6.5,26,26,72,Standard
China,27,6.6,27,27,74,Standard
China,27,6.7,27,27,74,Standard
China,27,6.8,27,27,74,Standard
China,27,6.9,27,27,74,Standard
China,27,7,27,27,74,Standard
China,28,7.1,28,28,76,Standard
China,28,7.2,28,28,76,Standard
China,28,7.3,28,28,76,Standard
China,28,7.4,28,28,76,Standard
China,28,7.5,28,28,76,Standard
China,29,7.6,29,29,78,Standard
China,29,7.7,29,29,78,Standard
China,29,7.8,29,29,78,Standard
China,29,7.9,29,29,78,Standard
China,29,8,29,29,78,Standard
China,30,8.1,30,30,81,Standard
China,30,8.2,30,30,81,Standard
China,30,8.3,30,30,81,Standard
China,30,8.4,30,30,81,Standard
China,30,8.5,30,30,81,Standard
China,31,8.6,31,31,83,Standard
China,31,8.7,31,31,83,Standard
China,31,8.8,31,31,83,Standard
China,31,8.9,31,31,83,Standard
China,31,9,31,31,83,Standard
China,32,9.1,32,32,85,Standard
China,32,9.2,32,32,85,Standard
China,32,9.3,32,32,85,Standard
China,32,9.4,32,32,85,Standard
China,32,9.5,32,32,85,Standard
China,33,9.6,33,33,87,Standard
China,33,9.7,33,33,87,Standard
China,33,9.8,33,33,87,Standard
China,33,9.9,33,33,87,Standard
China,33,10,33,33,87,Standard
Colombia,47,0.1,47,,47,Express
Colombia,47,0.2,47,,47,Express
Colombia,47,0.3,47,,47,Express
Colombia,48,0.4,48,,48,Express
Colombia,48,0.5,48,,48,Express
Colombia,58,0.6,58,,58,Express
Colombia,58,0.7,58,,58,Express
Colombia,58,0.8,58,,58,Express
Colombia,58,0.9,58,,58,Express
Colombia,58,1,58,,58,Express
Colombia,69,1.1,69,,69,Express
Colombia,69,1.2,69,,69,Express
Colombia,69,1.3,69,,69,Express
Colombia,69,1.4,69,,69,Express
Colombia,69,1.5,69,,69,Express
Colombia,78,1.6,78,,78,Express
Colombia,78,1.7,78,,78,Express
Colombia,79,1.8,79,,79,Express
Colombia,79,1.9,79,,79,Express
Colombia,79,2,79,,79,Express
Colombia,89,2.1,89,,89,Express
Colombia,89,2.2,89,,89,Express
Colombia,89,2.3,89,,89,Express
Colombia,89,2.4,89,,89,Express
Colombia,89,2.5,89,,89,Express
Colombia,99,2.6,99,,99,Express
Colombia,100,2.7,100,,100,Express
Colombia,100,2.8,100,,100,Express
Colombia,100,2.9,100,,100,Express
Colombia,100,3,100,,100,Express
Colombia,110,3.1,110,,110,Express
Colombia,110,3.2,110,,110,Express
Colombia,110,3.3,110,,110,Express
Colombia,110,3.4,110,,110,Express
Colombia,111,3.5,111,,111,Express
Colombia,120,3.6,120,,120,Express
Colombia,120,3.7,120,,120,Express
Colombia,120,3.8,120,,120,Express
Colombia,120,3.9,120,,120,Express
Colombia,120,4,120,,120,Express
Colombia,130,4.1,130,,130,Express
Colombia,131,4.2,131,,131,Express
Colombia,131,4.3,131,,131,Express
Colombia,131,4.4,131,,131,Express
Colombia,131,4.5,131,,131,Express
Colombia,140,4.6,140,,140,Express
Colombia,140,4.7,140,,140,Express
Colombia,141,4.8,141,,141,Express
Colombia,141,4.9,141,,141,Express
Colombia,141,5,141,,141,Express
Colombia,293,5.1,293,,293,Express
Colombia,293,5.2,293,,293,Express
Colombia,293,5.3,293,,293,Express
Colombia,293,5.4,293,,293,Express
Colombia,294,5.5,294,,294,Express
Colombia,311,5.6,311,,311,Express
Colombia,311,5.7,311,,311,Express
Colombia,312,5.8,312,,312,Express
Colombia,312,5.9,312,,312,Express
Colombia,312,6,312,,312,Express
Colombia,330,6.1,330,,330,Express
Colombia,330,6.2,330,,330,Express
Colombia,330,6.3,330,,330,Express
Colombia,330,6.4,330,,330,Express
Colombia,331,6.5,331,,331,Express
Colombia,348,6.6,348,,348,Express
Colombia,348,6.7,348,,348,Express
Colombia,348,6.8,348,,348,Express
Colombia,348,6.9,348,,348,Express
Colombia,349,7,349,,349,Express
Colombia,366,7.1,366,,366,Express
Colombia,367,7.2,367,,367,Express
Colombia,367,7.3,367,,367,Express
Colombia,367,7.4,367,,367,Express
Colombia,367,7.5,367,,367,Express
Colombia,383,7.6,383,,383,Express
Colombia,383,7.7,383,,383,Express
Colombia,383,7.8,383,,383,Express
Colombia,383,7.9,383,,383,Express
Colombia,384,8,384,,384,Express
Colombia,399,8.1,399,,399,Express
Colombia,400,8.2,400,,400,Express
Colombia,400,8.3,400,,400,Express
Colombia,400,8.4,400,,400,Express
Colombia,400,8.5,400,,400,Express
Colombia,416,8.6,416,,416,Express
Colombia,416,8.7,416,,416,Express
Colombia,416,8.8,416,,416,Express
Colombia,417,8.9,417,,417,Express
Colombia,417,9,417,,417,Express
Colombia,433,9.1,433,,433,Express
Colombia,433,9.2,433,,433,Express
Colombia,433,9.3,433,,433,Express
Colombia,433,9.4,433,,433,Express
Colombia,433,9.5,433,,433,Express
Colombia,453,9.6,453,,453,Express
Colombia,453,9.7,453,,453,Express
Colombia,454,9.8,454,,454,Express
Colombia,454,9.9,454,,454,Express
Colombia,454,10,454,,454,Express
Comoros,47,0.1,47,,47,Express
Comoros,47,0.2,47,,47,Express
Comoros,47,0.3,47,,47,Express
Comoros,48,0.4,48,,48,Express
Comoros,48,0.5,48,,48,Express
Comoros,58,0.6,58,,58,Express
Comoros,58,0.7,58,,58,Express
Comoros,58,0.8,58,,58,Express
Comoros,58,0.9,58,,58,Express
Comoros,58,1,58,,58,Express
Comoros,69,1.1,69,,69,Express
Comoros,69,1.2,69,,69,Express
Comoros,69,1.3,69,,69,Express
Comoros,69,1.4,69,,69,Express
Comoros,69,1.5,69,,69,Express
Comoros,78,1.6,78,,78,Express
Comoros,78,1.7,78,,78,Express
Comoros,79,1.8,79,,79,Express
Comoros,79,1.9,79,,79,Express
Comoros,79,2,79,,79,Express
Comoros,89,2.1,89,,89,Express
Comoros,89,2.2,89,,89,Express
Comoros,89,2.3,89,,89,Express
Comoros,89,2.4,89,,89,Express
Comoros,89,2.5,89,,89,Express
Comoros,99,2.6,99,,99,Express
Comoros,100,2.7,100,,100,Express
Comoros,100,2.8,100,,100,Express
Comoros,100,2.9,100,,100,Express
Comoros,100,3,100,,100,Express
Comoros,110,3.1,110,,110,Express
Comoros,110,3.2,110,,110,Express
Comoros,110,3.3,110,,110,Express
Comoros,110,3.4,110,,110,Express
Comoros,111,3.5,111,,111,Express
Comoros,120,3.6,120,,120,Express
Comoros,120,3.7,120,,120,Express
Comoros,120,3.8,120,,120,Express
Comoros,120,3.9,120,,120,Express
Comoros,120,4,120,,120,Express
Comoros,130,4.1,130,,130,Express
Comoros,131,4.2,131,,131,Express
Comoros,131,4.3,131,,131,Express
Comoros,131,4.4,131,,131,Express
Comoros,131,4.5,131,,131,Express
Comoros,140,4.6,140,,140,Express
Comoros,140,4.7,140,,140,Express
Comoros,141,4.8,141,,141,Express
Comoros,141,4.9,141,,141,Express
Comoros,141,5,141,,141,Express
Comoros,293,5.1,293,,293,Express
Comoros,293,5.2,293,,293,Express
Comoros,293,5.3,293,,293,Express
Comoros,293,5.4,293,,293,Express
Comoros,294,5.5,294,,294,Express
Comoros,311,5.6,311,,311,Express
Comoros,311,5.7,311,,311,Express
Comoros,312,5.8,312,,312,Express
Comoros,312,5.9,312,,312,Express
Comoros,312,6,312,,312,Express
Comoros,330,6.1,330,,330,Express
Comoros,330,6.2,330,,330,Express
Comoros,330,6.3,330,,330,Express
Comoros,330,6.4,330,,330,Express
Comoros,331,6.5,331,,331,Express
Comoros,348,6.6,348,,348,Express
Comoros,348,6.7,348,,348,Express
Comoros,348,6.8,348,,348,Express
Comoros,348,6.9,348,,348,Express
Comoros,349,7,349,,349,Express
Comoros,366,7.1,366,,366,Express
Comoros,367,7.2,367,,367,Express
Comoros,367,7.3,367,,367,Express
Comoros,367,7.4,367,,367,Express
Comoros,367,7.5,367,,367,Express
Comoros,383,7.6,383,,383,Express
Comoros,383,7.7,383,,383,Express
Comoros,383,7.8,383,,383,Express
Comoros,383,7.9,383,,383,Express
Comoros,384,8,384,,384,Express
Comoros,399,8.1,399,,399,Express
Comoros,400,8.2,400,,400,Express
Comoros,400,8.3,400,,400,Express
Comoros,400,8.4,400,,400,Express
Comoros,400,8.5,400,,400,Express
Comoros,416,8.6,416,,416,Express
Comoros,416,8.7,416,,416,Express
Comoros,416,8.8,416,,416,Express
Comoros,417,8.9,417,,417,Express
Comoros,417,9,417,,417,Express
Comoros,433,9.1,433,,433,Express
Comoros,433,9.2,433,,433,Express
Comoros,433,9.3,433,,433,Express
Comoros,433,9.4,433,,433,Express
Comoros,433,9.5,433,,433,Express
Comoros,453,9.6,453,,453,Express
Comoros,453,9.7,453,,453,Express
Comoros,454,9.8,454,,454,Express
Comoros,454,9.9,454,,454,Express
Comoros,454,10,454,,454,Express
Congo,47,0.1,47,,47,Express
Congo,47,0.2,47,,47,Express
Congo,47,0.3,47,,47,Express
Congo,48,0.4,48,,48,Express
Congo,48,0.5,48,,48,Express
Congo,58,0.6,58,,58,Express
Congo,58,0.7,58,,58,Express
Congo,58,0.8,58,,58,Express
Congo,58,0.9,58,,58,Express
Congo,58,1,58,,58,Express
Congo,69,1.1,69,,69,Express
Congo,69,1.2,69,,69,Express
Congo,69,1.3,69,,69,Express
Congo,69,1.4,69,,69,Express
Congo,69,1.5,69,,69,Express
Congo,78,1.6,78,,78,Express
Congo,78,1.7,78,,78,Express
Congo,79,1.8,79,,79,Express
Congo,79,1.9,79,,79,Express
Congo,79,2,79,,79,Express
Congo,89,2.1,89,,89,Express
Congo,89,2.2,89,,89,Express
Congo,89,2.3,89,,89,Express
Congo,89,2.4,89,,89,Express
Congo,89,2.5,89,,89,Express
Congo,99,2.6,99,,99,Express
Congo,100,2.7,100,,100,Express
Congo,100,2.8,100,,100,Express
Congo,100,2.9,100,,100,Express
Congo,100,3,100,,100,Express
Congo,110,3.1,110,,110,Express
Congo,110,3.2,110,,110,Express
Congo,110,3.3,110,,110,Express
Congo,110,3.4,110,,110,Express
Congo,111,3.5,111,,111,Express
Congo,120,3.6,120,,120,Express
Congo,120,3.7,120,,120,Express
Congo,120,3.8,120,,120,Express
Congo,120,3.9,120,,120,Express
Congo,120,4,120,,120,Express
Congo,130,4.1,130,,130,Express
Congo,131,4.2,131,,131,Express
Congo,131,4.3,131,,131,Express
Congo,131,4.4,131,,131,Express
Congo,131,4.5,131,,131,Express
Congo,140,4.6,140,,140,Express
Congo,140,4.7,140,,140,Express
Congo,141,4.8,141,,141,Express
Congo,141,4.9,141,,141,Express
Congo,141,5,141,,141,Express
Congo,293,5.1,293,,293,Express
Congo,293,5.2,293,,293,Express
Congo,293,5.3,293,,293,Express
Congo,293,5.4,293,,293,Express
Congo,294,5.5,294,,294,Express
Congo,311,5.6,311,,311,Express
Congo,311,5.7,311,,311,Express
Congo,312,5.8,312,,312,Express
Congo,312,5.9,312,,312,Express
Congo,312,6,312,,312,Express
Congo,330,6.1,330,,330,Express
Congo,330,6.2,330,,330,Express
Congo,330,6.3,330,,330,Express
Congo,330,6.4,330,,330,Express
Congo,331,6.5,331,,331,Express
Congo,348,6.6,348,,348,Express
Congo,348,6.7,348,,348,Express
Congo,348,6.8,348,,348,Express
Congo,348,6.9,348,,348,Express
Congo,349,7,349,,349,Express
Congo,366,7.1,366,,366,Express
Congo,367,7.2,367,,367,Express
Congo,367,7.3,367,,367,Express
Congo,367,7.4,367,,367,Express
Congo,367,7.5,367,,367,Express
Congo,383,7.6,383,,383,Express
Congo,383,7.7,383,,383,Express
Congo,383,7.8,383,,383,Express
Congo,383,7.9,383,,383,Express
Congo,384,8,384,,384,Express
Congo,399,8.1,399,,399,Express
Congo,400,8.2,400,,400,Express
Congo,400,8.3,400,,400,Express
Congo,400,8.4,400,,400,Express
Congo,400,8.5,400,,400,Express
Congo,416,8.6,416,,416,Express
Congo,416,8.7,416,,416,Express
Congo,416,8.8,416,,416,Express
Congo,417,8.9,417,,417,Express
Congo,417,9,417,,417,Express
Congo,433,9.1,433,,433,Express
Congo,433,9.2,433,,433,Express
Congo,433,9.3,433,,433,Express
Congo,433,9.4,433,,433,Express
Congo,433,9.5,433,,433,Express
Congo,453,9.6,453,,453,Express
Congo,453,9.7,453,,453,Express
Congo,454,9.8,454,,454,Express
Congo,454,9.9,454,,454,Express
Congo,454,10,454,,454,Express
Cook Islands,47,0.1,47,,47,Express
Cook Islands,47,0.2,47,,47,Express
Cook Islands,47,0.3,47,,47,Express
Cook Islands,48,0.4,48,,48,Express
Cook Islands,48,0.5,48,,48,Express
Cook Islands,58,0.6,58,,58,Express
Cook Islands,58,0.7,58,,58,Express
Cook Islands,58,0.8,58,,58,Express
Cook Islands,58,0.9,58,,58,Express
Cook Islands,58,1,58,,58,Express
Cook Islands,69,1.1,69,,69,Express
Cook Islands,69,1.2,69,,69,Express
Cook Islands,69,1.3,69,,69,Express
Cook Islands,69,1.4,69,,69,Express
Cook Islands,69,1.5,69,,69,Express
Cook Islands,78,1.6,78,,78,Express
Cook Islands,78,1.7,78,,78,Express
Cook Islands,79,1.8,79,,79,Express
Cook Islands,79,1.9,79,,79,Express
Cook Islands,79,2,79,,79,Express
Cook Islands,89,2.1,89,,89,Express
Cook Islands,89,2.2,89,,89,Express
Cook Islands,89,2.3,89,,89,Express
Cook Islands,89,2.4,89,,89,Express
Cook Islands,89,2.5,89,,89,Express
Cook Islands,99,2.6,99,,99,Express
Cook Islands,100,2.7,100,,100,Express
Cook Islands,100,2.8,100,,100,Express
Cook Islands,100,2.9,100,,100,Express
Cook Islands,100,3,100,,100,Express
Cook Islands,110,3.1,110,,110,Express
Cook Islands,110,3.2,110,,110,Express
Cook Islands,110,3.3,110,,110,Express
Cook Islands,110,3.4,110,,110,Express
Cook Islands,111,3.5,111,,111,Express
Cook Islands,120,3.6,120,,120,Express
Cook Islands,120,3.7,120,,120,Express
Cook Islands,120,3.8,120,,120,Express
Cook Islands,120,3.9,120,,120,Express
Cook Islands,120,4,120,,120,Express
Cook Islands,130,4.1,130,,130,Express
Cook Islands,131,4.2,131,,131,Express
Cook Islands,131,4.3,131,,131,Express
Cook Islands,131,4.4,131,,131,Express
Cook Islands,131,4.5,131,,131,Express
Cook Islands,140,4.6,140,,140,Express
Cook Islands,140,4.7,140,,140,Express
Cook Islands,141,4.8,141,,141,Express
Cook Islands,141,4.9,141,,141,Express
Cook Islands,141,5,141,,141,Express
Cook Islands,293,5.1,293,,293,Express
Cook Islands,293,5.2,293,,293,Express
Cook Islands,293,5.3,293,,293,Express
Cook Islands,293,5.4,293,,293,Express
Cook Islands,294,5.5,294,,294,Express
Cook Islands,311,5.6,311,,311,Express
Cook Islands,311,5.7,311,,311,Express
Cook Islands,312,5.8,312,,312,Express
Cook Islands,312,5.9,312,,312,Express
Cook Islands,312,6,312,,312,Express
Cook Islands,330,6.1,330,,330,Express
Cook Islands,330,6.2,330,,330,Express
Cook Islands,330,6.3,330,,330,Express
Cook Islands,330,6.4,330,,330,Express
Cook Islands,331,6.5,331,,331,Express
Cook Islands,348,6.6,348,,348,Express
Cook Islands,348,6.7,348,,348,Express
Cook Islands,348,6.8,348,,348,Express
Cook Islands,348,6.9,348,,348,Express
Cook Islands,349,7,349,,349,Express
Cook Islands,366,7.1,366,,366,Express
Cook Islands,367,7.2,367,,367,Express
Cook Islands,367,7.3,367,,367,Express
Cook Islands,367,7.4,367,,367,Express
Cook Islands,367,7.5,367,,367,Express
Cook Islands,383,7.6,383,,383,Express
Cook Islands,383,7.7,383,,383,Express
Cook Islands,383,7.8,383,,383,Express
Cook Islands,383,7.9,383,,383,Express
Cook Islands,384,8,384,,384,Express
Cook Islands,399,8.1,399,,399,Express
Cook Islands,400,8.2,400,,400,Express
Cook Islands,400,8.3,400,,400,Express
Cook Islands,400,8.4,400,,400,Express
Cook Islands,400,8.5,400,,400,Express
Cook Islands,416,8.6,416,,416,Express
Cook Islands,416,8.7,416,,416,Express
Cook Islands,416,8.8,416,,416,Express
Cook Islands,417,8.9,417,,417,Express
Cook Islands,417,9,417,,417,Express
Cook Islands,433,9.1,433,,433,Express
Cook Islands,433,9.2,433,,433,Express
Cook Islands,433,9.3,433,,433,Express
Cook Islands,433,9.4,433,,433,Express
Cook Islands,433,9.5,433,,433,Express
Cook Islands,453,9.6,453,,453,Express
Cook Islands,453,9.7,453,,453,Express
Cook Islands,454,9.8,454,,454,Express
Cook Islands,454,9.9,454,,454,Express
Cook Islands,454,10,454,,454,Express
Costa Rica,47,0.1,47,,47,Express
Costa Rica,47,0.2,47,,47,Express
Costa Rica,47,0.3,47,,47,Express
Costa Rica,48,0.4,48,,48,Express
Costa Rica,48,0.5,48,,48,Express
Costa Rica,58,0.6,58,,58,Express
Costa Rica,58,0.7,58,,58,Express
Costa Rica,58,0.8,58,,58,Express
Costa Rica,58,0.9,58,,58,Express
Costa Rica,58,1,58,,58,Express
Costa Rica,69,1.1,69,,69,Express
Costa Rica,69,1.2,69,,69,Express
Costa Rica,69,1.3,69,,69,Express
Costa Rica,69,1.4,69,,69,Express
Costa Rica,69,1.5,69,,69,Express
Costa Rica,78,1.6,78,,78,Express
Costa Rica,78,1.7,78,,78,Express
Costa Rica,79,1.8,79,,79,Express
Costa Rica,79,1.9,79,,79,Express
Costa Rica,79,2,79,,79,Express
Costa Rica,89,2.1,89,,89,Express
Costa Rica,89,2.2,89,,89,Express
Costa Rica,89,2.3,89,,89,Express
Costa Rica,89,2.4,89,,89,Express
Costa Rica,89,2.5,89,,89,Express
Costa Rica,99,2.6,99,,99,Express
Costa Rica,100,2.7,100,,100,Express
Costa Rica,100,2.8,100,,100,Express
Costa Rica,100,2.9,100,,100,Express
Costa Rica,100,3,100,,100,Express
Costa Rica,110,3.1,110,,110,Express
Costa Rica,110,3.2,110,,110,Express
Costa Rica,110,3.3,110,,110,Express
Costa Rica,110,3.4,110,,110,Express
Costa Rica,111,3.5,111,,111,Express
Costa Rica,120,3.6,120,,120,Express
Costa Rica,120,3.7,120,,120,Express
Costa Rica,120,3.8,120,,120,Express
Costa Rica,120,3.9,120,,120,Express
Costa Rica,120,4,120,,120,Express
Costa Rica,130,4.1,130,,130,Express
Costa Rica,131,4.2,131,,131,Express
Costa Rica,131,4.3,131,,131,Express
Costa Rica,131,4.4,131,,131,Express
Costa Rica,131,4.5,131,,131,Express
Costa Rica,140,4.6,140,,140,Express
Costa Rica,140,4.7,140,,140,Express
Costa Rica,141,4.8,141,,141,Express
Costa Rica,141,4.9,141,,141,Express
Costa Rica,141,5,141,,141,Express
Costa Rica,293,5.1,293,,293,Express
Costa Rica,293,5.2,293,,293,Express
Costa Rica,293,5.3,293,,293,Express
Costa Rica,293,5.4,293,,293,Express
Costa Rica,294,5.5,294,,294,Express
Costa Rica,311,5.6,311,,311,Express
Costa Rica,311,5.7,311,,311,Express
Costa Rica,312,5.8,312,,312,Express
Costa Rica,312,5.9,312,,312,Express
Costa Rica,312,6,312,,312,Express
Costa Rica,330,6.1,330,,330,Express
Costa Rica,330,6.2,330,,330,Express
Costa Rica,330,6.3,330,,330,Express
Costa Rica,330,6.4,330,,330,Express
Costa Rica,331,6.5,331,,331,Express
Costa Rica,348,6.6,348,,348,Express
Costa Rica,348,6.7,348,,348,Express
Costa Rica,348,6.8,348,,348,Express
Costa Rica,348,6.9,348,,348,Express
Costa Rica,349,7,349,,349,Express
Costa Rica,366,7.1,366,,366,Express
Costa Rica,367,7.2,367,,367,Express
Costa Rica,367,7.3,367,,367,Express
Costa Rica,367,7.4,367,,367,Express
Costa Rica,367,7.5,367,,367,Express
Costa Rica,383,7.6,383,,383,Express
Costa Rica,383,7.7,383,,383,Express
Costa Rica,383,7.8,383,,383,Express
Costa Rica,383,7.9,383,,383,Express
Costa Rica,384,8,384,,384,Express
Costa Rica,399,8.1,399,,399,Express
Costa Rica,400,8.2,400,,400,Express
Costa Rica,400,8.3,400,,400,Express
Costa Rica,400,8.4,400,,400,Express
Costa Rica,400,8.5,400,,400,Express
Costa Rica,416,8.6,416,,416,Express
Costa Rica,416,8.7,416,,416,Express
Costa Rica,416,8.8,416,,416,Express
Costa Rica,417,8.9,417,,417,Express
Costa Rica,417,9,417,,417,Express
Costa Rica,433,9.1,433,,433,Express
Costa Rica,433,9.2,433,,433,Express
Costa Rica,433,9.3,433,,433,Express
Costa Rica,433,9.4,433,,433,Express
Costa Rica,433,9.5,433,,433,Express
Costa Rica,453,9.6,453,,453,Express
Costa Rica,453,9.7,453,,453,Express
Costa Rica,454,9.8,454,,454,Express
Costa Rica,454,9.9,454,,454,Express
Costa Rica,454,10,454,,454,Express
Cote D Ivoire,47,0.1,47,,47,Express
Cote D Ivoire,47,0.2,47,,47,Express
Cote D Ivoire,47,0.3,47,,47,Express
Cote D Ivoire,48,0.4,48,,48,Express
Cote D Ivoire,48,0.5,48,,48,Express
Cote D Ivoire,58,0.6,58,,58,Express
Cote D Ivoire,58,0.7,58,,58,Express
Cote D Ivoire,58,0.8,58,,58,Express
Cote D Ivoire,58,0.9,58,,58,Express
Cote D Ivoire,58,1,58,,58,Express
Cote D Ivoire,69,1.1,69,,69,Express
Cote D Ivoire,69,1.2,69,,69,Express
Cote D Ivoire,69,1.3,69,,69,Express
Cote D Ivoire,69,1.4,69,,69,Express
Cote D Ivoire,69,1.5,69,,69,Express
Cote D Ivoire,78,1.6,78,,78,Express
Cote D Ivoire,78,1.7,78,,78,Express
Cote D Ivoire,79,1.8,79,,79,Express
Cote D Ivoire,79,1.9,79,,79,Express
Cote D Ivoire,79,2,79,,79,Express
Cote D Ivoire,89,2.1,89,,89,Express
Cote D Ivoire,89,2.2,89,,89,Express
Cote D Ivoire,89,2.3,89,,89,Express
Cote D Ivoire,89,2.4,89,,89,Express
Cote D Ivoire,89,2.5,89,,89,Express
Cote D Ivoire,99,2.6,99,,99,Express
Cote D Ivoire,100,2.7,100,,100,Express
Cote D Ivoire,100,2.8,100,,100,Express
Cote D Ivoire,100,2.9,100,,100,Express
Cote D Ivoire,100,3,100,,100,Express
Cote D Ivoire,110,3.1,110,,110,Express
Cote D Ivoire,110,3.2,110,,110,Express
Cote D Ivoire,110,3.3,110,,110,Express
Cote D Ivoire,110,3.4,110,,110,Express
Cote D Ivoire,111,3.5,111,,111,Express
Cote D Ivoire,120,3.6,120,,120,Express
Cote D Ivoire,120,3.7,120,,120,Express
Cote D Ivoire,120,3.8,120,,120,Express
Cote D Ivoire,120,3.9,120,,120,Express
Cote D Ivoire,120,4,120,,120,Express
Cote D Ivoire,130,4.1,130,,130,Express
Cote D Ivoire,131,4.2,131,,131,Express
Cote D Ivoire,131,4.3,131,,131,Express
Cote D Ivoire,131,4.4,131,,131,Express
Cote D Ivoire,131,4.5,131,,131,Express
Cote D Ivoire,140,4.6,140,,140,Express
Cote D Ivoire,140,4.7,140,,140,Express
Cote D Ivoire,141,4.8,141,,141,Express
Cote D Ivoire,141,4.9,141,,141,Express
Cote D Ivoire,141,5,141,,141,Express
Cote D Ivoire,293,5.1,293,,293,Express
Cote D Ivoire,293,5.2,293,,293,Express
Cote D Ivoire,293,5.3,293,,293,Express
Cote D Ivoire,293,5.4,293,,293,Express
Cote D Ivoire,294,5.5,294,,294,Express
Cote D Ivoire,311,5.6,311,,311,Express
Cote D Ivoire,311,5.7,311,,311,Express
Cote D Ivoire,312,5.8,312,,312,Express
Cote D Ivoire,312,5.9,312,,312,Express
Cote D Ivoire,312,6,312,,312,Express
Cote D Ivoire,330,6.1,330,,330,Express
Cote D Ivoire,330,6.2,330,,330,Express
Cote D Ivoire,330,6.3,330,,330,Express
Cote D Ivoire,330,6.4,330,,330,Express
Cote D Ivoire,331,6.5,331,,331,Express
Cote D Ivoire,348,6.6,348,,348,Express
Cote D Ivoire,348,6.7,348,,348,Express
Cote D Ivoire,348,6.8,348,,348,Express
Cote D Ivoire,348,6.9,348,,348,Express
Cote D Ivoire,349,7,349,,349,Express
Cote D Ivoire,366,7.1,366,,366,Express
Cote D Ivoire,367,7.2,367,,367,Express
Cote D Ivoire,367,7.3,367,,367,Express
Cote D Ivoire,367,7.4,367,,367,Express
Cote D Ivoire,367,7.5,367,,367,Express
Cote D Ivoire,383,7.6,383,,383,Express
Cote D Ivoire,383,7.7,383,,383,Express
Cote D Ivoire,383,7.8,383,,383,Express
Cote D Ivoire,383,7.9,383,,383,Express
Cote D Ivoire,384,8,384,,384,Express
Cote D Ivoire,399,8.1,399,,399,Express
Cote D Ivoire,400,8.2,400,,400,Express
Cote D Ivoire,400,8.3,400,,400,Express
Cote D Ivoire,400,8.4,400,,400,Express
Cote D Ivoire,400,8.5,400,,400,Express
Cote D Ivoire,416,8.6,416,,416,Express
Cote D Ivoire,416,8.7,416,,416,Express
Cote D Ivoire,416,8.8,416,,416,Express
Cote D Ivoire,417,8.9,417,,417,Express
Cote D Ivoire,417,9,417,,417,Express
Cote D Ivoire,433,9.1,433,,433,Express
Cote D Ivoire,433,9.2,433,,433,Express
Cote D Ivoire,433,9.3,433,,433,Express
Cote D Ivoire,433,9.4,433,,433,Express
Cote D Ivoire,433,9.5,433,,433,Express
Cote D Ivoire,453,9.6,453,,453,Express
Cote D Ivoire,453,9.7,453,,453,Express
Cote D Ivoire,454,9.8,454,,454,Express
Cote D Ivoire,454,9.9,454,,454,Express
Cote D Ivoire,454,10,454,,454,Express
Croatia,21,0.1,21,21,32,Economy
Croatia,21,0.2,21,21,32,Economy
Croatia,21,0.3,21,21,33,Economy
Croatia,21,0.4,21,21,33,Economy
Croatia,21,0.5,21,21,33,Economy
Croatia,23,0.6,23,23,45,Economy
Croatia,23,0.7,23,23,45,Economy
Croatia,24,0.8,24,24,46,Economy
Croatia,24,0.9,24,24,46,Economy
Croatia,24,1,24,24,46,Economy
Croatia,25,1.1,25,25,54,Economy
Croatia,25,1.2,25,25,54,Economy
Croatia,26,1.3,26,26,54,Economy
Croatia,26,1.4,26,26,54,Economy
Croatia,26,1.5,26,26,54,Economy
Croatia,28,1.6,28,28,62,Economy
Croatia,28,1.7,28,28,62,Economy
Croatia,30,1.8,30,30,62,Economy
Croatia,30,1.9,30,30,62,Economy
Croatia,30,2,30,30,62,Economy
Croatia,33,2.1,33,33,70,Economy
Croatia,33,2.2,33,33,70,Economy
Croatia,33,2.3,33,33,70,Economy
Croatia,33,2.4,33,33,70,Economy
Croatia,33,2.5,33,33,70,Economy
Croatia,36,2.6,36,36,74,Economy
Croatia,36,2.7,36,36,74,Economy
Croatia,36,2.8,36,36,75,Economy
Croatia,36,2.9,36,36,75,Economy
Croatia,36,3,36,36,75,Economy
Croatia,38,3.1,38,38,82,Economy
Croatia,38,3.2,38,38,82,Economy
Croatia,38,3.3,38,38,82,Economy
Croatia,38,3.4,38,38,83,Economy
Croatia,38,3.5,38,38,83,Economy
Croatia,41,3.6,41,41,90,Economy
Croatia,41,3.7,41,41,91,Economy
Croatia,41,3.8,41,41,91,Economy
Croatia,41,3.9,41,41,91,Economy
Croatia,41,4,41,41,91,Economy
Croatia,44,4.1,44,44,98,Economy
Croatia,44,4.2,44,44,98,Economy
Croatia,44,4.3,44,44,98,Economy
Croatia,44,4.4,44,44,98,Economy
Croatia,44,4.5,44,44,99,Economy
Croatia,47,4.6,47,47,108,Economy
Croatia,47,4.7,47,47,108,Economy
Croatia,47,4.8,47,47,108,Economy
Croatia,47,4.9,47,47,108,Economy
Croatia,47,5,47,47,109,Economy
Croatia,50,5.1,50,50,223,Economy
Croatia,50,5.2,50,50,223,Economy
Croatia,50,5.3,50,50,223,Economy
Croatia,50,5.4,50,50,224,Economy
Croatia,50,5.5,50,50,224,Economy
Croatia,53,5.6,53,53,239,Economy
Croatia,53,5.7,53,53,239,Economy
Croatia,53,5.8,53,53,239,Economy
Croatia,53,5.9,53,53,239,Economy
Croatia,53,6,53,53,239,Economy
Croatia,56,6.1,56,56,255,Economy
Croatia,56,6.2,56,56,255,Economy
Croatia,56,6.3,56,56,255,Economy
Croatia,56,6.4,56,56,255,Economy
Croatia,56,6.5,56,56,255,Economy
Croatia,60,6.6,60,60,270,Economy
Croatia,60,6.7,60,60,271,Economy
Croatia,60,6.8,60,60,271,Economy
Croatia,60,6.9,60,60,271,Economy
Croatia,60,7,60,60,271,Economy
Croatia,64,7.1,64,64,286,Economy
Croatia,64,7.2,64,64,286,Economy
Croatia,64,7.3,64,64,287,Economy
Croatia,64,7.4,64,64,287,Economy
Croatia,64,7.5,64,64,287,Economy
Croatia,67,7.6,67,67,301,Economy
Croatia,67,7.7,67,67,301,Economy
Croatia,67,7.8,67,67,301,Economy
Croatia,67,7.9,67,67,302,Economy
Croatia,67,8,67,67,302,Economy
Croatia,71,8.1,71,71,316,Economy
Croatia,71,8.2,71,71,316,Economy
Croatia,71,8.3,71,71,316,Economy
Croatia,71,8.4,71,71,317,Economy
Croatia,71,8.5,71,71,317,Economy
Croatia,75,8.6,75,75,331,Economy
Croatia,75,8.7,75,75,331,Economy
Croatia,75,8.8,75,75,331,Economy
Croatia,75,8.9,75,75,332,Economy
Croatia,75,9,75,75,332,Economy
Croatia,78,9.1,78,78,346,Economy
Croatia,78,9.2,78,78,346,Economy
Croatia,78,9.3,78,78,346,Economy
Croatia,78,9.4,78,78,346,Economy
Croatia,78,9.5,78,78,347,Economy
Croatia,83,9.6,83,83,355,Economy
Croatia,83,9.7,83,83,356,Economy
Croatia,83,9.8,83,83,356,Economy
Croatia,83,9.9,83,83,356,Economy
Croatia,83,10,83,83,356,Economy
Cuba,47,0.1,47,,47,Express
Cuba,47,0.2,47,,47,Express
Cuba,47,0.3,47,,47,Express
Cuba,48,0.4,48,,48,Express
Cuba,48,0.5,48,,48,Express
Cuba,58,0.6,58,,58,Express
Cuba,58,0.7,58,,58,Express
Cuba,58,0.8,58,,58,Express
Cuba,58,0.9,58,,58,Express
Cuba,58,1,58,,58,Express
Cuba,69,1.1,69,,69,Express
Cuba,69,1.2,69,,69,Express
Cuba,69,1.3,69,,69,Express
Cuba,69,1.4,69,,69,Express
Cuba,69,1.5,69,,69,Express
Cuba,78,1.6,78,,78,Express
Cuba,78,1.7,78,,78,Express
Cuba,79,1.8,79,,79,Express
Cuba,79,1.9,79,,79,Express
Cuba,79,2,79,,79,Express
Cuba,89,2.1,89,,89,Express
Cuba,89,2.2,89,,89,Express
Cuba,89,2.3,89,,89,Express
Cuba,89,2.4,89,,89,Express
Cuba,89,2.5,89,,89,Express
Cuba,99,2.6,99,,99,Express
Cuba,100,2.7,100,,100,Express
Cuba,100,2.8,100,,100,Express
Cuba,100,2.9,100,,100,Express
Cuba,100,3,100,,100,Express
Cuba,110,3.1,110,,110,Express
Cuba,110,3.2,110,,110,Express
Cuba,110,3.3,110,,110,Express
Cuba,110,3.4,110,,110,Express
Cuba,111,3.5,111,,111,Express
Cuba,120,3.6,120,,120,Express
Cuba,120,3.7,120,,120,Express
Cuba,120,3.8,120,,120,Express
Cuba,120,3.9,120,,120,Express
Cuba,120,4,120,,120,Express
Cuba,130,4.1,130,,130,Express
Cuba,131,4.2,131,,131,Express
Cuba,131,4.3,131,,131,Express
Cuba,131,4.4,131,,131,Express
Cuba,131,4.5,131,,131,Express
Cuba,140,4.6,140,,140,Express
Cuba,140,4.7,140,,140,Express
Cuba,141,4.8,141,,141,Express
Cuba,141,4.9,141,,141,Express
Cuba,141,5,141,,141,Express
Cuba,293,5.1,293,,293,Express
Cuba,293,5.2,293,,293,Express
Cuba,293,5.3,293,,293,Express
Cuba,293,5.4,293,,293,Express
Cuba,294,5.5,294,,294,Express
Cuba,311,5.6,311,,311,Express
Cuba,311,5.7,311,,311,Express
Cuba,312,5.8,312,,312,Express
Cuba,312,5.9,312,,312,Express
Cuba,312,6,312,,312,Express
Cuba,330,6.1,330,,330,Express
Cuba,330,6.2,330,,330,Express
Cuba,330,6.3,330,,330,Express
Cuba,330,6.4,330,,330,Express
Cuba,331,6.5,331,,331,Express
Cuba,348,6.6,348,,348,Express
Cuba,348,6.7,348,,348,Express
Cuba,348,6.8,348,,348,Express
Cuba,348,6.9,348,,348,Express
Cuba,349,7,349,,349,Express
Cuba,366,7.1,366,,366,Express
Cuba,367,7.2,367,,367,Express
Cuba,367,7.3,367,,367,Express
Cuba,367,7.4,367,,367,Express
Cuba,367,7.5,367,,367,Express
Cuba,383,7.6,383,,383,Express
Cuba,383,7.7,383,,383,Express
Cuba,383,7.8,383,,383,Express
Cuba,383,7.9,383,,383,Express
Cuba,384,8,384,,384,Express
Cuba,399,8.1,399,,399,Express
Cuba,400,8.2,400,,400,Express
Cuba,400,8.3,400,,400,Express
Cuba,400,8.4,400,,400,Express
Cuba,400,8.5,400,,400,Express
Cuba,416,8.6,416,,416,Express
Cuba,416,8.7,416,,416,Express
Cuba,416,8.8,416,,416,Express
Cuba,417,8.9,417,,417,Express
Cuba,417,9,417,,417,Express
Cuba,433,9.1,433,,433,Express
Cuba,433,9.2,433,,433,Express
Cuba,433,9.3,433,,433,Express
Cuba,433,9.4,433,,433,Express
Cuba,433,9.5,433,,433,Express
Cuba,453,9.6,453,,453,Express
Cuba,453,9.7,453,,453,Express
Cuba,454,9.8,454,,454,Express
Cuba,454,9.9,454,,454,Express
Cuba,454,10,454,,454,Express
Curacao,47,0.1,47,,47,Express
Curacao,47,0.2,47,,47,Express
Curacao,47,0.3,47,,47,Express
Curacao,48,0.4,48,,48,Express
Curacao,48,0.5,48,,48,Express
Curacao,58,0.6,58,,58,Express
Curacao,58,0.7,58,,58,Express
Curacao,58,0.8,58,,58,Express
Curacao,58,0.9,58,,58,Express
Curacao,58,1,58,,58,Express
Curacao,69,1.1,69,,69,Express
Curacao,69,1.2,69,,69,Express
Curacao,69,1.3,69,,69,Express
Curacao,69,1.4,69,,69,Express
Curacao,69,1.5,69,,69,Express
Curacao,78,1.6,78,,78,Express
Curacao,78,1.7,78,,78,Express
Curacao,79,1.8,79,,79,Express
Curacao,79,1.9,79,,79,Express
Curacao,79,2,79,,79,Express
Curacao,89,2.1,89,,89,Express
Curacao,89,2.2,89,,89,Express
Curacao,89,2.3,89,,89,Express
Curacao,89,2.4,89,,89,Express
Curacao,89,2.5,89,,89,Express
Curacao,99,2.6,99,,99,Express
Curacao,100,2.7,100,,100,Express
Curacao,100,2.8,100,,100,Express
Curacao,100,2.9,100,,100,Express
Curacao,100,3,100,,100,Express
Curacao,110,3.1,110,,110,Express
Curacao,110,3.2,110,,110,Express
Curacao,110,3.3,110,,110,Express
Curacao,110,3.4,110,,110,Express
Curacao,111,3.5,111,,111,Express
Curacao,120,3.6,120,,120,Express
Curacao,120,3.7,120,,120,Express
Curacao,120,3.8,120,,120,Express
Curacao,120,3.9,120,,120,Express
Curacao,120,4,120,,120,Express
Curacao,130,4.1,130,,130,Express
Curacao,131,4.2,131,,131,Express
Curacao,131,4.3,131,,131,Express
Curacao,131,4.4,131,,131,Express
Curacao,131,4.5,131,,131,Express
Curacao,140,4.6,140,,140,Express
Curacao,140,4.7,140,,140,Express
Curacao,141,4.8,141,,141,Express
Curacao,141,4.9,141,,141,Express
Curacao,141,5,141,,141,Express
Curacao,293,5.1,293,,293,Express
Curacao,293,5.2,293,,293,Express
Curacao,293,5.3,293,,293,Express
Curacao,293,5.4,293,,293,Express
Curacao,294,5.5,294,,294,Express
Curacao,311,5.6,311,,311,Express
Curacao,311,5.7,311,,311,Express
Curacao,312,5.8,312,,312,Express
Curacao,312,5.9,312,,312,Express
Curacao,312,6,312,,312,Express
Curacao,330,6.1,330,,330,Express
Curacao,330,6.2,330,,330,Express
Curacao,330,6.3,330,,330,Express
Curacao,330,6.4,330,,330,Express
Curacao,331,6.5,331,,331,Express
Curacao,348,6.6,348,,348,Express
Curacao,348,6.7,348,,348,Express
Curacao,348,6.8,348,,348,Express
Curacao,348,6.9,348,,348,Express
Curacao,349,7,349,,349,Express
Curacao,366,7.1,366,,366,Express
Curacao,367,7.2,367,,367,Express
Curacao,367,7.3,367,,367,Express
Curacao,367,7.4,367,,367,Express
Curacao,367,7.5,367,,367,Express
Curacao,383,7.6,383,,383,Express
Curacao,383,7.7,383,,383,Express
Curacao,383,7.8,383,,383,Express
Curacao,383,7.9,383,,383,Express
Curacao,384,8,384,,384,Express
Curacao,399,8.1,399,,399,Express
Curacao,400,8.2,400,,400,Express
Curacao,400,8.3,400,,400,Express
Curacao,400,8.4,400,,400,Express
Curacao,400,8.5,400,,400,Express
Curacao,416,8.6,416,,416,Express
Curacao,416,8.7,416,,416,Express
Curacao,416,8.8,416,,416,Express
Curacao,417,8.9,417,,417,Express
Curacao,417,9,417,,417,Express
Curacao,433,9.1,433,,433,Express
Curacao,433,9.2,433,,433,Express
Curacao,433,9.3,433,,433,Express
Curacao,433,9.4,433,,433,Express
Curacao,433,9.5,433,,433,Express
Curacao,453,9.6,453,,453,Express
Curacao,453,9.7,453,,453,Express
Curacao,454,9.8,454,,454,Express
Curacao,454,9.9,454,,454,Express
Curacao,454,10,454,,454,Express
Cyprus,21,0.1,21,21,32,Economy
Cyprus,21,0.2,21,21,32,Economy
Cyprus,21,0.3,21,21,33,Economy
Cyprus,21,0.4,21,21,33,Economy
Cyprus,21,0.5,21,21,33,Economy
Cyprus,23,0.6,23,23,45,Economy
Cyprus,23,0.7,23,23,45,Economy
Cyprus,24,0.8,24,24,46,Economy
Cyprus,24,0.9,24,24,46,Economy
Cyprus,24,1,24,24,46,Economy
Cyprus,25,1.1,25,25,54,Economy
Cyprus,25,1.2,25,25,54,Economy
Cyprus,26,1.3,26,26,54,Economy
Cyprus,26,1.4,26,26,54,Economy
Cyprus,26,1.5,26,26,54,Economy
Cyprus,28,1.6,28,28,62,Economy
Cyprus,28,1.7,28,28,62,Economy
Cyprus,30,1.8,30,30,62,Economy
Cyprus,30,1.9,30,30,62,Economy
Cyprus,30,2,30,30,62,Economy
Cyprus,33,2.1,33,33,70,Economy
Cyprus,33,2.2,33,33,70,Economy
Cyprus,33,2.3,33,33,70,Economy
Cyprus,33,2.4,33,33,70,Economy
Cyprus,33,2.5,33,33,70,Economy
Cyprus,36,2.6,36,36,74,Economy
Cyprus,36,2.7,36,36,74,Economy
Cyprus,36,2.8,36,36,75,Economy
Cyprus,36,2.9,36,36,75,Economy
Cyprus,36,3,36,36,75,Economy
Cyprus,38,3.1,38,38,82,Economy
Cyprus,38,3.2,38,38,82,Economy
Cyprus,38,3.3,38,38,82,Economy
Cyprus,38,3.4,38,38,83,Economy
Cyprus,38,3.5,38,38,83,Economy
Cyprus,41,3.6,41,41,90,Economy
Cyprus,41,3.7,41,41,91,Economy
Cyprus,41,3.8,41,41,91,Economy
Cyprus,41,3.9,41,41,91,Economy
Cyprus,41,4,41,41,91,Economy
Cyprus,44,4.1,44,44,98,Economy
Cyprus,44,4.2,44,44,98,Economy
Cyprus,44,4.3,44,44,98,Economy
Cyprus,44,4.4,44,44,98,Economy
Cyprus,44,4.5,44,44,99,Economy
Cyprus,47,4.6,47,47,108,Economy
Cyprus,47,4.7,47,47,108,Economy
Cyprus,47,4.8,47,47,108,Economy
Cyprus,47,4.9,47,47,108,Economy
Cyprus,47,5,47,47,109,Economy
Cyprus,50,5.1,50,50,223,Economy
Cyprus,50,5.2,50,50,223,Economy
Cyprus,50,5.3,50,50,223,Economy
Cyprus,50,5.4,50,50,224,Economy
Cyprus,50,5.5,50,50,224,Economy
Cyprus,53,5.6,53,53,239,Economy
Cyprus,53,5.7,53,53,239,Economy
Cyprus,53,5.8,53,53,239,Economy
Cyprus,53,5.9,53,53,239,Economy
Cyprus,53,6,53,53,239,Economy
Cyprus,56,6.1,56,56,255,Economy
Cyprus,56,6.2,56,56,255,Economy
Cyprus,56,6.3,56,56,255,Economy
Cyprus,56,6.4,56,56,255,Economy
Cyprus,56,6.5,56,56,255,Economy
Cyprus,60,6.6,60,60,270,Economy
Cyprus,60,6.7,60,60,271,Economy
Cyprus,60,6.8,60,60,271,Economy
Cyprus,60,6.9,60,60,271,Economy
Cyprus,60,7,60,60,271,Economy
Cyprus,64,7.1,64,64,286,Economy
Cyprus,64,7.2,64,64,286,Economy
Cyprus,64,7.3,64,64,287,Economy
Cyprus,64,7.4,64,64,287,Economy
Cyprus,64,7.5,64,64,287,Economy
Cyprus,67,7.6,67,67,301,Economy
Cyprus,67,7.7,67,67,301,Economy
Cyprus,67,7.8,67,67,301,Economy
Cyprus,67,7.9,67,67,302,Economy
Cyprus,67,8,67,67,302,Economy
Cyprus,71,8.1,71,71,316,Economy
Cyprus,71,8.2,71,71,316,Economy
Cyprus,71,8.3,71,71,316,Economy
Cyprus,71,8.4,71,71,317,Economy
Cyprus,71,8.5,71,71,317,Economy
Cyprus,75,8.6,75,75,331,Economy
Cyprus,75,8.7,75,75,331,Economy
Cyprus,75,8.8,75,75,331,Economy
Cyprus,75,8.9,75,75,332,Economy
Cyprus,75,9,75,75,332,Economy
Cyprus,78,9.1,78,78,346,Economy
Cyprus,78,9.2,78,78,346,Economy
Cyprus,78,9.3,78,78,346,Economy
Cyprus,78,9.4,78,78,346,Economy
Cyprus,78,9.5,78,78,347,Economy
Cyprus,83,9.6,83,83,355,Economy
Cyprus,83,9.7,83,83,356,Economy
Cyprus,83,9.8,83,83,356,Economy
Cyprus,83,9.9,83,83,356,Economy
Cyprus,83,10,83,83,356,Economy
Czech Republic,21,0.1,21,21,30,Economy
Czech Republic,21,0.2,21,21,30,Economy
Czech Republic,21,0.3,21,21,31,Economy
Czech Republic,21,0.4,21,21,31,Economy
Czech Republic,21,0.5,21,21,31,Economy
Czech Republic,23,0.6,23,23,35,Economy
Czech Republic,23,0.7,23,23,35,Economy
Czech Republic,24,0.8,24,24,36,Economy
Czech Republic,24,0.9,24,24,36,Economy
Czech Republic,24,1,24,24,36,Economy
Czech Republic,25,1.1,25,25,40,Economy
Czech Republic,25,1.2,25,25,41,Economy
Czech Republic,26,1.3,26,26,41,Economy
Czech Republic,26,1.4,26,26,41,Economy
Czech Republic,26,1.5,26,26,41,Economy
Czech Republic,28,1.6,28,28,47,Economy
Czech Republic,28,1.7,28,28,47,Economy
Czech Republic,30,1.8,30,30,47,Economy
Czech Republic,30,1.9,30,30,47,Economy
Czech Republic,30,2,30,30,47,Economy
Czech Republic,33,2.1,33,33,53,Economy
Czech Republic,33,2.2,33,33,54,Economy
Czech Republic,33,2.3,33,33,54,Economy
Czech Republic,33,2.4,33,33,54,Economy
Czech Republic,33,2.5,33,33,54,Economy
Czech Republic,36,2.6,36,36,58,Economy
Czech Republic,36,2.7,36,36,58,Economy
Czech Republic,36,2.8,36,36,58,Economy
Czech Republic,36,2.9,36,36,58,Economy
Czech Republic,36,3,36,36,59,Economy
Czech Republic,38,3.1,38,38,64,Economy
Czech Republic,38,3.2,38,38,64,Economy
Czech Republic,38,3.3,38,38,64,Economy
Czech Republic,38,3.4,38,38,65,Economy
Czech Republic,38,3.5,38,38,65,Economy
Czech Republic,41,3.6,41,41,70,Economy
Czech Republic,41,3.7,41,41,70,Economy
Czech Republic,41,3.8,41,41,70,Economy
Czech Republic,41,3.9,41,41,70,Economy
Czech Republic,41,4,41,41,70,Economy
Czech Republic,44,4.1,44,44,76,Economy
Czech Republic,44,4.2,44,44,76,Economy
Czech Republic,44,4.3,44,44,76,Economy
Czech Republic,44,4.4,44,44,76,Economy
Czech Republic,44,4.5,44,44,76,Economy
Czech Republic,47,4.6,47,47,81,Economy
Czech Republic,47,4.7,47,47,81,Economy
Czech Republic,47,4.8,47,47,81,Economy
Czech Republic,47,4.9,47,47,82,Economy
Czech Republic,47,5,47,47,82,Economy
Czech Republic,50,5.1,50,50,126,Economy
Czech Republic,50,5.2,50,50,127,Economy
Czech Republic,50,5.3,50,50,127,Economy
Czech Republic,50,5.4,50,50,127,Economy
Czech Republic,50,5.5,50,50,127,Economy
Czech Republic,53,5.6,53,53,135,Economy
Czech Republic,53,5.7,53,53,135,Economy
Czech Republic,53,5.8,53,53,135,Economy
Czech Republic,53,5.9,53,53,135,Economy
Czech Republic,53,6,53,53,136,Economy
Czech Republic,56,6.1,56,56,144,Economy
Czech Republic,56,6.2,56,56,144,Economy
Czech Republic,56,6.3,56,56,144,Economy
Czech Republic,56,6.4,56,56,144,Economy
Czech Republic,56,6.5,56,56,145,Economy
Czech Republic,60,6.6,60,60,153,Economy
Czech Republic,60,6.7,60,60,153,Economy
Czech Republic,60,6.8,60,60,153,Economy
Czech Republic,60,6.9,60,60,153,Economy
Czech Republic,60,7,60,60,153,Economy
Czech Republic,64,7.1,64,64,162,Economy
Czech Republic,64,7.2,64,64,162,Economy
Czech Republic,64,7.3,64,64,162,Economy
Czech Republic,64,7.4,64,64,162,Economy
Czech Republic,64,7.5,64,64,162,Economy
Czech Republic,67,7.6,67,67,169,Economy
Czech Republic,67,7.7,67,67,170,Economy
Czech Republic,67,7.8,67,67,170,Economy
Czech Republic,67,7.9,67,67,170,Economy
Czech Republic,67,8,67,67,170,Economy
Czech Republic,71,8.1,71,71,177,Economy
Czech Republic,71,8.2,71,71,177,Economy
Czech Republic,71,8.3,71,71,177,Economy
Czech Republic,71,8.4,71,71,177,Economy
Czech Republic,71,8.5,71,71,177,Economy
Czech Republic,75,8.6,75,75,185,Economy
Czech Republic,75,8.7,75,75,185,Economy
Czech Republic,75,8.8,75,75,185,Economy
Czech Republic,75,8.9,75,75,185,Economy
Czech Republic,75,9,75,75,185,Economy
Czech Republic,78,9.1,78,78,192,Economy
Czech Republic,78,9.2,78,78,192,Economy
Czech Republic,78,9.3,78,78,192,Economy
Czech Republic,78,9.4,78,78,193,Economy
Czech Republic,78,9.5,78,78,193,Economy
Czech Republic,83,9.6,83,83,198,Economy
Czech Republic,83,9.7,83,83,199,Economy
Czech Republic,83,9.8,83,83,199,Economy
Czech Republic,83,9.9,83,83,199,Economy
Czech Republic,83,10,83,83,199,Economy
Denmark,21,0.1,21,21,31,Economy
Denmark,21,0.2,21,21,31,Economy
Denmark,21,0.3,21,21,31,Economy
Denmark,21,0.4,21,21,32,Economy
Denmark,21,0.5,21,21,32,Economy
Denmark,23,0.6,23,23,37,Economy
Denmark,23,0.7,23,23,37,Economy
Denmark,24,0.8,24,24,37,Economy
Denmark,24,0.9,24,24,38,Economy
Denmark,24,1,24,24,38,Economy
Denmark,25,1.1,25,25,43,Economy
Denmark,25,1.2,25,25,43,Economy
Denmark,26,1.3,26,26,43,Economy
Denmark,26,1.4,26,26,43,Economy
Denmark,26,1.5,26,26,43,Economy
Denmark,28,1.6,28,28,50,Economy
Denmark,28,1.7,28,28,50,Economy
Denmark,30,1.8,30,30,50,Economy
Denmark,30,1.9,30,30,50,Economy
Denmark,30,2,30,30,51,Economy
Denmark,33,2.1,33,33,57,Economy
Denmark,33,2.2,33,33,57,Economy
Denmark,33,2.3,33,33,57,Economy
Denmark,33,2.4,33,33,57,Economy
Denmark,33,2.5,33,33,57,Economy
Denmark,36,2.6,36,36,63,Economy
Denmark,36,2.7,36,36,63,Economy
Denmark,36,2.8,36,36,63,Economy
Denmark,36,2.9,36,36,63,Economy
Denmark,36,3,36,36,63,Economy
Denmark,38,3.1,38,38,69,Economy
Denmark,38,3.2,38,38,69,Economy
Denmark,38,3.3,38,38,69,Economy
Denmark,38,3.4,38,38,69,Economy
Denmark,38,3.5,38,38,69,Economy
Denmark,41,3.6,41,41,75,Economy
Denmark,41,3.7,41,41,75,Economy
Denmark,41,3.8,41,41,75,Economy
Denmark,41,3.9,41,41,75,Economy
Denmark,41,4,41,41,75,Economy
Denmark,44,4.1,44,44,80,Economy
Denmark,44,4.2,44,44,80,Economy
Denmark,44,4.3,44,44,81,Economy
Denmark,44,4.4,44,44,81,Economy
Denmark,44,4.5,44,44,81,Economy
Denmark,47,4.6,47,47,86,Economy
Denmark,47,4.7,47,47,86,Economy
Denmark,47,4.8,47,47,86,Economy
Denmark,47,4.9,47,47,86,Economy
Denmark,47,5,47,47,87,Economy
Denmark,50,5.1,50,50,132,Economy
Denmark,50,5.2,50,50,132,Economy
Denmark,50,5.3,50,50,132,Economy
Denmark,50,5.4,50,50,132,Economy
Denmark,50,5.5,50,50,132,Economy
Denmark,53,5.6,53,53,140,Economy
Denmark,53,5.7,53,53,140,Economy
Denmark,53,5.8,53,53,140,Economy
Denmark,53,5.9,53,53,140,Economy
Denmark,53,6,53,53,141,Economy
Denmark,56,6.1,56,56,148,Economy
Denmark,56,6.2,56,56,149,Economy
Denmark,56,6.3,56,56,149,Economy
Denmark,56,6.4,56,56,149,Economy
Denmark,56,6.5,56,56,149,Economy
Denmark,60,6.6,60,60,157,Economy
Denmark,60,6.7,60,60,157,Economy
Denmark,60,6.8,60,60,157,Economy
Denmark,60,6.9,60,60,157,Economy
Denmark,60,7,60,60,157,Economy
Denmark,64,7.1,64,64,165,Economy
Denmark,64,7.2,64,64,165,Economy
Denmark,64,7.3,64,64,165,Economy
Denmark,64,7.4,64,64,166,Economy
Denmark,64,7.5,64,64,166,Economy
Denmark,67,7.6,67,67,174,Economy
Denmark,67,7.7,67,67,174,Economy
Denmark,67,7.8,67,67,174,Economy
Denmark,67,7.9,67,67,175,Economy
Denmark,67,8,67,67,175,Economy
Denmark,71,8.1,71,71,183,Economy
Denmark,71,8.2,71,71,183,Economy
Denmark,71,8.3,71,71,183,Economy
Denmark,71,8.4,71,71,183,Economy
Denmark,71,8.5,71,71,184,Economy
Denmark,75,8.6,75,75,192,Economy
Denmark,75,8.7,75,75,192,Economy
Denmark,75,8.8,75,75,192,Economy
Denmark,75,8.9,75,75,192,Economy
Denmark,75,9,75,75,193,Economy
Denmark,78,9.1,78,78,201,Economy
Denmark,78,9.2,78,78,201,Economy
Denmark,78,9.3,78,78,201,Economy
Denmark,78,9.4,78,78,201,Economy
Denmark,78,9.5,78,78,202,Economy
Denmark,83,9.6,83,83,210,Economy
Denmark,83,9.7,83,83,210,Economy
Denmark,83,9.8,83,83,210,Economy
Denmark,83,9.9,83,83,210,Economy
Denmark,83,10,83,83,210,Economy
Djibouti,47,0.1,47,,47,Express
Djibouti,47,0.2,47,,47,Express
Djibouti,47,0.3,47,,47,Express
Djibouti,48,0.4,48,,48,Express
Djibouti,48,0.5,48,,48,Express
Djibouti,58,0.6,58,,58,Express
Djibouti,58,0.7,58,,58,Express
Djibouti,58,0.8,58,,58,Express
Djibouti,58,0.9,58,,58,Express
Djibouti,58,1,58,,58,Express
Djibouti,69,1.1,69,,69,Express
Djibouti,69,1.2,69,,69,Express
Djibouti,69,1.3,69,,69,Express
Djibouti,69,1.4,69,,69,Express
Djibouti,69,1.5,69,,69,Express
Djibouti,78,1.6,78,,78,Express
Djibouti,78,1.7,78,,78,Express
Djibouti,79,1.8,79,,79,Express
Djibouti,79,1.9,79,,79,Express
Djibouti,79,2,79,,79,Express
Djibouti,89,2.1,89,,89,Express
Djibouti,89,2.2,89,,89,Express
Djibouti,89,2.3,89,,89,Express
Djibouti,89,2.4,89,,89,Express
Djibouti,89,2.5,89,,89,Express
Djibouti,99,2.6,99,,99,Express
Djibouti,100,2.7,100,,100,Express
Djibouti,100,2.8,100,,100,Express
Djibouti,100,2.9,100,,100,Express
Djibouti,100,3,100,,100,Express
Djibouti,110,3.1,110,,110,Express
Djibouti,110,3.2,110,,110,Express
Djibouti,110,3.3,110,,110,Express
Djibouti,110,3.4,110,,110,Express
Djibouti,111,3.5,111,,111,Express
Djibouti,120,3.6,120,,120,Express
Djibouti,120,3.7,120,,120,Express
Djibouti,120,3.8,120,,120,Express
Djibouti,120,3.9,120,,120,Express
Djibouti,120,4,120,,120,Express
Djibouti,130,4.1,130,,130,Express
Djibouti,131,4.2,131,,131,Express
Djibouti,131,4.3,131,,131,Express
Djibouti,131,4.4,131,,131,Express
Djibouti,131,4.5,131,,131,Express
Djibouti,140,4.6,140,,140,Express
Djibouti,140,4.7,140,,140,Express
Djibouti,141,4.8,141,,141,Express
Djibouti,141,4.9,141,,141,Express
Djibouti,141,5,141,,141,Express
Djibouti,293,5.1,293,,293,Express
Djibouti,293,5.2,293,,293,Express
Djibouti,293,5.3,293,,293,Express
Djibouti,293,5.4,293,,293,Express
Djibouti,294,5.5,294,,294,Express
Djibouti,311,5.6,311,,311,Express
Djibouti,311,5.7,311,,311,Express
Djibouti,312,5.8,312,,312,Express
Djibouti,312,5.9,312,,312,Express
Djibouti,312,6,312,,312,Express
Djibouti,330,6.1,330,,330,Express
Djibouti,330,6.2,330,,330,Express
Djibouti,330,6.3,330,,330,Express
Djibouti,330,6.4,330,,330,Express
Djibouti,331,6.5,331,,331,Express
Djibouti,348,6.6,348,,348,Express
Djibouti,348,6.7,348,,348,Express
Djibouti,348,6.8,348,,348,Express
Djibouti,348,6.9,348,,348,Express
Djibouti,349,7,349,,349,Express
Djibouti,366,7.1,366,,366,Express
Djibouti,367,7.2,367,,367,Express
Djibouti,367,7.3,367,,367,Express
Djibouti,367,7.4,367,,367,Express
Djibouti,367,7.5,367,,367,Express
Djibouti,383,7.6,383,,383,Express
Djibouti,383,7.7,383,,383,Express
Djibouti,383,7.8,383,,383,Express
Djibouti,383,7.9,383,,383,Express
Djibouti,384,8,384,,384,Express
Djibouti,399,8.1,399,,399,Express
Djibouti,400,8.2,400,,400,Express
Djibouti,400,8.3,400,,400,Express
Djibouti,400,8.4,400,,400,Express
Djibouti,400,8.5,400,,400,Express
Djibouti,416,8.6,416,,416,Express
Djibouti,416,8.7,416,,416,Express
Djibouti,416,8.8,416,,416,Express
Djibouti,417,8.9,417,,417,Express
Djibouti,417,9,417,,417,Express
Djibouti,433,9.1,433,,433,Express
Djibouti,433,9.2,433,,433,Express
Djibouti,433,9.3,433,,433,Express
Djibouti,433,9.4,433,,433,Express
Djibouti,433,9.5,433,,433,Express
Djibouti,453,9.6,453,,453,Express
Djibouti,453,9.7,453,,453,Express
Djibouti,454,9.8,454,,454,Express
Djibouti,454,9.9,454,,454,Express
Djibouti,454,10,454,,454,Express
Dominica,47,0.1,47,,47,Express
Dominica,47,0.2,47,,47,Express
Dominica,47,0.3,47,,47,Express
Dominica,48,0.4,48,,48,Express
Dominica,48,0.5,48,,48,Express
Dominica,58,0.6,58,,58,Express
Dominica,58,0.7,58,,58,Express
Dominica,58,0.8,58,,58,Express
Dominica,58,0.9,58,,58,Express
Dominica,58,1,58,,58,Express
Dominica,69,1.1,69,,69,Express
Dominica,69,1.2,69,,69,Express
Dominica,69,1.3,69,,69,Express
Dominica,69,1.4,69,,69,Express
Dominica,69,1.5,69,,69,Express
Dominica,78,1.6,78,,78,Express
Dominica,78,1.7,78,,78,Express
Dominica,79,1.8,79,,79,Express
Dominica,79,1.9,79,,79,Express
Dominica,79,2,79,,79,Express
Dominica,89,2.1,89,,89,Express
Dominica,89,2.2,89,,89,Express
Dominica,89,2.3,89,,89,Express
Dominica,89,2.4,89,,89,Express
Dominica,89,2.5,89,,89,Express
Dominica,99,2.6,99,,99,Express
Dominica,100,2.7,100,,100,Express
Dominica,100,2.8,100,,100,Express
Dominica,100,2.9,100,,100,Express
Dominica,100,3,100,,100,Express
Dominica,110,3.1,110,,110,Express
Dominica,110,3.2,110,,110,Express
Dominica,110,3.3,110,,110,Express
Dominica,110,3.4,110,,110,Express
Dominica,111,3.5,111,,111,Express
Dominica,120,3.6,120,,120,Express
Dominica,120,3.7,120,,120,Express
Dominica,120,3.8,120,,120,Express
Dominica,120,3.9,120,,120,Express
Dominica,120,4,120,,120,Express
Dominica,130,4.1,130,,130,Express
Dominica,131,4.2,131,,131,Express
Dominica,131,4.3,131,,131,Express
Dominica,131,4.4,131,,131,Express
Dominica,131,4.5,131,,131,Express
Dominica,140,4.6,140,,140,Express
Dominica,140,4.7,140,,140,Express
Dominica,141,4.8,141,,141,Express
Dominica,141,4.9,141,,141,Express
Dominica,141,5,141,,141,Express
Dominica,293,5.1,293,,293,Express
Dominica,293,5.2,293,,293,Express
Dominica,293,5.3,293,,293,Express
Dominica,293,5.4,293,,293,Express
Dominica,294,5.5,294,,294,Express
Dominica,311,5.6,311,,311,Express
Dominica,311,5.7,311,,311,Express
Dominica,312,5.8,312,,312,Express
Dominica,312,5.9,312,,312,Express
Dominica,312,6,312,,312,Express
Dominica,330,6.1,330,,330,Express
Dominica,330,6.2,330,,330,Express
Dominica,330,6.3,330,,330,Express
Dominica,330,6.4,330,,330,Express
Dominica,331,6.5,331,,331,Express
Dominica,348,6.6,348,,348,Express
Dominica,348,6.7,348,,348,Express
Dominica,348,6.8,348,,348,Express
Dominica,348,6.9,348,,348,Express
Dominica,349,7,349,,349,Express
Dominica,366,7.1,366,,366,Express
Dominica,367,7.2,367,,367,Express
Dominica,367,7.3,367,,367,Express
Dominica,367,7.4,367,,367,Express
Dominica,367,7.5,367,,367,Express
Dominica,383,7.6,383,,383,Express
Dominica,383,7.7,383,,383,Express
Dominica,383,7.8,383,,383,Express
Dominica,383,7.9,383,,383,Express
Dominica,384,8,384,,384,Express
Dominica,399,8.1,399,,399,Express
Dominica,400,8.2,400,,400,Express
Dominica,400,8.3,400,,400,Express
Dominica,400,8.4,400,,400,Express
Dominica,400,8.5,400,,400,Express
Dominica,416,8.6,416,,416,Express
Dominica,416,8.7,416,,416,Express
Dominica,416,8.8,416,,416,Express
Dominica,417,8.9,417,,417,Express
Dominica,417,9,417,,417,Express
Dominica,433,9.1,433,,433,Express
Dominica,433,9.2,433,,433,Express
Dominica,433,9.3,433,,433,Express
Dominica,433,9.4,433,,433,Express
Dominica,433,9.5,433,,433,Express
Dominica,453,9.6,453,,453,Express
Dominica,453,9.7,453,,453,Express
Dominica,454,9.8,454,,454,Express
Dominica,454,9.9,454,,454,Express
Dominica,454,10,454,,454,Express
Dominican Republic,47,0.1,47,,47,Express
Dominican Republic,47,0.2,47,,47,Express
Dominican Republic,47,0.3,47,,47,Express
Dominican Republic,48,0.4,48,,48,Express
Dominican Republic,48,0.5,48,,48,Express
Dominican Republic,58,0.6,58,,58,Express
Dominican Republic,58,0.7,58,,58,Express
Dominican Republic,58,0.8,58,,58,Express
Dominican Republic,58,0.9,58,,58,Express
Dominican Republic,58,1,58,,58,Express
Dominican Republic,69,1.1,69,,69,Express
Dominican Republic,69,1.2,69,,69,Express
Dominican Republic,69,1.3,69,,69,Express
Dominican Republic,69,1.4,69,,69,Express
Dominican Republic,69,1.5,69,,69,Express
Dominican Republic,78,1.6,78,,78,Express
Dominican Republic,78,1.7,78,,78,Express
Dominican Republic,79,1.8,79,,79,Express
Dominican Republic,79,1.9,79,,79,Express
Dominican Republic,79,2,79,,79,Express
Dominican Republic,89,2.1,89,,89,Express
Dominican Republic,89,2.2,89,,89,Express
Dominican Republic,89,2.3,89,,89,Express
Dominican Republic,89,2.4,89,,89,Express
Dominican Republic,89,2.5,89,,89,Express
Dominican Republic,99,2.6,99,,99,Express
Dominican Republic,100,2.7,100,,100,Express
Dominican Republic,100,2.8,100,,100,Express
Dominican Republic,100,2.9,100,,100,Express
Dominican Republic,100,3,100,,100,Express
Dominican Republic,110,3.1,110,,110,Express
Dominican Republic,110,3.2,110,,110,Express
Dominican Republic,110,3.3,110,,110,Express
Dominican Republic,110,3.4,110,,110,Express
Dominican Republic,111,3.5,111,,111,Express
Dominican Republic,120,3.6,120,,120,Express
Dominican Republic,120,3.7,120,,120,Express
Dominican Republic,120,3.8,120,,120,Express
Dominican Republic,120,3.9,120,,120,Express
Dominican Republic,120,4,120,,120,Express
Dominican Republic,130,4.1,130,,130,Express
Dominican Republic,131,4.2,131,,131,Express
Dominican Republic,131,4.3,131,,131,Express
Dominican Republic,131,4.4,131,,131,Express
Dominican Republic,131,4.5,131,,131,Express
Dominican Republic,140,4.6,140,,140,Express
Dominican Republic,140,4.7,140,,140,Express
Dominican Republic,141,4.8,141,,141,Express
Dominican Republic,141,4.9,141,,141,Express
Dominican Republic,141,5,141,,141,Express
Dominican Republic,293,5.1,293,,293,Express
Dominican Republic,293,5.2,293,,293,Express
Dominican Republic,293,5.3,293,,293,Express
Dominican Republic,293,5.4,293,,293,Express
Dominican Republic,294,5.5,294,,294,Express
Dominican Republic,311,5.6,311,,311,Express
Dominican Republic,311,5.7,311,,311,Express
Dominican Republic,312,5.8,312,,312,Express
Dominican Republic,312,5.9,312,,312,Express
Dominican Republic,312,6,312,,312,Express
Dominican Republic,330,6.1,330,,330,Express
Dominican Republic,330,6.2,330,,330,Express
Dominican Republic,330,6.3,330,,330,Express
Dominican Republic,330,6.4,330,,330,Express
Dominican Republic,331,6.5,331,,331,Express
Dominican Republic,348,6.6,348,,348,Express
Dominican Republic,348,6.7,348,,348,Express
Dominican Republic,348,6.8,348,,348,Express
Dominican Republic,348,6.9,348,,348,Express
Dominican Republic,349,7,349,,349,Express
Dominican Republic,366,7.1,366,,366,Express
Dominican Republic,367,7.2,367,,367,Express
Dominican Republic,367,7.3,367,,367,Express
Dominican Republic,367,7.4,367,,367,Express
Dominican Republic,367,7.5,367,,367,Express
Dominican Republic,383,7.6,383,,383,Express
Dominican Republic,383,7.7,383,,383,Express
Dominican Republic,383,7.8,383,,383,Express
Dominican Republic,383,7.9,383,,383,Express
Dominican Republic,384,8,384,,384,Express
Dominican Republic,399,8.1,399,,399,Express
Dominican Republic,400,8.2,400,,400,Express
Dominican Republic,400,8.3,400,,400,Express
Dominican Republic,400,8.4,400,,400,Express
Dominican Republic,400,8.5,400,,400,Express
Dominican Republic,416,8.6,416,,416,Express
Dominican Republic,416,8.7,416,,416,Express
Dominican Republic,416,8.8,416,,416,Express
Dominican Republic,417,8.9,417,,417,Express
Dominican Republic,417,9,417,,417,Express
Dominican Republic,433,9.1,433,,433,Express
Dominican Republic,433,9.2,433,,433,Express
Dominican Republic,433,9.3,433,,433,Express
Dominican Republic,433,9.4,433,,433,Express
Dominican Republic,433,9.5,433,,433,Express
Dominican Republic,453,9.6,453,,453,Express
Dominican Republic,453,9.7,453,,453,Express
Dominican Republic,454,9.8,454,,454,Express
Dominican Republic,454,9.9,454,,454,Express
Dominican Republic,454,10,454,,454,Express
East Timor,32,0.1,32,,32,Express
East Timor,32,0.2,32,,32,Express
East Timor,32,0.3,32,,32,Express
East Timor,32,0.4,32,,32,Express
East Timor,32,0.5,32,,32,Express
East Timor,44,0.6,44,,44,Express
East Timor,44,0.7,44,,44,Express
East Timor,44,0.8,44,,44,Express
East Timor,44,0.9,44,,44,Express
East Timor,44,1,44,,44,Express
East Timor,52,1.1,52,,52,Express
East Timor,52,1.2,52,,52,Express
East Timor,52,1.3,52,,52,Express
East Timor,52,1.4,52,,52,Express
East Timor,52,1.5,52,,52,Express
East Timor,59,1.6,59,,59,Express
East Timor,59,1.7,59,,59,Express
East Timor,59,1.8,59,,59,Express
East Timor,59,1.9,59,,59,Express
East Timor,59,2,59,,59,Express
East Timor,66,2.1,66,,66,Express
East Timor,66,2.2,66,,66,Express
East Timor,66,2.3,66,,66,Express
East Timor,66,2.4,66,,66,Express
East Timor,66,2.5,66,,66,Express
East Timor,69,2.6,69,,69,Express
East Timor,69,2.7,69,,69,Express
East Timor,69,2.8,69,,69,Express
East Timor,69,2.9,69,,69,Express
East Timor,69,3,69,,69,Express
East Timor,76,3.1,76,,76,Express
East Timor,76,3.2,76,,76,Express
East Timor,76,3.3,76,,76,Express
East Timor,76,3.4,76,,76,Express
East Timor,76,3.5,76,,76,Express
East Timor,84,3.6,84,,84,Express
East Timor,84,3.7,84,,84,Express
East Timor,84,3.8,84,,84,Express
East Timor,84,3.9,84,,84,Express
East Timor,84,4,84,,84,Express
East Timor,90,4.1,90,,90,Express
East Timor,90,4.2,90,,90,Express
East Timor,90,4.3,90,,90,Express
East Timor,90,4.4,90,,90,Express
East Timor,90,4.5,90,,90,Express
East Timor,99,4.6,99,,99,Express
East Timor,99,4.7,99,,99,Express
East Timor,99,4.8,99,,99,Express
East Timor,99,4.9,99,,99,Express
East Timor,99,5,99,,99,Express
East Timor,213,5.1,213,,213,Express
East Timor,213,5.2,213,,213,Express
East Timor,213,5.3,213,,213,Express
East Timor,213,5.4,213,,213,Express
East Timor,213,5.5,213,,213,Express
East Timor,228,5.6,228,,228,Express
East Timor,228,5.7,228,,228,Express
East Timor,228,5.8,228,,228,Express
East Timor,228,5.9,228,,228,Express
East Timor,228,6,228,,228,Express
East Timor,243,6.1,243,,243,Express
East Timor,243,6.2,243,,243,Express
East Timor,243,6.3,243,,243,Express
East Timor,243,6.4,243,,243,Express
East Timor,243,6.5,243,,243,Express
East Timor,258,6.6,258,,258,Express
East Timor,258,6.7,258,,258,Express
East Timor,258,6.8,258,,258,Express
East Timor,258,6.9,258,,258,Express
East Timor,258,7,258,,258,Express
East Timor,273,7.1,273,,273,Express
East Timor,273,7.2,273,,273,Express
East Timor,273,7.3,273,,273,Express
East Timor,273,7.4,273,,273,Express
East Timor,273,7.5,273,,273,Express
East Timor,287,7.6,287,,287,Express
East Timor,287,7.7,287,,287,Express
East Timor,287,7.8,287,,287,Express
East Timor,287,7.9,287,,287,Express
East Timor,287,8,287,,287,Express
East Timor,301,8.1,301,,301,Express
East Timor,301,8.2,301,,301,Express
East Timor,301,8.3,301,,301,Express
East Timor,301,8.4,301,,301,Express
East Timor,301,8.5,301,,301,Express
East Timor,315,8.6,315,,315,Express
East Timor,315,8.7,315,,315,Express
East Timor,315,8.8,315,,315,Express
East Timor,315,8.9,315,,315,Express
East Timor,315,9,315,,315,Express
East Timor,328,9.1,328,,328,Express
East Timor,328,9.2,328,,328,Express
East Timor,328,9.3,328,,328,Express
East Timor,328,9.4,328,,328,Express
East Timor,328,9.5,328,,328,Express
East Timor,337,9.6,337,,337,Express
East Timor,337,9.7,337,,337,Express
East Timor,337,9.8,337,,337,Express
East Timor,337,9.9,337,,337,Express
East Timor,337,10,337,,337,Express
Ecuador,47,0.1,47,,47,Express
Ecuador,47,0.2,47,,47,Express
Ecuador,47,0.3,47,,47,Express
Ecuador,48,0.4,48,,48,Express
Ecuador,48,0.5,48,,48,Express
Ecuador,58,0.6,58,,58,Express
Ecuador,58,0.7,58,,58,Express
Ecuador,58,0.8,58,,58,Express
Ecuador,58,0.9,58,,58,Express
Ecuador,58,1,58,,58,Express
Ecuador,69,1.1,69,,69,Express
Ecuador,69,1.2,69,,69,Express
Ecuador,69,1.3,69,,69,Express
Ecuador,69,1.4,69,,69,Express
Ecuador,69,1.5,69,,69,Express
Ecuador,78,1.6,78,,78,Express
Ecuador,78,1.7,78,,78,Express
Ecuador,79,1.8,79,,79,Express
Ecuador,79,1.9,79,,79,Express
Ecuador,79,2,79,,79,Express
Ecuador,89,2.1,89,,89,Express
Ecuador,89,2.2,89,,89,Express
Ecuador,89,2.3,89,,89,Express
Ecuador,89,2.4,89,,89,Express
Ecuador,89,2.5,89,,89,Express
Ecuador,99,2.6,99,,99,Express
Ecuador,100,2.7,100,,100,Express
Ecuador,100,2.8,100,,100,Express
Ecuador,100,2.9,100,,100,Express
Ecuador,100,3,100,,100,Express
Ecuador,110,3.1,110,,110,Express
Ecuador,110,3.2,110,,110,Express
Ecuador,110,3.3,110,,110,Express
Ecuador,110,3.4,110,,110,Express
Ecuador,111,3.5,111,,111,Express
Ecuador,120,3.6,120,,120,Express
Ecuador,120,3.7,120,,120,Express
Ecuador,120,3.8,120,,120,Express
Ecuador,120,3.9,120,,120,Express
Ecuador,120,4,120,,120,Express
Ecuador,130,4.1,130,,130,Express
Ecuador,131,4.2,131,,131,Express
Ecuador,131,4.3,131,,131,Express
Ecuador,131,4.4,131,,131,Express
Ecuador,131,4.5,131,,131,Express
Ecuador,140,4.6,140,,140,Express
Ecuador,140,4.7,140,,140,Express
Ecuador,141,4.8,141,,141,Express
Ecuador,141,4.9,141,,141,Express
Ecuador,141,5,141,,141,Express
Ecuador,293,5.1,293,,293,Express
Ecuador,293,5.2,293,,293,Express
Ecuador,293,5.3,293,,293,Express
Ecuador,293,5.4,293,,293,Express
Ecuador,294,5.5,294,,294,Express
Ecuador,311,5.6,311,,311,Express
Ecuador,311,5.7,311,,311,Express
Ecuador,312,5.8,312,,312,Express
Ecuador,312,5.9,312,,312,Express
Ecuador,312,6,312,,312,Express
Ecuador,330,6.1,330,,330,Express
Ecuador,330,6.2,330,,330,Express
Ecuador,330,6.3,330,,330,Express
Ecuador,330,6.4,330,,330,Express
Ecuador,331,6.5,331,,331,Express
Ecuador,348,6.6,348,,348,Express
Ecuador,348,6.7,348,,348,Express
Ecuador,348,6.8,348,,348,Express
Ecuador,348,6.9,348,,348,Express
Ecuador,349,7,349,,349,Express
Ecuador,366,7.1,366,,366,Express
Ecuador,367,7.2,367,,367,Express
Ecuador,367,7.3,367,,367,Express
Ecuador,367,7.4,367,,367,Express
Ecuador,367,7.5,367,,367,Express
Ecuador,383,7.6,383,,383,Express
Ecuador,383,7.7,383,,383,Express
Ecuador,383,7.8,383,,383,Express
Ecuador,383,7.9,383,,383,Express
Ecuador,384,8,384,,384,Express
Ecuador,399,8.1,399,,399,Express
Ecuador,400,8.2,400,,400,Express
Ecuador,400,8.3,400,,400,Express
Ecuador,400,8.4,400,,400,Express
Ecuador,400,8.5,400,,400,Express
Ecuador,416,8.6,416,,416,Express
Ecuador,416,8.7,416,,416,Express
Ecuador,416,8.8,416,,416,Express
Ecuador,417,8.9,417,,417,Express
Ecuador,417,9,417,,417,Express
Ecuador,433,9.1,433,,433,Express
Ecuador,433,9.2,433,,433,Express
Ecuador,433,9.3,433,,433,Express
Ecuador,433,9.4,433,,433,Express
Ecuador,433,9.5,433,,433,Express
Ecuador,453,9.6,453,,453,Express
Ecuador,453,9.7,453,,453,Express
Ecuador,454,9.8,454,,454,Express
Ecuador,454,9.9,454,,454,Express
Ecuador,454,10,454,,454,Express
Egypt,47,0.1,47,,47,Express
Egypt,47,0.2,47,,47,Express
Egypt,47,0.3,47,,47,Express
Egypt,48,0.4,48,,48,Express
Egypt,48,0.5,48,,48,Express
Egypt,58,0.6,58,,58,Express
Egypt,58,0.7,58,,58,Express
Egypt,58,0.8,58,,58,Express
Egypt,58,0.9,58,,58,Express
Egypt,58,1,58,,58,Express
Egypt,69,1.1,69,,69,Express
Egypt,69,1.2,69,,69,Express
Egypt,69,1.3,69,,69,Express
Egypt,69,1.4,69,,69,Express
Egypt,69,1.5,69,,69,Express
Egypt,78,1.6,78,,78,Express
Egypt,78,1.7,78,,78,Express
Egypt,79,1.8,79,,79,Express
Egypt,79,1.9,79,,79,Express
Egypt,79,2,79,,79,Express
Egypt,89,2.1,89,,89,Express
Egypt,89,2.2,89,,89,Express
Egypt,89,2.3,89,,89,Express
Egypt,89,2.4,89,,89,Express
Egypt,89,2.5,89,,89,Express
Egypt,99,2.6,99,,99,Express
Egypt,100,2.7,100,,100,Express
Egypt,100,2.8,100,,100,Express
Egypt,100,2.9,100,,100,Express
Egypt,100,3,100,,100,Express
Egypt,110,3.1,110,,110,Express
Egypt,110,3.2,110,,110,Express
Egypt,110,3.3,110,,110,Express
Egypt,110,3.4,110,,110,Express
Egypt,111,3.5,111,,111,Express
Egypt,120,3.6,120,,120,Express
Egypt,120,3.7,120,,120,Express
Egypt,120,3.8,120,,120,Express
Egypt,120,3.9,120,,120,Express
Egypt,120,4,120,,120,Express
Egypt,130,4.1,130,,130,Express
Egypt,131,4.2,131,,131,Express
Egypt,131,4.3,131,,131,Express
Egypt,131,4.4,131,,131,Express
Egypt,131,4.5,131,,131,Express
Egypt,140,4.6,140,,140,Express
Egypt,140,4.7,140,,140,Express
Egypt,141,4.8,141,,141,Express
Egypt,141,4.9,141,,141,Express
Egypt,141,5,141,,141,Express
Egypt,293,5.1,293,,293,Express
Egypt,293,5.2,293,,293,Express
Egypt,293,5.3,293,,293,Express
Egypt,293,5.4,293,,293,Express
Egypt,294,5.5,294,,294,Express
Egypt,311,5.6,311,,311,Express
Egypt,311,5.7,311,,311,Express
Egypt,312,5.8,312,,312,Express
Egypt,312,5.9,312,,312,Express
Egypt,312,6,312,,312,Express
Egypt,330,6.1,330,,330,Express
Egypt,330,6.2,330,,330,Express
Egypt,330,6.3,330,,330,Express
Egypt,330,6.4,330,,330,Express
Egypt,331,6.5,331,,331,Express
Egypt,348,6.6,348,,348,Express
Egypt,348,6.7,348,,348,Express
Egypt,348,6.8,348,,348,Express
Egypt,348,6.9,348,,348,Express
Egypt,349,7,349,,349,Express
Egypt,366,7.1,366,,366,Express
Egypt,367,7.2,367,,367,Express
Egypt,367,7.3,367,,367,Express
Egypt,367,7.4,367,,367,Express
Egypt,367,7.5,367,,367,Express
Egypt,383,7.6,383,,383,Express
Egypt,383,7.7,383,,383,Express
Egypt,383,7.8,383,,383,Express
Egypt,383,7.9,383,,383,Express
Egypt,384,8,384,,384,Express
Egypt,399,8.1,399,,399,Express
Egypt,400,8.2,400,,400,Express
Egypt,400,8.3,400,,400,Express
Egypt,400,8.4,400,,400,Express
Egypt,400,8.5,400,,400,Express
Egypt,416,8.6,416,,416,Express
Egypt,416,8.7,416,,416,Express
Egypt,416,8.8,416,,416,Express
Egypt,417,8.9,417,,417,Express
Egypt,417,9,417,,417,Express
Egypt,433,9.1,433,,433,Express
Egypt,433,9.2,433,,433,Express
Egypt,433,9.3,433,,433,Express
Egypt,433,9.4,433,,433,Express
Egypt,433,9.5,433,,433,Express
Egypt,453,9.6,453,,453,Express
Egypt,453,9.7,453,,453,Express
Egypt,454,9.8,454,,454,Express
Egypt,454,9.9,454,,454,Express
Egypt,454,10,454,,454,Express
El Salvador,47,0.1,47,,47,Express
El Salvador,47,0.2,47,,47,Express
El Salvador,47,0.3,47,,47,Express
El Salvador,48,0.4,48,,48,Express
El Salvador,48,0.5,48,,48,Express
El Salvador,58,0.6,58,,58,Express
El Salvador,58,0.7,58,,58,Express
El Salvador,58,0.8,58,,58,Express
El Salvador,58,0.9,58,,58,Express
El Salvador,58,1,58,,58,Express
El Salvador,69,1.1,69,,69,Express
El Salvador,69,1.2,69,,69,Express
El Salvador,69,1.3,69,,69,Express
El Salvador,69,1.4,69,,69,Express
El Salvador,69,1.5,69,,69,Express
El Salvador,78,1.6,78,,78,Express
El Salvador,78,1.7,78,,78,Express
El Salvador,79,1.8,79,,79,Express
El Salvador,79,1.9,79,,79,Express
El Salvador,79,2,79,,79,Express
El Salvador,89,2.1,89,,89,Express
El Salvador,89,2.2,89,,89,Express
El Salvador,89,2.3,89,,89,Express
El Salvador,89,2.4,89,,89,Express
El Salvador,89,2.5,89,,89,Express
El Salvador,99,2.6,99,,99,Express
El Salvador,100,2.7,100,,100,Express
El Salvador,100,2.8,100,,100,Express
El Salvador,100,2.9,100,,100,Express
El Salvador,100,3,100,,100,Express
El Salvador,110,3.1,110,,110,Express
El Salvador,110,3.2,110,,110,Express
El Salvador,110,3.3,110,,110,Express
El Salvador,110,3.4,110,,110,Express
El Salvador,111,3.5,111,,111,Express
El Salvador,120,3.6,120,,120,Express
El Salvador,120,3.7,120,,120,Express
El Salvador,120,3.8,120,,120,Express
El Salvador,120,3.9,120,,120,Express
El Salvador,120,4,120,,120,Express
El Salvador,130,4.1,130,,130,Express
El Salvador,131,4.2,131,,131,Express
El Salvador,131,4.3,131,,131,Express
El Salvador,131,4.4,131,,131,Express
El Salvador,131,4.5,131,,131,Express
El Salvador,140,4.6,140,,140,Express
El Salvador,140,4.7,140,,140,Express
El Salvador,141,4.8,141,,141,Express
El Salvador,141,4.9,141,,141,Express
El Salvador,141,5,141,,141,Express
El Salvador,293,5.1,293,,293,Express
El Salvador,293,5.2,293,,293,Express
El Salvador,293,5.3,293,,293,Express
El Salvador,293,5.4,293,,293,Express
El Salvador,294,5.5,294,,294,Express
El Salvador,311,5.6,311,,311,Express
El Salvador,311,5.7,311,,311,Express
El Salvador,312,5.8,312,,312,Express
El Salvador,312,5.9,312,,312,Express
El Salvador,312,6,312,,312,Express
El Salvador,330,6.1,330,,330,Express
El Salvador,330,6.2,330,,330,Express
El Salvador,330,6.3,330,,330,Express
El Salvador,330,6.4,330,,330,Express
El Salvador,331,6.5,331,,331,Express
El Salvador,348,6.6,348,,348,Express
El Salvador,348,6.7,348,,348,Express
El Salvador,348,6.8,348,,348,Express
El Salvador,348,6.9,348,,348,Express
El Salvador,349,7,349,,349,Express
El Salvador,366,7.1,366,,366,Express
El Salvador,367,7.2,367,,367,Express
El Salvador,367,7.3,367,,367,Express
El Salvador,367,7.4,367,,367,Express
El Salvador,367,7.5,367,,367,Express
El Salvador,383,7.6,383,,383,Express
El Salvador,383,7.7,383,,383,Express
El Salvador,383,7.8,383,,383,Express
El Salvador,383,7.9,383,,383,Express
El Salvador,384,8,384,,384,Express
El Salvador,399,8.1,399,,399,Express
El Salvador,400,8.2,400,,400,Express
El Salvador,400,8.3,400,,400,Express
El Salvador,400,8.4,400,,400,Express
El Salvador,400,8.5,400,,400,Express
El Salvador,416,8.6,416,,416,Express
El Salvador,416,8.7,416,,416,Express
El Salvador,416,8.8,416,,416,Express
El Salvador,417,8.9,417,,417,Express
El Salvador,417,9,417,,417,Express
El Salvador,433,9.1,433,,433,Express
El Salvador,433,9.2,433,,433,Express
El Salvador,433,9.3,433,,433,Express
El Salvador,433,9.4,433,,433,Express
El Salvador,433,9.5,433,,433,Express
El Salvador,453,9.6,453,,453,Express
El Salvador,453,9.7,453,,453,Express
El Salvador,454,9.8,454,,454,Express
El Salvador,454,9.9,454,,454,Express
El Salvador,454,10,454,,454,Express
Equatorial Guinea,47,0.1,47,,47,Express
Equatorial Guinea,47,0.2,47,,47,Express
Equatorial Guinea,47,0.3,47,,47,Express
Equatorial Guinea,48,0.4,48,,48,Express
Equatorial Guinea,48,0.5,48,,48,Express
Equatorial Guinea,58,0.6,58,,58,Express
Equatorial Guinea,58,0.7,58,,58,Express
Equatorial Guinea,58,0.8,58,,58,Express
Equatorial Guinea,58,0.9,58,,58,Express
Equatorial Guinea,58,1,58,,58,Express
Equatorial Guinea,69,1.1,69,,69,Express
Equatorial Guinea,69,1.2,69,,69,Express
Equatorial Guinea,69,1.3,69,,69,Express
Equatorial Guinea,69,1.4,69,,69,Express
Equatorial Guinea,69,1.5,69,,69,Express
Equatorial Guinea,78,1.6,78,,78,Express
Equatorial Guinea,78,1.7,78,,78,Express
Equatorial Guinea,79,1.8,79,,79,Express
Equatorial Guinea,79,1.9,79,,79,Express
Equatorial Guinea,79,2,79,,79,Express
Equatorial Guinea,89,2.1,89,,89,Express
Equatorial Guinea,89,2.2,89,,89,Express
Equatorial Guinea,89,2.3,89,,89,Express
Equatorial Guinea,89,2.4,89,,89,Express
Equatorial Guinea,89,2.5,89,,89,Express
Equatorial Guinea,99,2.6,99,,99,Express
Equatorial Guinea,100,2.7,100,,100,Express
Equatorial Guinea,100,2.8,100,,100,Express
Equatorial Guinea,100,2.9,100,,100,Express
Equatorial Guinea,100,3,100,,100,Express
Equatorial Guinea,110,3.1,110,,110,Express
Equatorial Guinea,110,3.2,110,,110,Express
Equatorial Guinea,110,3.3,110,,110,Express
Equatorial Guinea,110,3.4,110,,110,Express
Equatorial Guinea,111,3.5,111,,111,Express
Equatorial Guinea,120,3.6,120,,120,Express
Equatorial Guinea,120,3.7,120,,120,Express
Equatorial Guinea,120,3.8,120,,120,Express
Equatorial Guinea,120,3.9,120,,120,Express
Equatorial Guinea,120,4,120,,120,Express
Equatorial Guinea,130,4.1,130,,130,Express
Equatorial Guinea,131,4.2,131,,131,Express
Equatorial Guinea,131,4.3,131,,131,Express
Equatorial Guinea,131,4.4,131,,131,Express
Equatorial Guinea,131,4.5,131,,131,Express
Equatorial Guinea,140,4.6,140,,140,Express
Equatorial Guinea,140,4.7,140,,140,Express
Equatorial Guinea,141,4.8,141,,141,Express
Equatorial Guinea,141,4.9,141,,141,Express
Equatorial Guinea,141,5,141,,141,Express
Equatorial Guinea,293,5.1,293,,293,Express
Equatorial Guinea,293,5.2,293,,293,Express
Equatorial Guinea,293,5.3,293,,293,Express
Equatorial Guinea,293,5.4,293,,293,Express
Equatorial Guinea,294,5.5,294,,294,Express
Equatorial Guinea,311,5.6,311,,311,Express
Equatorial Guinea,311,5.7,311,,311,Express
Equatorial Guinea,312,5.8,312,,312,Express
Equatorial Guinea,312,5.9,312,,312,Express
Equatorial Guinea,312,6,312,,312,Express
Equatorial Guinea,330,6.1,330,,330,Express
Equatorial Guinea,330,6.2,330,,330,Express
Equatorial Guinea,330,6.3,330,,330,Express
Equatorial Guinea,330,6.4,330,,330,Express
Equatorial Guinea,331,6.5,331,,331,Express
Equatorial Guinea,348,6.6,348,,348,Express
Equatorial Guinea,348,6.7,348,,348,Express
Equatorial Guinea,348,6.8,348,,348,Express
Equatorial Guinea,348,6.9,348,,348,Express
Equatorial Guinea,349,7,349,,349,Express
Equatorial Guinea,366,7.1,366,,366,Express
Equatorial Guinea,367,7.2,367,,367,Express
Equatorial Guinea,367,7.3,367,,367,Express
Equatorial Guinea,367,7.4,367,,367,Express
Equatorial Guinea,367,7.5,367,,367,Express
Equatorial Guinea,383,7.6,383,,383,Express
Equatorial Guinea,383,7.7,383,,383,Express
Equatorial Guinea,383,7.8,383,,383,Express
Equatorial Guinea,383,7.9,383,,383,Express
Equatorial Guinea,384,8,384,,384,Express
Equatorial Guinea,399,8.1,399,,399,Express
Equatorial Guinea,400,8.2,400,,400,Express
Equatorial Guinea,400,8.3,400,,400,Express
Equatorial Guinea,400,8.4,400,,400,Express
Equatorial Guinea,400,8.5,400,,400,Express
Equatorial Guinea,416,8.6,416,,416,Express
Equatorial Guinea,416,8.7,416,,416,Express
Equatorial Guinea,416,8.8,416,,416,Express
Equatorial Guinea,417,8.9,417,,417,Express
Equatorial Guinea,417,9,417,,417,Express
Equatorial Guinea,433,9.1,433,,433,Express
Equatorial Guinea,433,9.2,433,,433,Express
Equatorial Guinea,433,9.3,433,,433,Express
Equatorial Guinea,433,9.4,433,,433,Express
Equatorial Guinea,433,9.5,433,,433,Express
Equatorial Guinea,453,9.6,453,,453,Express
Equatorial Guinea,453,9.7,453,,453,Express
Equatorial Guinea,454,9.8,454,,454,Express
Equatorial Guinea,454,9.9,454,,454,Express
Equatorial Guinea,454,10,454,,454,Express
Eritrea,47,0.1,47,,47,Express
Eritrea,47,0.2,47,,47,Express
Eritrea,47,0.3,47,,47,Express
Eritrea,48,0.4,48,,48,Express
Eritrea,48,0.5,48,,48,Express
Eritrea,58,0.6,58,,58,Express
Eritrea,58,0.7,58,,58,Express
Eritrea,58,0.8,58,,58,Express
Eritrea,58,0.9,58,,58,Express
Eritrea,58,1,58,,58,Express
Eritrea,69,1.1,69,,69,Express
Eritrea,69,1.2,69,,69,Express
Eritrea,69,1.3,69,,69,Express
Eritrea,69,1.4,69,,69,Express
Eritrea,69,1.5,69,,69,Express
Eritrea,78,1.6,78,,78,Express
Eritrea,78,1.7,78,,78,Express
Eritrea,79,1.8,79,,79,Express
Eritrea,79,1.9,79,,79,Express
Eritrea,79,2,79,,79,Express
Eritrea,89,2.1,89,,89,Express
Eritrea,89,2.2,89,,89,Express
Eritrea,89,2.3,89,,89,Express
Eritrea,89,2.4,89,,89,Express
Eritrea,89,2.5,89,,89,Express
Eritrea,99,2.6,99,,99,Express
Eritrea,100,2.7,100,,100,Express
Eritrea,100,2.8,100,,100,Express
Eritrea,100,2.9,100,,100,Express
Eritrea,100,3,100,,100,Express
Eritrea,110,3.1,110,,110,Express
Eritrea,110,3.2,110,,110,Express
Eritrea,110,3.3,110,,110,Express
Eritrea,110,3.4,110,,110,Express
Eritrea,111,3.5,111,,111,Express
Eritrea,120,3.6,120,,120,Express
Eritrea,120,3.7,120,,120,Express
Eritrea,120,3.8,120,,120,Express
Eritrea,120,3.9,120,,120,Express
Eritrea,120,4,120,,120,Express
Eritrea,130,4.1,130,,130,Express
Eritrea,131,4.2,131,,131,Express
Eritrea,131,4.3,131,,131,Express
Eritrea,131,4.4,131,,131,Express
Eritrea,131,4.5,131,,131,Express
Eritrea,140,4.6,140,,140,Express
Eritrea,140,4.7,140,,140,Express
Eritrea,141,4.8,141,,141,Express
Eritrea,141,4.9,141,,141,Express
Eritrea,141,5,141,,141,Express
Eritrea,293,5.1,293,,293,Express
Eritrea,293,5.2,293,,293,Express
Eritrea,293,5.3,293,,293,Express
Eritrea,293,5.4,293,,293,Express
Eritrea,294,5.5,294,,294,Express
Eritrea,311,5.6,311,,311,Express
Eritrea,311,5.7,311,,311,Express
Eritrea,312,5.8,312,,312,Express
Eritrea,312,5.9,312,,312,Express
Eritrea,312,6,312,,312,Express
Eritrea,330,6.1,330,,330,Express
Eritrea,330,6.2,330,,330,Express
Eritrea,330,6.3,330,,330,Express
Eritrea,330,6.4,330,,330,Express
Eritrea,331,6.5,331,,331,Express
Eritrea,348,6.6,348,,348,Express
Eritrea,348,6.7,348,,348,Express
Eritrea,348,6.8,348,,348,Express
Eritrea,348,6.9,348,,348,Express
Eritrea,349,7,349,,349,Express
Eritrea,366,7.1,366,,366,Express
Eritrea,367,7.2,367,,367,Express
Eritrea,367,7.3,367,,367,Express
Eritrea,367,7.4,367,,367,Express
Eritrea,367,7.5,367,,367,Express
Eritrea,383,7.6,383,,383,Express
Eritrea,383,7.7,383,,383,Express
Eritrea,383,7.8,383,,383,Express
Eritrea,383,7.9,383,,383,Express
Eritrea,384,8,384,,384,Express
Eritrea,399,8.1,399,,399,Express
Eritrea,400,8.2,400,,400,Express
Eritrea,400,8.3,400,,400,Express
Eritrea,400,8.4,400,,400,Express
Eritrea,400,8.5,400,,400,Express
Eritrea,416,8.6,416,,416,Express
Eritrea,416,8.7,416,,416,Express
Eritrea,416,8.8,416,,416,Express
Eritrea,417,8.9,417,,417,Express
Eritrea,417,9,417,,417,Express
Eritrea,433,9.1,433,,433,Express
Eritrea,433,9.2,433,,433,Express
Eritrea,433,9.3,433,,433,Express
Eritrea,433,9.4,433,,433,Express
Eritrea,433,9.5,433,,433,Express
Eritrea,453,9.6,453,,453,Express
Eritrea,453,9.7,453,,453,Express
Eritrea,454,9.8,454,,454,Express
Eritrea,454,9.9,454,,454,Express
Eritrea,454,10,454,,454,Express
Estonia,21,0.1,21,21,47,Economy
Estonia,21,0.2,21,21,47,Economy
Estonia,21,0.3,21,21,47,Economy
Estonia,21,0.4,21,21,48,Economy
Estonia,21,0.5,21,21,48,Economy
Estonia,23,0.6,23,23,58,Economy
Estonia,23,0.7,23,23,58,Economy
Estonia,24,0.8,24,24,58,Economy
Estonia,24,0.9,24,24,58,Economy
Estonia,24,1,24,24,58,Economy
Estonia,25,1.1,25,25,69,Economy
Estonia,25,1.2,25,25,69,Economy
Estonia,26,1.3,26,26,69,Economy
Estonia,26,1.4,26,26,69,Economy
Estonia,26,1.5,26,26,69,Economy
Estonia,28,1.6,28,28,78,Economy
Estonia,28,1.7,28,28,78,Economy
Estonia,30,1.8,30,30,79,Economy
Estonia,30,1.9,30,30,79,Economy
Estonia,30,2,30,30,79,Economy
Estonia,33,2.1,33,33,89,Economy
Estonia,33,2.2,33,33,89,Economy
Estonia,33,2.3,33,33,89,Economy
Estonia,33,2.4,33,33,89,Economy
Estonia,33,2.5,33,33,89,Economy
Estonia,36,2.6,36,36,99,Economy
Estonia,36,2.7,36,36,100,Economy
Estonia,36,2.8,36,36,100,Economy
Estonia,36,2.9,36,36,100,Economy
Estonia,36,3,36,36,100,Economy
Estonia,38,3.1,38,38,110,Economy
Estonia,38,3.2,38,38,110,Economy
Estonia,38,3.3,38,38,110,Economy
Estonia,38,3.4,38,38,110,Economy
Estonia,38,3.5,38,38,111,Economy
Estonia,41,3.6,41,41,120,Economy
Estonia,41,3.7,41,41,120,Economy
Estonia,41,3.8,41,41,120,Economy
Estonia,41,3.9,41,41,120,Economy
Estonia,41,4,41,41,120,Economy
Estonia,44,4.1,44,44,130,Economy
Estonia,44,4.2,44,44,131,Economy
Estonia,44,4.3,44,44,131,Economy
Estonia,44,4.4,44,44,131,Economy
Estonia,44,4.5,44,44,131,Economy
Estonia,47,4.6,47,47,140,Economy
Estonia,47,4.7,47,47,140,Economy
Estonia,47,4.8,47,47,141,Economy
Estonia,47,4.9,47,47,141,Economy
Estonia,47,5,47,47,141,Economy
Estonia,50,5.1,50,50,293,Economy
Estonia,50,5.2,50,50,293,Economy
Estonia,50,5.3,50,50,293,Economy
Estonia,50,5.4,50,50,293,Economy
Estonia,50,5.5,50,50,294,Economy
Estonia,53,5.6,53,53,311,Economy
Estonia,53,5.7,53,53,311,Economy
Estonia,53,5.8,53,53,312,Economy
Estonia,53,5.9,53,53,312,Economy
Estonia,53,6,53,53,312,Economy
Estonia,56,6.1,56,56,330,Economy
Estonia,56,6.2,56,56,330,Economy
Estonia,56,6.3,56,56,330,Economy
Estonia,56,6.4,56,56,330,Economy
Estonia,56,6.5,56,56,331,Economy
Estonia,60,6.6,60,60,348,Economy
Estonia,60,6.7,60,60,348,Economy
Estonia,60,6.8,60,60,348,Economy
Estonia,60,6.9,60,60,348,Economy
Estonia,60,7,60,60,349,Economy
Estonia,64,7.1,64,64,366,Economy
Estonia,64,7.2,64,64,367,Economy
Estonia,64,7.3,64,64,367,Economy
Estonia,64,7.4,64,64,367,Economy
Estonia,64,7.5,64,64,367,Economy
Estonia,67,7.6,67,67,383,Economy
Estonia,67,7.7,67,67,383,Economy
Estonia,67,7.8,67,67,383,Economy
Estonia,67,7.9,67,67,383,Economy
Estonia,67,8,67,67,384,Economy
Estonia,71,8.1,71,71,399,Economy
Estonia,71,8.2,71,71,400,Economy
Estonia,71,8.3,71,71,400,Economy
Estonia,71,8.4,71,71,400,Economy
Estonia,71,8.5,71,71,400,Economy
Estonia,75,8.6,75,75,416,Economy
Estonia,75,8.7,75,75,416,Economy
Estonia,75,8.8,75,75,416,Economy
Estonia,75,8.9,75,75,417,Economy
Estonia,75,9,75,75,417,Economy
Estonia,78,9.1,78,78,433,Economy
Estonia,78,9.2,78,78,433,Economy
Estonia,78,9.3,78,78,433,Economy
Estonia,78,9.4,78,78,433,Economy
Estonia,78,9.5,78,78,433,Economy
Estonia,83,9.6,83,83,453,Economy
Estonia,83,9.7,83,83,453,Economy
Estonia,83,9.8,83,83,454,Economy
Estonia,83,9.9,83,83,454,Economy
Estonia,83,10,83,83,454,Economy
Eswatini,47,0.1,47,,47,Express
Eswatini,47,0.2,47,,47,Express
Eswatini,47,0.3,47,,47,Express
Eswatini,48,0.4,48,,48,Express
Eswatini,48,0.5,48,,48,Express
Eswatini,58,0.6,58,,58,Express
Eswatini,58,0.7,58,,58,Express
Eswatini,58,0.8,58,,58,Express
Eswatini,58,0.9,58,,58,Express
Eswatini,58,1,58,,58,Express
Eswatini,69,1.1,69,,69,Express
Eswatini,69,1.2,69,,69,Express
Eswatini,69,1.3,69,,69,Express
Eswatini,69,1.4,69,,69,Express
Eswatini,69,1.5,69,,69,Express
Eswatini,78,1.6,78,,78,Express
Eswatini,78,1.7,78,,78,Express
Eswatini,79,1.8,79,,79,Express
Eswatini,79,1.9,79,,79,Express
Eswatini,79,2,79,,79,Express
Eswatini,89,2.1,89,,89,Express
Eswatini,89,2.2,89,,89,Express
Eswatini,89,2.3,89,,89,Express
Eswatini,89,2.4,89,,89,Express
Eswatini,89,2.5,89,,89,Express
Eswatini,99,2.6,99,,99,Express
Eswatini,100,2.7,100,,100,Express
Eswatini,100,2.8,100,,100,Express
Eswatini,100,2.9,100,,100,Express
Eswatini,100,3,100,,100,Express
Eswatini,110,3.1,110,,110,Express
Eswatini,110,3.2,110,,110,Express
Eswatini,110,3.3,110,,110,Express
Eswatini,110,3.4,110,,110,Express
Eswatini,111,3.5,111,,111,Express
Eswatini,120,3.6,120,,120,Express
Eswatini,120,3.7,120,,120,Express
Eswatini,120,3.8,120,,120,Express
Eswatini,120,3.9,120,,120,Express
Eswatini,120,4,120,,120,Express
Eswatini,130,4.1,130,,130,Express
Eswatini,131,4.2,131,,131,Express
Eswatini,131,4.3,131,,131,Express
Eswatini,131,4.4,131,,131,Express
Eswatini,131,4.5,131,,131,Express
Eswatini,140,4.6,140,,140,Express
Eswatini,140,4.7,140,,140,Express
Eswatini,141,4.8,141,,141,Express
Eswatini,141,4.9,141,,141,Express
Eswatini,141,5,141,,141,Express
Eswatini,293,5.1,293,,293,Express
Eswatini,293,5.2,293,,293,Express
Eswatini,293,5.3,293,,293,Express
Eswatini,293,5.4,293,,293,Express
Eswatini,294,5.5,294,,294,Express
Eswatini,311,5.6,311,,311,Express
Eswatini,311,5.7,311,,311,Express
Eswatini,312,5.8,312,,312,Express
Eswatini,312,5.9,312,,312,Express
Eswatini,312,6,312,,312,Express
Eswatini,330,6.1,330,,330,Express
Eswatini,330,6.2,330,,330,Express
Eswatini,330,6.3,330,,330,Express
Eswatini,330,6.4,330,,330,Express
Eswatini,331,6.5,331,,331,Express
Eswatini,348,6.6,348,,348,Express
Eswatini,348,6.7,348,,348,Express
Eswatini,348,6.8,348,,348,Express
Eswatini,348,6.9,348,,348,Express
Eswatini,349,7,349,,349,Express
Eswatini,366,7.1,366,,366,Express
Eswatini,367,7.2,367,,367,Express
Eswatini,367,7.3,367,,367,Express
Eswatini,367,7.4,367,,367,Express
Eswatini,367,7.5,367,,367,Express
Eswatini,383,7.6,383,,383,Express
Eswatini,383,7.7,383,,383,Express
Eswatini,383,7.8,383,,383,Express
Eswatini,383,7.9,383,,383,Express
Eswatini,384,8,384,,384,Express
Eswatini,399,8.1,399,,399,Express
Eswatini,400,8.2,400,,400,Express
Eswatini,400,8.3,400,,400,Express
Eswatini,400,8.4,400,,400,Express
Eswatini,400,8.5,400,,400,Express
Eswatini,416,8.6,416,,416,Express
Eswatini,416,8.7,416,,416,Express
Eswatini,416,8.8,416,,416,Express
Eswatini,417,8.9,417,,417,Express
Eswatini,417,9,417,,417,Express
Eswatini,433,9.1,433,,433,Express
Eswatini,433,9.2,433,,433,Express
Eswatini,433,9.3,433,,433,Express
Eswatini,433,9.4,433,,433,Express
Eswatini,433,9.5,433,,433,Express
Eswatini,453,9.6,453,,453,Express
Eswatini,453,9.7,453,,453,Express
Eswatini,454,9.8,454,,454,Express
Eswatini,454,9.9,454,,454,Express
Eswatini,454,10,454,,454,Express
Ethiopia,47,0.1,47,,47,Express
Ethiopia,47,0.2,47,,47,Express
Ethiopia,47,0.3,47,,47,Express
Ethiopia,48,0.4,48,,48,Express
Ethiopia,48,0.5,48,,48,Express
Ethiopia,58,0.6,58,,58,Express
Ethiopia,58,0.7,58,,58,Express
Ethiopia,58,0.8,58,,58,Express
Ethiopia,58,0.9,58,,58,Express
Ethiopia,58,1,58,,58,Express
Ethiopia,69,1.1,69,,69,Express
Ethiopia,69,1.2,69,,69,Express
Ethiopia,69,1.3,69,,69,Express
Ethiopia,69,1.4,69,,69,Express
Ethiopia,69,1.5,69,,69,Express
Ethiopia,78,1.6,78,,78,Express
Ethiopia,78,1.7,78,,78,Express
Ethiopia,79,1.8,79,,79,Express
Ethiopia,79,1.9,79,,79,Express
Ethiopia,79,2,79,,79,Express
Ethiopia,89,2.1,89,,89,Express
Ethiopia,89,2.2,89,,89,Express
Ethiopia,89,2.3,89,,89,Express
Ethiopia,89,2.4,89,,89,Express
Ethiopia,89,2.5,89,,89,Express
Ethiopia,99,2.6,99,,99,Express
Ethiopia,100,2.7,100,,100,Express
Ethiopia,100,2.8,100,,100,Express
Ethiopia,100,2.9,100,,100,Express
Ethiopia,100,3,100,,100,Express
Ethiopia,110,3.1,110,,110,Express
Ethiopia,110,3.2,110,,110,Express
Ethiopia,110,3.3,110,,110,Express
Ethiopia,110,3.4,110,,110,Express
Ethiopia,111,3.5,111,,111,Express
Ethiopia,120,3.6,120,,120,Express
Ethiopia,120,3.7,120,,120,Express
Ethiopia,120,3.8,120,,120,Express
Ethiopia,120,3.9,120,,120,Express
Ethiopia,120,4,120,,120,Express
Ethiopia,130,4.1,130,,130,Express
Ethiopia,131,4.2,131,,131,Express
Ethiopia,131,4.3,131,,131,Express
Ethiopia,131,4.4,131,,131,Express
Ethiopia,131,4.5,131,,131,Express
Ethiopia,140,4.6,140,,140,Express
Ethiopia,140,4.7,140,,140,Express
Ethiopia,141,4.8,141,,141,Express
Ethiopia,141,4.9,141,,141,Express
Ethiopia,141,5,141,,141,Express
Ethiopia,293,5.1,293,,293,Express
Ethiopia,293,5.2,293,,293,Express
Ethiopia,293,5.3,293,,293,Express
Ethiopia,293,5.4,293,,293,Express
Ethiopia,294,5.5,294,,294,Express
Ethiopia,311,5.6,311,,311,Express
Ethiopia,311,5.7,311,,311,Express
Ethiopia,312,5.8,312,,312,Express
Ethiopia,312,5.9,312,,312,Express
Ethiopia,312,6,312,,312,Express
Ethiopia,330,6.1,330,,330,Express
Ethiopia,330,6.2,330,,330,Express
Ethiopia,330,6.3,330,,330,Express
Ethiopia,330,6.4,330,,330,Express
Ethiopia,331,6.5,331,,331,Express
Ethiopia,348,6.6,348,,348,Express
Ethiopia,348,6.7,348,,348,Express
Ethiopia,348,6.8,348,,348,Express
Ethiopia,348,6.9,348,,348,Express
Ethiopia,349,7,349,,349,Express
Ethiopia,366,7.1,366,,366,Express
Ethiopia,367,7.2,367,,367,Express
Ethiopia,367,7.3,367,,367,Express
Ethiopia,367,7.4,367,,367,Express
Ethiopia,367,7.5,367,,367,Express
Ethiopia,383,7.6,383,,383,Express
Ethiopia,383,7.7,383,,383,Express
Ethiopia,383,7.8,383,,383,Express
Ethiopia,383,7.9,383,,383,Express
Ethiopia,384,8,384,,384,Express
Ethiopia,399,8.1,399,,399,Express
Ethiopia,400,8.2,400,,400,Express
Ethiopia,400,8.3,400,,400,Express
Ethiopia,400,8.4,400,,400,Express
Ethiopia,400,8.5,400,,400,Express
Ethiopia,416,8.6,416,,416,Express
Ethiopia,416,8.7,416,,416,Express
Ethiopia,416,8.8,416,,416,Express
Ethiopia,417,8.9,417,,417,Express
Ethiopia,417,9,417,,417,Express
Ethiopia,433,9.1,433,,433,Express
Ethiopia,433,9.2,433,,433,Express
Ethiopia,433,9.3,433,,433,Express
Ethiopia,433,9.4,433,,433,Express
Ethiopia,433,9.5,433,,433,Express
Ethiopia,453,9.6,453,,453,Express
Ethiopia,453,9.7,453,,453,Express
Ethiopia,454,9.8,454,,454,Express
Ethiopia,454,9.9,454,,454,Express
Ethiopia,454,10,454,,454,Express
Falkland Islands,47,0.1,47,,47,Express
Falkland Islands,47,0.2,47,,47,Express
Falkland Islands,47,0.3,47,,47,Express
Falkland Islands,48,0.4,48,,48,Express
Falkland Islands,48,0.5,48,,48,Express
Falkland Islands,58,0.6,58,,58,Express
Falkland Islands,58,0.7,58,,58,Express
Falkland Islands,58,0.8,58,,58,Express
Falkland Islands,58,0.9,58,,58,Express
Falkland Islands,58,1,58,,58,Express
Falkland Islands,69,1.1,69,,69,Express
Falkland Islands,69,1.2,69,,69,Express
Falkland Islands,69,1.3,69,,69,Express
Falkland Islands,69,1.4,69,,69,Express
Falkland Islands,69,1.5,69,,69,Express
Falkland Islands,78,1.6,78,,78,Express
Falkland Islands,78,1.7,78,,78,Express
Falkland Islands,79,1.8,79,,79,Express
Falkland Islands,79,1.9,79,,79,Express
Falkland Islands,79,2,79,,79,Express
Falkland Islands,89,2.1,89,,89,Express
Falkland Islands,89,2.2,89,,89,Express
Falkland Islands,89,2.3,89,,89,Express
Falkland Islands,89,2.4,89,,89,Express
Falkland Islands,89,2.5,89,,89,Express
Falkland Islands,99,2.6,99,,99,Express
Falkland Islands,100,2.7,100,,100,Express
Falkland Islands,100,2.8,100,,100,Express
Falkland Islands,100,2.9,100,,100,Express
Falkland Islands,100,3,100,,100,Express
Falkland Islands,110,3.1,110,,110,Express
Falkland Islands,110,3.2,110,,110,Express
Falkland Islands,110,3.3,110,,110,Express
Falkland Islands,110,3.4,110,,110,Express
Falkland Islands,111,3.5,111,,111,Express
Falkland Islands,120,3.6,120,,120,Express
Falkland Islands,120,3.7,120,,120,Express
Falkland Islands,120,3.8,120,,120,Express
Falkland Islands,120,3.9,120,,120,Express
Falkland Islands,120,4,120,,120,Express
Falkland Islands,130,4.1,130,,130,Express
Falkland Islands,131,4.2,131,,131,Express
Falkland Islands,131,4.3,131,,131,Express
Falkland Islands,131,4.4,131,,131,Express
Falkland Islands,131,4.5,131,,131,Express
Falkland Islands,140,4.6,140,,140,Express
Falkland Islands,140,4.7,140,,140,Express
Falkland Islands,141,4.8,141,,141,Express
Falkland Islands,141,4.9,141,,141,Express
Falkland Islands,141,5,141,,141,Express
Falkland Islands,293,5.1,293,,293,Express
Falkland Islands,293,5.2,293,,293,Express
Falkland Islands,293,5.3,293,,293,Express
Falkland Islands,293,5.4,293,,293,Express
Falkland Islands,294,5.5,294,,294,Express
Falkland Islands,311,5.6,311,,311,Express
Falkland Islands,311,5.7,311,,311,Express
Falkland Islands,312,5.8,312,,312,Express
Falkland Islands,312,5.9,312,,312,Express
Falkland Islands,312,6,312,,312,Express
Falkland Islands,330,6.1,330,,330,Express
Falkland Islands,330,6.2,330,,330,Express
Falkland Islands,330,6.3,330,,330,Express
Falkland Islands,330,6.4,330,,330,Express
Falkland Islands,331,6.5,331,,331,Express
Falkland Islands,348,6.6,348,,348,Express
Falkland Islands,348,6.7,348,,348,Express
Falkland Islands,348,6.8,348,,348,Express
Falkland Islands,348,6.9,348,,348,Express
Falkland Islands,349,7,349,,349,Express
Falkland Islands,366,7.1,366,,366,Express
Falkland Islands,367,7.2,367,,367,Express
Falkland Islands,367,7.3,367,,367,Express
Falkland Islands,367,7.4,367,,367,Express
Falkland Islands,367,7.5,367,,367,Express
Falkland Islands,383,7.6,383,,383,Express
Falkland Islands,383,7.7,383,,383,Express
Falkland Islands,383,7.8,383,,383,Express
Falkland Islands,383,7.9,383,,383,Express
Falkland Islands,384,8,384,,384,Express
Falkland Islands,399,8.1,399,,399,Express
Falkland Islands,400,8.2,400,,400,Express
Falkland Islands,400,8.3,400,,400,Express
Falkland Islands,400,8.4,400,,400,Express
Falkland Islands,400,8.5,400,,400,Express
Falkland Islands,416,8.6,416,,416,Express
Falkland Islands,416,8.7,416,,416,Express
Falkland Islands,416,8.8,416,,416,Express
Falkland Islands,417,8.9,417,,417,Express
Falkland Islands,417,9,417,,417,Express
Falkland Islands,433,9.1,433,,433,Express
Falkland Islands,433,9.2,433,,433,Express
Falkland Islands,433,9.3,433,,433,Express
Falkland Islands,433,9.4,433,,433,Express
Falkland Islands,433,9.5,433,,433,Express
Falkland Islands,453,9.6,453,,453,Express
Falkland Islands,453,9.7,453,,453,Express
Falkland Islands,454,9.8,454,,454,Express
Falkland Islands,454,9.9,454,,454,Express
Falkland Islands,454,10,454,,454,Express
Faroe Islands,47,0.1,47,,47,Express
Faroe Islands,47,0.2,47,,47,Express
Faroe Islands,47,0.3,47,,47,Express
Faroe Islands,48,0.4,48,,48,Express
Faroe Islands,48,0.5,48,,48,Express
Faroe Islands,58,0.6,58,,58,Express
Faroe Islands,58,0.7,58,,58,Express
Faroe Islands,58,0.8,58,,58,Express
Faroe Islands,58,0.9,58,,58,Express
Faroe Islands,58,1,58,,58,Express
Faroe Islands,69,1.1,69,,69,Express
Faroe Islands,69,1.2,69,,69,Express
Faroe Islands,69,1.3,69,,69,Express
Faroe Islands,69,1.4,69,,69,Express
Faroe Islands,69,1.5,69,,69,Express
Faroe Islands,78,1.6,78,,78,Express
Faroe Islands,78,1.7,78,,78,Express
Faroe Islands,79,1.8,79,,79,Express
Faroe Islands,79,1.9,79,,79,Express
Faroe Islands,79,2,79,,79,Express
Faroe Islands,89,2.1,89,,89,Express
Faroe Islands,89,2.2,89,,89,Express
Faroe Islands,89,2.3,89,,89,Express
Faroe Islands,89,2.4,89,,89,Express
Faroe Islands,89,2.5,89,,89,Express
Faroe Islands,99,2.6,99,,99,Express
Faroe Islands,100,2.7,100,,100,Express
Faroe Islands,100,2.8,100,,100,Express
Faroe Islands,100,2.9,100,,100,Express
Faroe Islands,100,3,100,,100,Express
Faroe Islands,110,3.1,110,,110,Express
Faroe Islands,110,3.2,110,,110,Express
Faroe Islands,110,3.3,110,,110,Express
Faroe Islands,110,3.4,110,,110,Express
Faroe Islands,111,3.5,111,,111,Express
Faroe Islands,120,3.6,120,,120,Express
Faroe Islands,120,3.7,120,,120,Express
Faroe Islands,120,3.8,120,,120,Express
Faroe Islands,120,3.9,120,,120,Express
Faroe Islands,120,4,120,,120,Express
Faroe Islands,130,4.1,130,,130,Express
Faroe Islands,131,4.2,131,,131,Express
Faroe Islands,131,4.3,131,,131,Express
Faroe Islands,131,4.4,131,,131,Express
Faroe Islands,131,4.5,131,,131,Express
Faroe Islands,140,4.6,140,,140,Express
Faroe Islands,140,4.7,140,,140,Express
Faroe Islands,141,4.8,141,,141,Express
Faroe Islands,141,4.9,141,,141,Express
Faroe Islands,141,5,141,,141,Express
Faroe Islands,293,5.1,293,,293,Express
Faroe Islands,293,5.2,293,,293,Express
Faroe Islands,293,5.3,293,,293,Express
Faroe Islands,293,5.4,293,,293,Express
Faroe Islands,294,5.5,294,,294,Express
Faroe Islands,311,5.6,311,,311,Express
Faroe Islands,311,5.7,311,,311,Express
Faroe Islands,312,5.8,312,,312,Express
Faroe Islands,312,5.9,312,,312,Express
Faroe Islands,312,6,312,,312,Express
Faroe Islands,330,6.1,330,,330,Express
Faroe Islands,330,6.2,330,,330,Express
Faroe Islands,330,6.3,330,,330,Express
Faroe Islands,330,6.4,330,,330,Express
Faroe Islands,331,6.5,331,,331,Express
Faroe Islands,348,6.6,348,,348,Express
Faroe Islands,348,6.7,348,,348,Express
Faroe Islands,348,6.8,348,,348,Express
Faroe Islands,348,6.9,348,,348,Express
Faroe Islands,349,7,349,,349,Express
Faroe Islands,366,7.1,366,,366,Express
Faroe Islands,367,7.2,367,,367,Express
Faroe Islands,367,7.3,367,,367,Express
Faroe Islands,367,7.4,367,,367,Express
Faroe Islands,367,7.5,367,,367,Express
Faroe Islands,383,7.6,383,,383,Express
Faroe Islands,383,7.7,383,,383,Express
Faroe Islands,383,7.8,383,,383,Express
Faroe Islands,383,7.9,383,,383,Express
Faroe Islands,384,8,384,,384,Express
Faroe Islands,399,8.1,399,,399,Express
Faroe Islands,400,8.2,400,,400,Express
Faroe Islands,400,8.3,400,,400,Express
Faroe Islands,400,8.4,400,,400,Express
Faroe Islands,400,8.5,400,,400,Express
Faroe Islands,416,8.6,416,,416,Express
Faroe Islands,416,8.7,416,,416,Express
Faroe Islands,416,8.8,416,,416,Express
Faroe Islands,417,8.9,417,,417,Express
Faroe Islands,417,9,417,,417,Express
Faroe Islands,433,9.1,433,,433,Express
Faroe Islands,433,9.2,433,,433,Express
Faroe Islands,433,9.3,433,,433,Express
Faroe Islands,433,9.4,433,,433,Express
Faroe Islands,433,9.5,433,,433,Express
Faroe Islands,453,9.6,453,,453,Express
Faroe Islands,453,9.7,453,,453,Express
Faroe Islands,454,9.8,454,,454,Express
Faroe Islands,454,9.9,454,,454,Express
Faroe Islands,454,10,454,,454,Express
Fiji,47,0.1,47,,47,Express
Fiji,47,0.2,47,,47,Express
Fiji,47,0.3,47,,47,Express
Fiji,48,0.4,48,,48,Express
Fiji,48,0.5,48,,48,Express
Fiji,58,0.6,58,,58,Express
Fiji,58,0.7,58,,58,Express
Fiji,58,0.8,58,,58,Express
Fiji,58,0.9,58,,58,Express
Fiji,58,1,58,,58,Express
Fiji,69,1.1,69,,69,Express
Fiji,69,1.2,69,,69,Express
Fiji,69,1.3,69,,69,Express
Fiji,69,1.4,69,,69,Express
Fiji,69,1.5,69,,69,Express
Fiji,78,1.6,78,,78,Express
Fiji,78,1.7,78,,78,Express
Fiji,79,1.8,79,,79,Express
Fiji,79,1.9,79,,79,Express
Fiji,79,2,79,,79,Express
Fiji,89,2.1,89,,89,Express
Fiji,89,2.2,89,,89,Express
Fiji,89,2.3,89,,89,Express
Fiji,89,2.4,89,,89,Express
Fiji,89,2.5,89,,89,Express
Fiji,99,2.6,99,,99,Express
Fiji,100,2.7,100,,100,Express
Fiji,100,2.8,100,,100,Express
Fiji,100,2.9,100,,100,Express
Fiji,100,3,100,,100,Express
Fiji,110,3.1,110,,110,Express
Fiji,110,3.2,110,,110,Express
Fiji,110,3.3,110,,110,Express
Fiji,110,3.4,110,,110,Express
Fiji,111,3.5,111,,111,Express
Fiji,120,3.6,120,,120,Express
Fiji,120,3.7,120,,120,Express
Fiji,120,3.8,120,,120,Express
Fiji,120,3.9,120,,120,Express
Fiji,120,4,120,,120,Express
Fiji,130,4.1,130,,130,Express
Fiji,131,4.2,131,,131,Express
Fiji,131,4.3,131,,131,Express
Fiji,131,4.4,131,,131,Express
Fiji,131,4.5,131,,131,Express
Fiji,140,4.6,140,,140,Express
Fiji,140,4.7,140,,140,Express
Fiji,141,4.8,141,,141,Express
Fiji,141,4.9,141,,141,Express
Fiji,141,5,141,,141,Express
Fiji,293,5.1,293,,293,Express
Fiji,293,5.2,293,,293,Express
Fiji,293,5.3,293,,293,Express
Fiji,293,5.4,293,,293,Express
Fiji,294,5.5,294,,294,Express
Fiji,311,5.6,311,,311,Express
Fiji,311,5.7,311,,311,Express
Fiji,312,5.8,312,,312,Express
Fiji,312,5.9,312,,312,Express
Fiji,312,6,312,,312,Express
Fiji,330,6.1,330,,330,Express
Fiji,330,6.2,330,,330,Express
Fiji,330,6.3,330,,330,Express
Fiji,330,6.4,330,,330,Express
Fiji,331,6.5,331,,331,Express
Fiji,348,6.6,348,,348,Express
Fiji,348,6.7,348,,348,Express
Fiji,348,6.8,348,,348,Express
Fiji,348,6.9,348,,348,Express
Fiji,349,7,349,,349,Express
Fiji,366,7.1,366,,366,Express
Fiji,367,7.2,367,,367,Express
Fiji,367,7.3,367,,367,Express
Fiji,367,7.4,367,,367,Express
Fiji,367,7.5,367,,367,Express
Fiji,383,7.6,383,,383,Express
Fiji,383,7.7,383,,383,Express
Fiji,383,7.8,383,,383,Express
Fiji,383,7.9,383,,383,Express
Fiji,384,8,384,,384,Express
Fiji,399,8.1,399,,399,Express
Fiji,400,8.2,400,,400,Express
Fiji,400,8.3,400,,400,Express
Fiji,400,8.4,400,,400,Express
Fiji,400,8.5,400,,400,Express
Fiji,416,8.6,416,,416,Express
Fiji,416,8.7,416,,416,Express
Fiji,416,8.8,416,,416,Express
Fiji,417,8.9,417,,417,Express
Fiji,417,9,417,,417,Express
Fiji,433,9.1,433,,433,Express
Fiji,433,9.2,433,,433,Express
Fiji,433,9.3,433,,433,Express
Fiji,433,9.4,433,,433,Express
Fiji,433,9.5,433,,433,Express
Fiji,453,9.6,453,,453,Express
Fiji,453,9.7,453,,453,Express
Fiji,454,9.8,454,,454,Express
Fiji,454,9.9,454,,454,Express
Fiji,454,10,454,,454,Express
Finland,4,0.1,4,21,31,Standard
Finland,6,0.2,6,21,31,Standard
Finland,9,0.3,9,21,31,Standard
Finland,12,0.4,12,21,32,Standard
Finland,15,0.5,15,21,32,Standard
Finland,17,0.6,17,23,37,Standard
Finland,20,0.7,20,23,37,Standard
Finland,23,0.8,23,24,37,Standard
Finland,24,0.9,24,24,38,Standard
Finland,24,1,24,24,38,Standard
Finland,25,1.1,25,25,43,Standard
Finland,25,1.2,25,25,43,Standard
Finland,26,1.3,26,26,43,Standard
Finland,26,1.4,26,26,43,Standard
Finland,26,1.5,26,26,43,Standard
Finland,28,1.6,28,28,50,Standard
Finland,28,1.7,28,28,50,Standard
Finland,30,1.8,30,30,50,Standard
Finland,30,1.9,30,30,50,Standard
Finland,30,2,30,30,51,Standard
Finland,33,2.1,33,33,57,Standard
Finland,33,2.2,33,33,57,Standard
Finland,33,2.3,33,33,57,Standard
Finland,33,2.4,33,33,57,Standard
Finland,33,2.5,33,33,57,Standard
Finland,36,2.6,36,36,63,Standard
Finland,36,2.7,36,36,63,Standard
Finland,36,2.8,36,36,63,Standard
Finland,36,2.9,36,36,63,Standard
Finland,36,3,36,36,63,Standard
Finland,38,3.1,38,38,69,Standard
Finland,38,3.2,38,38,69,Standard
Finland,38,3.3,38,38,69,Standard
Finland,38,3.4,38,38,69,Standard
Finland,38,3.5,38,38,69,Standard
Finland,41,3.6,41,41,75,Standard
Finland,41,3.7,41,41,75,Standard
Finland,41,3.8,41,41,75,Standard
Finland,41,3.9,41,41,75,Standard
Finland,41,4,41,41,75,Standard
Finland,44,4.1,44,44,80,Standard
Finland,44,4.2,44,44,80,Standard
Finland,44,4.3,44,44,81,Standard
Finland,44,4.4,44,44,81,Standard
Finland,44,4.5,44,44,81,Standard
Finland,47,4.6,47,47,86,Standard
Finland,47,4.7,47,47,86,Standard
Finland,47,4.8,47,47,86,Standard
Finland,47,4.9,47,47,86,Standard
Finland,47,5,47,47,87,Standard
Finland,50,5.1,50,50,132,Standard
Finland,50,5.2,50,50,132,Standard
Finland,50,5.3,50,50,132,Standard
Finland,50,5.4,50,50,132,Standard
Finland,50,5.5,50,50,132,Standard
Finland,53,5.6,53,53,140,Standard
Finland,53,5.7,53,53,140,Standard
Finland,53,5.8,53,53,140,Standard
Finland,53,5.9,53,53,140,Standard
Finland,53,6,53,53,141,Standard
Finland,56,6.1,56,56,148,Standard
Finland,56,6.2,56,56,149,Standard
Finland,56,6.3,56,56,149,Standard
Finland,56,6.4,56,56,149,Standard
Finland,56,6.5,56,56,149,Standard
Finland,60,6.6,60,60,157,Standard
Finland,60,6.7,60,60,157,Standard
Finland,60,6.8,60,60,157,Standard
Finland,60,6.9,60,60,157,Standard
Finland,60,7,60,60,157,Standard
Finland,64,7.1,64,64,165,Standard
Finland,64,7.2,64,64,165,Standard
Finland,64,7.3,64,64,165,Standard
Finland,64,7.4,64,64,166,Standard
Finland,64,7.5,64,64,166,Standard
Finland,67,7.6,67,67,174,Standard
Finland,67,7.7,67,67,174,Standard
Finland,67,7.8,67,67,174,Standard
Finland,67,7.9,67,67,175,Standard
Finland,67,8,67,67,175,Standard
Finland,71,8.1,71,71,183,Standard
Finland,71,8.2,71,71,183,Standard
Finland,71,8.3,71,71,183,Standard
Finland,71,8.4,71,71,183,Standard
Finland,71,8.5,71,71,184,Standard
Finland,75,8.6,75,75,192,Standard
Finland,75,8.7,75,75,192,Standard
Finland,75,8.8,75,75,192,Standard
Finland,75,8.9,75,75,192,Standard
Finland,75,9,75,75,193,Standard
Finland,78,9.1,78,78,201,Standard
Finland,78,9.2,78,78,201,Standard
Finland,78,9.3,78,78,201,Standard
Finland,78,9.4,78,78,201,Standard
Finland,78,9.5,78,78,202,Standard
Finland,83,9.6,83,83,210,Standard
Finland,83,9.7,83,83,210,Standard
Finland,83,9.8,83,83,210,Standard
Finland,83,9.9,83,83,210,Standard
Finland,83,10,83,83,210,Standard
France,4,0.1,4,17,30,Standard
France,6,0.2,6,17,30,Standard
France,7,0.3,7,17,31,Standard
France,9,0.4,9,17,31,Standard
France,10,0.5,10,17,31,Standard
France,11,0.6,11,19,35,Standard
France,13,0.7,13,19,35,Standard
France,14,0.8,14,20,36,Standard
France,15,0.9,15,20,36,Standard
France,16,1,16,20,36,Standard
France,17,1.1,17,21,40,Standard
France,18,1.2,18,21,41,Standard
France,19,1.3,19,22,41,Standard
France,20,1.4,20,22,41,Standard
France,21,1.5,21,22,41,Standard
France,22,1.6,22,24,47,Standard
France,23,1.7,23,24,47,Standard
France,24,1.8,24,25,47,Standard
France,25,1.9,25,25,47,Standard
France,25,2,25,25,47,Standard
France,28,2.1,28,28,53,Standard
France,28,2.2,28,28,54,Standard
France,28,2.3,28,28,54,Standard
France,28,2.4,28,28,54,Standard
France,28,2.5,28,28,54,Standard
France,30,2.6,30,30,58,Standard
France,30,2.7,30,30,58,Standard
France,30,2.8,30,30,58,Standard
France,30,2.9,30,30,58,Standard
France,30,3,30,30,59,Standard
France,32,3.1,32,32,64,Standard
France,32,3.2,32,32,64,Standard
France,32,3.3,32,32,64,Standard
France,32,3.4,32,32,65,Standard
France,32,3.5,32,32,65,Standard
France,35,3.6,35,35,70,Standard
France,35,3.7,35,35,70,Standard
France,35,3.8,35,35,70,Standard
France,35,3.9,35,35,70,Standard
France,35,4,35,35,70,Standard
France,38,4.1,38,38,76,Standard
France,38,4.2,38,38,76,Standard
France,38,4.3,38,38,76,Standard
France,38,4.4,38,38,76,Standard
France,38,4.5,38,38,76,Standard
France,40,4.6,40,40,81,Standard
France,40,4.7,40,40,81,Standard
France,40,4.8,40,40,81,Standard
France,40,4.9,40,40,82,Standard
France,40,5,40,40,82,Standard
France,43,5.1,43,43,126,Standard
France,43,5.2,43,43,127,Standard
France,43,5.3,43,43,127,Standard
France,43,5.4,43,43,127,Standard
France,43,5.5,43,43,127,Standard
France,46,5.6,46,46,135,Standard
France,46,5.7,46,46,135,Standard
France,46,5.8,46,46,135,Standard
France,46,5.9,46,46,135,Standard
France,46,6,46,46,136,Standard
France,48,6.1,48,48,144,Standard
France,48,6.2,48,48,144,Standard
France,48,6.3,48,48,144,Standard
France,48,6.4,48,48,144,Standard
France,48,6.5,48,48,145,Standard
France,51,6.6,51,51,153,Standard
France,51,6.7,51,51,153,Standard
France,51,6.8,51,51,153,Standard
France,51,6.9,51,51,153,Standard
France,51,7,51,51,153,Standard
France,54,7.1,54,54,162,Standard
France,54,7.2,54,54,162,Standard
France,54,7.3,54,54,162,Standard
France,54,7.4,54,54,162,Standard
France,54,7.5,54,54,162,Standard
France,57,7.6,57,57,169,Standard
France,57,7.7,57,57,170,Standard
France,57,7.8,57,57,170,Standard
France,57,7.9,57,57,170,Standard
France,57,8,57,57,170,Standard
France,61,8.1,61,61,177,Standard
France,61,8.2,61,61,177,Standard
France,61,8.3,61,61,177,Standard
France,61,8.4,61,61,177,Standard
France,61,8.5,61,61,177,Standard
France,63,8.6,63,63,185,Standard
France,63,8.7,63,63,185,Standard
France,63,8.8,63,63,185,Standard
France,63,8.9,63,63,185,Standard
France,63,9,63,63,185,Standard
France,66,9.1,66,66,192,Standard
France,66,9.2,66,66,192,Standard
France,66,9.3,66,66,192,Standard
France,66,9.4,66,66,193,Standard
France,66,9.5,66,66,193,Standard
France,69,9.6,69,69,198,Standard
France,69,9.7,69,69,199,Standard
France,69,9.8,69,69,199,Standard
France,69,9.9,69,69,199,Standard
France,69,10,69,69,199,Standard
French Guiana,47,0.1,47,,47,Express
French Guiana,47,0.2,47,,47,Express
French Guiana,47,0.3,47,,47,Express
French Guiana,48,0.4,48,,48,Express
French Guiana,48,0.5,48,,48,Express
French Guiana,58,0.6,58,,58,Express
French Guiana,58,0.7,58,,58,Express
French Guiana,58,0.8,58,,58,Express
French Guiana,58,0.9,58,,58,Express
French Guiana,58,1,58,,58,Express
French Guiana,69,1.1,69,,69,Express
French Guiana,69,1.2,69,,69,Express
French Guiana,69,1.3,69,,69,Express
French Guiana,69,1.4,69,,69,Express
French Guiana,69,1.5,69,,69,Express
French Guiana,78,1.6,78,,78,Express
French Guiana,78,1.7,78,,78,Express
French Guiana,79,1.8,79,,79,Express
French Guiana,79,1.9,79,,79,Express
French Guiana,79,2,79,,79,Express
French Guiana,89,2.1,89,,89,Express
French Guiana,89,2.2,89,,89,Express
French Guiana,89,2.3,89,,89,Express
French Guiana,89,2.4,89,,89,Express
French Guiana,89,2.5,89,,89,Express
French Guiana,99,2.6,99,,99,Express
French Guiana,100,2.7,100,,100,Express
French Guiana,100,2.8,100,,100,Express
French Guiana,100,2.9,100,,100,Express
French Guiana,100,3,100,,100,Express
French Guiana,110,3.1,110,,110,Express
French Guiana,110,3.2,110,,110,Express
French Guiana,110,3.3,110,,110,Express
French Guiana,110,3.4,110,,110,Express
French Guiana,111,3.5,111,,111,Express
French Guiana,120,3.6,120,,120,Express
French Guiana,120,3.7,120,,120,Express
French Guiana,120,3.8,120,,120,Express
French Guiana,120,3.9,120,,120,Express
French Guiana,120,4,120,,120,Express
French Guiana,130,4.1,130,,130,Express
French Guiana,131,4.2,131,,131,Express
French Guiana,131,4.3,131,,131,Express
French Guiana,131,4.4,131,,131,Express
French Guiana,131,4.5,131,,131,Express
French Guiana,140,4.6,140,,140,Express
French Guiana,140,4.7,140,,140,Express
French Guiana,141,4.8,141,,141,Express
French Guiana,141,4.9,141,,141,Express
French Guiana,141,5,141,,141,Express
French Guiana,293,5.1,293,,293,Express
French Guiana,293,5.2,293,,293,Express
French Guiana,293,5.3,293,,293,Express
French Guiana,293,5.4,293,,293,Express
French Guiana,294,5.5,294,,294,Express
French Guiana,311,5.6,311,,311,Express
French Guiana,311,5.7,311,,311,Express
French Guiana,312,5.8,312,,312,Express
French Guiana,312,5.9,312,,312,Express
French Guiana,312,6,312,,312,Express
French Guiana,330,6.1,330,,330,Express
French Guiana,330,6.2,330,,330,Express
French Guiana,330,6.3,330,,330,Express
French Guiana,330,6.4,330,,330,Express
French Guiana,331,6.5,331,,331,Express
French Guiana,348,6.6,348,,348,Express
French Guiana,348,6.7,348,,348,Express
French Guiana,348,6.8,348,,348,Express
French Guiana,348,6.9,348,,348,Express
French Guiana,349,7,349,,349,Express
French Guiana,366,7.1,366,,366,Express
French Guiana,367,7.2,367,,367,Express
French Guiana,367,7.3,367,,367,Express
French Guiana,367,7.4,367,,367,Express
French Guiana,367,7.5,367,,367,Express
French Guiana,383,7.6,383,,383,Express
French Guiana,383,7.7,383,,383,Express
French Guiana,383,7.8,383,,383,Express
French Guiana,383,7.9,383,,383,Express
French Guiana,384,8,384,,384,Express
French Guiana,399,8.1,399,,399,Express
French Guiana,400,8.2,400,,400,Express
French Guiana,400,8.3,400,,400,Express
French Guiana,400,8.4,400,,400,Express
French Guiana,400,8.5,400,,400,Express
French Guiana,416,8.6,416,,416,Express
French Guiana,416,8.7,416,,416,Express
French Guiana,416,8.8,416,,416,Express
French Guiana,417,8.9,417,,417,Express
French Guiana,417,9,417,,417,Express
French Guiana,433,9.1,433,,433,Express
French Guiana,433,9.2,433,,433,Express
French Guiana,433,9.3,433,,433,Express
French Guiana,433,9.4,433,,433,Express
French Guiana,433,9.5,433,,433,Express
French Guiana,453,9.6,453,,453,Express
French Guiana,453,9.7,453,,453,Express
French Guiana,454,9.8,454,,454,Express
French Guiana,454,9.9,454,,454,Express
French Guiana,454,10,454,,454,Express
French Guyana,47,0.1,47,,47,Express
French Guyana,47,0.2,47,,47,Express
French Guyana,47,0.3,47,,47,Express
French Guyana,48,0.4,48,,48,Express
French Guyana,48,0.5,48,,48,Express
French Guyana,58,0.6,58,,58,Express
French Guyana,58,0.7,58,,58,Express
French Guyana,58,0.8,58,,58,Express
French Guyana,58,0.9,58,,58,Express
French Guyana,58,1,58,,58,Express
French Guyana,69,1.1,69,,69,Express
French Guyana,69,1.2,69,,69,Express
French Guyana,69,1.3,69,,69,Express
French Guyana,69,1.4,69,,69,Express
French Guyana,69,1.5,69,,69,Express
French Guyana,78,1.6,78,,78,Express
French Guyana,78,1.7,78,,78,Express
French Guyana,79,1.8,79,,79,Express
French Guyana,79,1.9,79,,79,Express
French Guyana,79,2,79,,79,Express
French Guyana,89,2.1,89,,89,Express
French Guyana,89,2.2,89,,89,Express
French Guyana,89,2.3,89,,89,Express
French Guyana,89,2.4,89,,89,Express
French Guyana,89,2.5,89,,89,Express
French Guyana,99,2.6,99,,99,Express
French Guyana,100,2.7,100,,100,Express
French Guyana,100,2.8,100,,100,Express
French Guyana,100,2.9,100,,100,Express
French Guyana,100,3,100,,100,Express
French Guyana,110,3.1,110,,110,Express
French Guyana,110,3.2,110,,110,Express
French Guyana,110,3.3,110,,110,Express
French Guyana,110,3.4,110,,110,Express
French Guyana,111,3.5,111,,111,Express
French Guyana,120,3.6,120,,120,Express
French Guyana,120,3.7,120,,120,Express
French Guyana,120,3.8,120,,120,Express
French Guyana,120,3.9,120,,120,Express
French Guyana,120,4,120,,120,Express
French Guyana,130,4.1,130,,130,Express
French Guyana,131,4.2,131,,131,Express
French Guyana,131,4.3,131,,131,Express
French Guyana,131,4.4,131,,131,Express
French Guyana,131,4.5,131,,131,Express
French Guyana,140,4.6,140,,140,Express
French Guyana,140,4.7,140,,140,Express
French Guyana,141,4.8,141,,141,Express
French Guyana,141,4.9,141,,141,Express
French Guyana,141,5,141,,141,Express
French Guyana,293,5.1,293,,293,Express
French Guyana,293,5.2,293,,293,Express
French Guyana,293,5.3,293,,293,Express
French Guyana,293,5.4,293,,293,Express
French Guyana,294,5.5,294,,294,Express
French Guyana,311,5.6,311,,311,Express
French Guyana,311,5.7,311,,311,Express
French Guyana,312,5.8,312,,312,Express
French Guyana,312,5.9,312,,312,Express
French Guyana,312,6,312,,312,Express
French Guyana,330,6.1,330,,330,Express
French Guyana,330,6.2,330,,330,Express
French Guyana,330,6.3,330,,330,Express
French Guyana,330,6.4,330,,330,Express
French Guyana,331,6.5,331,,331,Express
French Guyana,348,6.6,348,,348,Express
French Guyana,348,6.7,348,,348,Express
French Guyana,348,6.8,348,,348,Express
French Guyana,348,6.9,348,,348,Express
French Guyana,349,7,349,,349,Express
French Guyana,366,7.1,366,,366,Express
French Guyana,367,7.2,367,,367,Express
French Guyana,367,7.3,367,,367,Express
French Guyana,367,7.4,367,,367,Express
French Guyana,367,7.5,367,,367,Express
French Guyana,383,7.6,383,,383,Express
French Guyana,383,7.7,383,,383,Express
French Guyana,383,7.8,383,,383,Express
French Guyana,383,7.9,383,,383,Express
French Guyana,384,8,384,,384,Express
French Guyana,399,8.1,399,,399,Express
French Guyana,400,8.2,400,,400,Express
French Guyana,400,8.3,400,,400,Express
French Guyana,400,8.4,400,,400,Express
French Guyana,400,8.5,400,,400,Express
French Guyana,416,8.6,416,,416,Express
French Guyana,416,8.7,416,,416,Express
French Guyana,416,8.8,416,,416,Express
French Guyana,417,8.9,417,,417,Express
French Guyana,417,9,417,,417,Express
French Guyana,433,9.1,433,,433,Express
French Guyana,433,9.2,433,,433,Express
French Guyana,433,9.3,433,,433,Express
French Guyana,433,9.4,433,,433,Express
French Guyana,433,9.5,433,,433,Express
French Guyana,453,9.6,453,,453,Express
French Guyana,453,9.7,453,,453,Express
French Guyana,454,9.8,454,,454,Express
French Guyana,454,9.9,454,,454,Express
French Guyana,454,10,454,,454,Express
French Polynesia,47,0.1,47,,47,Express
French Polynesia,47,0.2,47,,47,Express
French Polynesia,47,0.3,47,,47,Express
French Polynesia,48,0.4,48,,48,Express
French Polynesia,48,0.5,48,,48,Express
French Polynesia,58,0.6,58,,58,Express
French Polynesia,58,0.7,58,,58,Express
French Polynesia,58,0.8,58,,58,Express
French Polynesia,58,0.9,58,,58,Express
French Polynesia,58,1,58,,58,Express
French Polynesia,69,1.1,69,,69,Express
French Polynesia,69,1.2,69,,69,Express
French Polynesia,69,1.3,69,,69,Express
French Polynesia,69,1.4,69,,69,Express
French Polynesia,69,1.5,69,,69,Express
French Polynesia,78,1.6,78,,78,Express
French Polynesia,78,1.7,78,,78,Express
French Polynesia,79,1.8,79,,79,Express
French Polynesia,79,1.9,79,,79,Express
French Polynesia,79,2,79,,79,Express
French Polynesia,89,2.1,89,,89,Express
French Polynesia,89,2.2,89,,89,Express
French Polynesia,89,2.3,89,,89,Express
French Polynesia,89,2.4,89,,89,Express
French Polynesia,89,2.5,89,,89,Express
French Polynesia,99,2.6,99,,99,Express
French Polynesia,100,2.7,100,,100,Express
French Polynesia,100,2.8,100,,100,Express
French Polynesia,100,2.9,100,,100,Express
French Polynesia,100,3,100,,100,Express
French Polynesia,110,3.1,110,,110,Express
French Polynesia,110,3.2,110,,110,Express
French Polynesia,110,3.3,110,,110,Express
French Polynesia,110,3.4,110,,110,Express
French Polynesia,111,3.5,111,,111,Express
French Polynesia,120,3.6,120,,120,Express
French Polynesia,120,3.7,120,,120,Express
French Polynesia,120,3.8,120,,120,Express
French Polynesia,120,3.9,120,,120,Express
French Polynesia,120,4,120,,120,Express
French Polynesia,130,4.1,130,,130,Express
French Polynesia,131,4.2,131,,131,Express
French Polynesia,131,4.3,131,,131,Express
French Polynesia,131,4.4,131,,131,Express
French Polynesia,131,4.5,131,,131,Express
French Polynesia,140,4.6,140,,140,Express
French Polynesia,140,4.7,140,,140,Express
French Polynesia,141,4.8,141,,141,Express
French Polynesia,141,4.9,141,,141,Express
French Polynesia,141,5,141,,141,Express
French Polynesia,293,5.1,293,,293,Express
French Polynesia,293,5.2,293,,293,Express
French Polynesia,293,5.3,293,,293,Express
French Polynesia,293,5.4,293,,293,Express
French Polynesia,294,5.5,294,,294,Express
French Polynesia,311,5.6,311,,311,Express
French Polynesia,311,5.7,311,,311,Express
French Polynesia,312,5.8,312,,312,Express
French Polynesia,312,5.9,312,,312,Express
French Polynesia,312,6,312,,312,Express
French Polynesia,330,6.1,330,,330,Express
French Polynesia,330,6.2,330,,330,Express
French Polynesia,330,6.3,330,,330,Express
French Polynesia,330,6.4,330,,330,Express
French Polynesia,331,6.5,331,,331,Express
French Polynesia,348,6.6,348,,348,Express
French Polynesia,348,6.7,348,,348,Express
French Polynesia,348,6.8,348,,348,Express
French Polynesia,348,6.9,348,,348,Express
French Polynesia,349,7,349,,349,Express
French Polynesia,366,7.1,366,,366,Express
French Polynesia,367,7.2,367,,367,Express
French Polynesia,367,7.3,367,,367,Express
French Polynesia,367,7.4,367,,367,Express
French Polynesia,367,7.5,367,,367,Express
French Polynesia,383,7.6,383,,383,Express
French Polynesia,383,7.7,383,,383,Express
French Polynesia,383,7.8,383,,383,Express
French Polynesia,383,7.9,383,,383,Express
French Polynesia,384,8,384,,384,Express
French Polynesia,399,8.1,399,,399,Express
French Polynesia,400,8.2,400,,400,Express
French Polynesia,400,8.3,400,,400,Express
French Polynesia,400,8.4,400,,400,Express
French Polynesia,400,8.5,400,,400,Express
French Polynesia,416,8.6,416,,416,Express
French Polynesia,416,8.7,416,,416,Express
French Polynesia,416,8.8,416,,416,Express
French Polynesia,417,8.9,417,,417,Express
French Polynesia,417,9,417,,417,Express
French Polynesia,433,9.1,433,,433,Express
French Polynesia,433,9.2,433,,433,Express
French Polynesia,433,9.3,433,,433,Express
French Polynesia,433,9.4,433,,433,Express
French Polynesia,433,9.5,433,,433,Express
French Polynesia,453,9.6,453,,453,Express
French Polynesia,453,9.7,453,,453,Express
French Polynesia,454,9.8,454,,454,Express
French Polynesia,454,9.9,454,,454,Express
French Polynesia,454,10,454,,454,Express
Gabon,47,0.1,47,,47,Express
Gabon,47,0.2,47,,47,Express
Gabon,47,0.3,47,,47,Express
Gabon,48,0.4,48,,48,Express
Gabon,48,0.5,48,,48,Express
Gabon,58,0.6,58,,58,Express
Gabon,58,0.7,58,,58,Express
Gabon,58,0.8,58,,58,Express
Gabon,58,0.9,58,,58,Express
Gabon,58,1,58,,58,Express
Gabon,69,1.1,69,,69,Express
Gabon,69,1.2,69,,69,Express
Gabon,69,1.3,69,,69,Express
Gabon,69,1.4,69,,69,Express
Gabon,69,1.5,69,,69,Express
Gabon,78,1.6,78,,78,Express
Gabon,78,1.7,78,,78,Express
Gabon,79,1.8,79,,79,Express
Gabon,79,1.9,79,,79,Express
Gabon,79,2,79,,79,Express
Gabon,89,2.1,89,,89,Express
Gabon,89,2.2,89,,89,Express
Gabon,89,2.3,89,,89,Express
Gabon,89,2.4,89,,89,Express
Gabon,89,2.5,89,,89,Express
Gabon,99,2.6,99,,99,Express
Gabon,100,2.7,100,,100,Express
Gabon,100,2.8,100,,100,Express
Gabon,100,2.9,100,,100,Express
Gabon,100,3,100,,100,Express
Gabon,110,3.1,110,,110,Express
Gabon,110,3.2,110,,110,Express
Gabon,110,3.3,110,,110,Express
Gabon,110,3.4,110,,110,Express
Gabon,111,3.5,111,,111,Express
Gabon,120,3.6,120,,120,Express
Gabon,120,3.7,120,,120,Express
Gabon,120,3.8,120,,120,Express
Gabon,120,3.9,120,,120,Express
Gabon,120,4,120,,120,Express
Gabon,130,4.1,130,,130,Express
Gabon,131,4.2,131,,131,Express
Gabon,131,4.3,131,,131,Express
Gabon,131,4.4,131,,131,Express
Gabon,131,4.5,131,,131,Express
Gabon,140,4.6,140,,140,Express
Gabon,140,4.7,140,,140,Express
Gabon,141,4.8,141,,141,Express
Gabon,141,4.9,141,,141,Express
Gabon,141,5,141,,141,Express
Gabon,293,5.1,293,,293,Express
Gabon,293,5.2,293,,293,Express
Gabon,293,5.3,293,,293,Express
Gabon,293,5.4,293,,293,Express
Gabon,294,5.5,294,,294,Express
Gabon,311,5.6,311,,311,Express
Gabon,311,5.7,311,,311,Express
Gabon,312,5.8,312,,312,Express
Gabon,312,5.9,312,,312,Express
Gabon,312,6,312,,312,Express
Gabon,330,6.1,330,,330,Express
Gabon,330,6.2,330,,330,Express
Gabon,330,6.3,330,,330,Express
Gabon,330,6.4,330,,330,Express
Gabon,331,6.5,331,,331,Express
Gabon,348,6.6,348,,348,Express
Gabon,348,6.7,348,,348,Express
Gabon,348,6.8,348,,348,Express
Gabon,348,6.9,348,,348,Express
Gabon,349,7,349,,349,Express
Gabon,366,7.1,366,,366,Express
Gabon,367,7.2,367,,367,Express
Gabon,367,7.3,367,,367,Express
Gabon,367,7.4,367,,367,Express
Gabon,367,7.5,367,,367,Express
Gabon,383,7.6,383,,383,Express
Gabon,383,7.7,383,,383,Express
Gabon,383,7.8,383,,383,Express
Gabon,383,7.9,383,,383,Express
Gabon,384,8,384,,384,Express
Gabon,399,8.1,399,,399,Express
Gabon,400,8.2,400,,400,Express
Gabon,400,8.3,400,,400,Express
Gabon,400,8.4,400,,400,Express
Gabon,400,8.5,400,,400,Express
Gabon,416,8.6,416,,416,Express
Gabon,416,8.7,416,,416,Express
Gabon,416,8.8,416,,416,Express
Gabon,417,8.9,417,,417,Express
Gabon,417,9,417,,417,Express
Gabon,433,9.1,433,,433,Express
Gabon,433,9.2,433,,433,Express
Gabon,433,9.3,433,,433,Express
Gabon,433,9.4,433,,433,Express
Gabon,433,9.5,433,,433,Express
Gabon,453,9.6,453,,453,Express
Gabon,453,9.7,453,,453,Express
Gabon,454,9.8,454,,454,Express
Gabon,454,9.9,454,,454,Express
Gabon,454,10,454,,454,Express
Gambia The,47,0.1,47,,47,Express
Gambia The,47,0.2,47,,47,Express
Gambia The,47,0.3,47,,47,Express
Gambia The,48,0.4,48,,48,Express
Gambia The,48,0.5,48,,48,Express
Gambia The,58,0.6,58,,58,Express
Gambia The,58,0.7,58,,58,Express
Gambia The,58,0.8,58,,58,Express
Gambia The,58,0.9,58,,58,Express
Gambia The,58,1,58,,58,Express
Gambia The,69,1.1,69,,69,Express
Gambia The,69,1.2,69,,69,Express
Gambia The,69,1.3,69,,69,Express
Gambia The,69,1.4,69,,69,Express
Gambia The,69,1.5,69,,69,Express
Gambia The,78,1.6,78,,78,Express
Gambia The,78,1.7,78,,78,Express
Gambia The,79,1.8,79,,79,Express
Gambia The,79,1.9,79,,79,Express
Gambia The,79,2,79,,79,Express
Gambia The,89,2.1,89,,89,Express
Gambia The,89,2.2,89,,89,Express
Gambia The,89,2.3,89,,89,Express
Gambia The,89,2.4,89,,89,Express
Gambia The,89,2.5,89,,89,Express
Gambia The,99,2.6,99,,99,Express
Gambia The,100,2.7,100,,100,Express
Gambia The,100,2.8,100,,100,Express
Gambia The,100,2.9,100,,100,Express
Gambia The,100,3,100,,100,Express
Gambia The,110,3.1,110,,110,Express
Gambia The,110,3.2,110,,110,Express
Gambia The,110,3.3,110,,110,Express
Gambia The,110,3.4,110,,110,Express
Gambia The,111,3.5,111,,111,Express
Gambia The,120,3.6,120,,120,Express
Gambia The,120,3.7,120,,120,Express
Gambia The,120,3.8,120,,120,Express
Gambia The,120,3.9,120,,120,Express
Gambia The,120,4,120,,120,Express
Gambia The,130,4.1,130,,130,Express
Gambia The,131,4.2,131,,131,Express
Gambia The,131,4.3,131,,131,Express
Gambia The,131,4.4,131,,131,Express
Gambia The,131,4.5,131,,131,Express
Gambia The,140,4.6,140,,140,Express
Gambia The,140,4.7,140,,140,Express
Gambia The,141,4.8,141,,141,Express
Gambia The,141,4.9,141,,141,Express
Gambia The,141,5,141,,141,Express
Gambia The,293,5.1,293,,293,Express
Gambia The,293,5.2,293,,293,Express
Gambia The,293,5.3,293,,293,Express
Gambia The,293,5.4,293,,293,Express
Gambia The,294,5.5,294,,294,Express
Gambia The,311,5.6,311,,311,Express
Gambia The,311,5.7,311,,311,Express
Gambia The,312,5.8,312,,312,Express
Gambia The,312,5.9,312,,312,Express
Gambia The,312,6,312,,312,Express
Gambia The,330,6.1,330,,330,Express
Gambia The,330,6.2,330,,330,Express
Gambia The,330,6.3,330,,330,Express
Gambia The,330,6.4,330,,330,Express
Gambia The,331,6.5,331,,331,Express
Gambia The,348,6.6,348,,348,Express
Gambia The,348,6.7,348,,348,Express
Gambia The,348,6.8,348,,348,Express
Gambia The,348,6.9,348,,348,Express
Gambia The,349,7,349,,349,Express
Gambia The,366,7.1,366,,366,Express
Gambia The,367,7.2,367,,367,Express
Gambia The,367,7.3,367,,367,Express
Gambia The,367,7.4,367,,367,Express
Gambia The,367,7.5,367,,367,Express
Gambia The,383,7.6,383,,383,Express
Gambia The,383,7.7,383,,383,Express
Gambia The,383,7.8,383,,383,Express
Gambia The,383,7.9,383,,383,Express
Gambia The,384,8,384,,384,Express
Gambia The,399,8.1,399,,399,Express
Gambia The,400,8.2,400,,400,Express
Gambia The,400,8.3,400,,400,Express
Gambia The,400,8.4,400,,400,Express
Gambia The,400,8.5,400,,400,Express
Gambia The,416,8.6,416,,416,Express
Gambia The,416,8.7,416,,416,Express
Gambia The,416,8.8,416,,416,Express
Gambia The,417,8.9,417,,417,Express
Gambia The,417,9,417,,417,Express
Gambia The,433,9.1,433,,433,Express
Gambia The,433,9.2,433,,433,Express
Gambia The,433,9.3,433,,433,Express
Gambia The,433,9.4,433,,433,Express
Gambia The,433,9.5,433,,433,Express
Gambia The,453,9.6,453,,453,Express
Gambia The,453,9.7,453,,453,Express
Gambia The,454,9.8,454,,454,Express
Gambia The,454,9.9,454,,454,Express
Gambia The,454,10,454,,454,Express
Georgia,47,0.1,47,,47,Express
Georgia,47,0.2,47,,47,Express
Georgia,47,0.3,47,,47,Express
Georgia,48,0.4,48,,48,Express
Georgia,48,0.5,48,,48,Express
Georgia,58,0.6,58,,58,Express
Georgia,58,0.7,58,,58,Express
Georgia,58,0.8,58,,58,Express
Georgia,58,0.9,58,,58,Express
Georgia,58,1,58,,58,Express
Georgia,69,1.1,69,,69,Express
Georgia,69,1.2,69,,69,Express
Georgia,69,1.3,69,,69,Express
Georgia,69,1.4,69,,69,Express
Georgia,69,1.5,69,,69,Express
Georgia,78,1.6,78,,78,Express
Georgia,78,1.7,78,,78,Express
Georgia,79,1.8,79,,79,Express
Georgia,79,1.9,79,,79,Express
Georgia,79,2,79,,79,Express
Georgia,89,2.1,89,,89,Express
Georgia,89,2.2,89,,89,Express
Georgia,89,2.3,89,,89,Express
Georgia,89,2.4,89,,89,Express
Georgia,89,2.5,89,,89,Express
Georgia,99,2.6,99,,99,Express
Georgia,100,2.7,100,,100,Express
Georgia,100,2.8,100,,100,Express
Georgia,100,2.9,100,,100,Express
Georgia,100,3,100,,100,Express
Georgia,110,3.1,110,,110,Express
Georgia,110,3.2,110,,110,Express
Georgia,110,3.3,110,,110,Express
Georgia,110,3.4,110,,110,Express
Georgia,111,3.5,111,,111,Express
Georgia,120,3.6,120,,120,Express
Georgia,120,3.7,120,,120,Express
Georgia,120,3.8,120,,120,Express
Georgia,120,3.9,120,,120,Express
Georgia,120,4,120,,120,Express
Georgia,130,4.1,130,,130,Express
Georgia,131,4.2,131,,131,Express
Georgia,131,4.3,131,,131,Express
Georgia,131,4.4,131,,131,Express
Georgia,131,4.5,131,,131,Express
Georgia,140,4.6,140,,140,Express
Georgia,140,4.7,140,,140,Express
Georgia,141,4.8,141,,141,Express
Georgia,141,4.9,141,,141,Express
Georgia,141,5,141,,141,Express
Georgia,293,5.1,293,,293,Express
Georgia,293,5.2,293,,293,Express
Georgia,293,5.3,293,,293,Express
Georgia,293,5.4,293,,293,Express
Georgia,294,5.5,294,,294,Express
Georgia,311,5.6,311,,311,Express
Georgia,311,5.7,311,,311,Express
Georgia,312,5.8,312,,312,Express
Georgia,312,5.9,312,,312,Express
Georgia,312,6,312,,312,Express
Georgia,330,6.1,330,,330,Express
Georgia,330,6.2,330,,330,Express
Georgia,330,6.3,330,,330,Express
Georgia,330,6.4,330,,330,Express
Georgia,331,6.5,331,,331,Express
Georgia,348,6.6,348,,348,Express
Georgia,348,6.7,348,,348,Express
Georgia,348,6.8,348,,348,Express
Georgia,348,6.9,348,,348,Express
Georgia,349,7,349,,349,Express
Georgia,366,7.1,366,,366,Express
Georgia,367,7.2,367,,367,Express
Georgia,367,7.3,367,,367,Express
Georgia,367,7.4,367,,367,Express
Georgia,367,7.5,367,,367,Express
Georgia,383,7.6,383,,383,Express
Georgia,383,7.7,383,,383,Express
Georgia,383,7.8,383,,383,Express
Georgia,383,7.9,383,,383,Express
Georgia,384,8,384,,384,Express
Georgia,399,8.1,399,,399,Express
Georgia,400,8.2,400,,400,Express
Georgia,400,8.3,400,,400,Express
Georgia,400,8.4,400,,400,Express
Georgia,400,8.5,400,,400,Express
Georgia,416,8.6,416,,416,Express
Georgia,416,8.7,416,,416,Express
Georgia,416,8.8,416,,416,Express
Georgia,417,8.9,417,,417,Express
Georgia,417,9,417,,417,Express
Georgia,433,9.1,433,,433,Express
Georgia,433,9.2,433,,433,Express
Georgia,433,9.3,433,,433,Express
Georgia,433,9.4,433,,433,Express
Georgia,433,9.5,433,,433,Express
Georgia,453,9.6,453,,453,Express
Georgia,453,9.7,453,,453,Express
Georgia,454,9.8,454,,454,Express
Georgia,454,9.9,454,,454,Express
Georgia,454,10,454,,454,Express
Germany,9,0.1,9,29,30,Standard
Germany,11,0.2,11,29,30,Standard
Germany,12,0.3,12,29,31,Standard
Germany,14,0.4,14,29,31,Standard
Germany,15,0.5,15,29,31,Standard
Germany,16,0.6,16,31,35,Standard
Germany,18,0.7,18,31,35,Standard
Germany,19,0.8,19,33,36,Standard
Germany,20,0.9,20,33,36,Standard
Germany,21,1,21,33,36,Standard
Germany,22,1.1,22,34,40,Standard
Germany,23,1.2,23,34,41,Standard
Germany,24,1.3,24,35,41,Standard
Germany,25,1.4,25,35,41,Standard
Germany,26,1.5,26,35,41,Standard
Germany,27,1.6,27,37,47,Standard
Germany,28,1.7,28,37,47,Standard
Germany,29,1.8,29,38,47,Standard
Germany,30,1.9,30,38,47,Standard
Germany,31,2,31,38,47,Standard
Germany,41,2.1,41,41,53,Standard
Germany,41,2.2,41,41,54,Standard
Germany,41,2.3,41,41,54,Standard
Germany,41,2.4,41,41,54,Standard
Germany,41,2.5,41,41,54,Standard
Germany,43,2.6,43,43,58,Standard
Germany,43,2.7,43,43,58,Standard
Germany,43,2.8,43,43,58,Standard
Germany,43,2.9,43,43,58,Standard
Germany,43,3,43,43,59,Standard
Germany,46,3.1,46,46,64,Standard
Germany,46,3.2,46,46,64,Standard
Germany,46,3.3,46,46,64,Standard
Germany,46,3.4,46,46,65,Standard
Germany,46,3.5,46,46,65,Standard
Germany,49,3.6,49,49,70,Standard
Germany,49,3.7,49,49,70,Standard
Germany,49,3.8,49,49,70,Standard
Germany,49,3.9,49,49,70,Standard
Germany,49,4,49,49,70,Standard
Germany,51,4.1,51,51,76,Standard
Germany,51,4.2,51,51,76,Standard
Germany,51,4.3,51,51,76,Standard
Germany,51,4.4,51,51,76,Standard
Germany,51,4.5,51,51,76,Standard
Germany,54,4.6,54,54,81,Standard
Germany,54,4.7,54,54,81,Standard
Germany,54,4.8,54,54,81,Standard
Germany,54,4.9,54,54,82,Standard
Germany,54,5,54,54,82,Standard
Germany,57,5.1,57,57,126,Standard
Germany,57,5.2,57,57,127,Standard
Germany,57,5.3,57,57,127,Standard
Germany,57,5.4,57,57,127,Standard
Germany,57,5.5,57,57,127,Standard
Germany,60,5.6,60,60,135,Standard
Germany,60,5.7,60,60,135,Standard
Germany,60,5.8,60,60,135,Standard
Germany,60,5.9,60,60,135,Standard
Germany,60,6,60,60,136,Standard
Germany,64,6.1,64,64,144,Standard
Germany,64,6.2,64,64,144,Standard
Germany,64,6.3,64,64,144,Standard
Germany,64,6.4,64,64,144,Standard
Germany,64,6.5,64,64,145,Standard
Germany,68,6.6,68,68,153,Standard
Germany,68,6.7,68,68,153,Standard
Germany,68,6.8,68,68,153,Standard
Germany,68,6.9,68,68,153,Standard
Germany,68,7,68,68,153,Standard
Germany,71,7.1,71,71,162,Standard
Germany,71,7.2,71,71,162,Standard
Germany,71,7.3,71,71,162,Standard
Germany,71,7.4,71,71,162,Standard
Germany,71,7.5,71,71,162,Standard
Germany,74,7.6,74,74,169,Standard
Germany,74,7.7,74,74,170,Standard
Germany,74,7.8,74,74,170,Standard
Germany,74,7.9,74,74,170,Standard
Germany,74,8,74,74,170,Standard
Germany,77,8.1,77,77,177,Standard
Germany,77,8.2,77,77,177,Standard
Germany,77,8.3,77,77,177,Standard
Germany,77,8.4,77,77,177,Standard
Germany,77,8.5,77,77,177,Standard
Germany,81,8.6,81,81,185,Standard
Germany,81,8.7,81,81,185,Standard
Germany,81,8.8,81,81,185,Standard
Germany,81,8.9,81,81,185,Standard
Germany,81,9,81,81,185,Standard
Germany,84,9.1,84,84,192,Standard
Germany,84,9.2,84,84,192,Standard
Germany,84,9.3,84,84,192,Standard
Germany,84,9.4,84,84,193,Standard
Germany,84,9.5,84,84,193,Standard
Germany,88,9.6,88,88,198,Standard
Germany,88,9.7,88,88,199,Standard
Germany,88,9.8,88,88,199,Standard
Germany,88,9.9,88,88,199,Standard
Germany,88,10,88,88,199,Standard
Ghana,47,0.1,47,,47,Express
Ghana,47,0.2,47,,47,Express
Ghana,47,0.3,47,,47,Express
Ghana,48,0.4,48,,48,Express
Ghana,48,0.5,48,,48,Express
Ghana,58,0.6,58,,58,Express
Ghana,58,0.7,58,,58,Express
Ghana,58,0.8,58,,58,Express
Ghana,58,0.9,58,,58,Express
Ghana,58,1,58,,58,Express
Ghana,69,1.1,69,,69,Express
Ghana,69,1.2,69,,69,Express
Ghana,69,1.3,69,,69,Express
Ghana,69,1.4,69,,69,Express
Ghana,69,1.5,69,,69,Express
Ghana,78,1.6,78,,78,Express
Ghana,78,1.7,78,,78,Express
Ghana,79,1.8,79,,79,Express
Ghana,79,1.9,79,,79,Express
Ghana,79,2,79,,79,Express
Ghana,89,2.1,89,,89,Express
Ghana,89,2.2,89,,89,Express
Ghana,89,2.3,89,,89,Express
Ghana,89,2.4,89,,89,Express
Ghana,89,2.5,89,,89,Express
Ghana,99,2.6,99,,99,Express
Ghana,100,2.7,100,,100,Express
Ghana,100,2.8,100,,100,Express
Ghana,100,2.9,100,,100,Express
Ghana,100,3,100,,100,Express
Ghana,110,3.1,110,,110,Express
Ghana,110,3.2,110,,110,Express
Ghana,110,3.3,110,,110,Express
Ghana,110,3.4,110,,110,Express
Ghana,111,3.5,111,,111,Express
Ghana,120,3.6,120,,120,Express
Ghana,120,3.7,120,,120,Express
Ghana,120,3.8,120,,120,Express
Ghana,120,3.9,120,,120,Express
Ghana,120,4,120,,120,Express
Ghana,130,4.1,130,,130,Express
Ghana,131,4.2,131,,131,Express
Ghana,131,4.3,131,,131,Express
Ghana,131,4.4,131,,131,Express
Ghana,131,4.5,131,,131,Express
Ghana,140,4.6,140,,140,Express
Ghana,140,4.7,140,,140,Express
Ghana,141,4.8,141,,141,Express
Ghana,141,4.9,141,,141,Express
Ghana,141,5,141,,141,Express
Ghana,293,5.1,293,,293,Express
Ghana,293,5.2,293,,293,Express
Ghana,293,5.3,293,,293,Express
Ghana,293,5.4,293,,293,Express
Ghana,294,5.5,294,,294,Express
Ghana,311,5.6,311,,311,Express
Ghana,311,5.7,311,,311,Express
Ghana,312,5.8,312,,312,Express
Ghana,312,5.9,312,,312,Express
Ghana,312,6,312,,312,Express
Ghana,330,6.1,330,,330,Express
Ghana,330,6.2,330,,330,Express
Ghana,330,6.3,330,,330,Express
Ghana,330,6.4,330,,330,Express
Ghana,331,6.5,331,,331,Express
Ghana,348,6.6,348,,348,Express
Ghana,348,6.7,348,,348,Express
Ghana,348,6.8,348,,348,Express
Ghana,348,6.9,348,,348,Express
Ghana,349,7,349,,349,Express
Ghana,366,7.1,366,,366,Express
Ghana,367,7.2,367,,367,Express
Ghana,367,7.3,367,,367,Express
Ghana,367,7.4,367,,367,Express
Ghana,367,7.5,367,,367,Express
Ghana,383,7.6,383,,383,Express
Ghana,383,7.7,383,,383,Express
Ghana,383,7.8,383,,383,Express
Ghana,383,7.9,383,,383,Express
Ghana,384,8,384,,384,Express
Ghana,399,8.1,399,,399,Express
Ghana,400,8.2,400,,400,Express
Ghana,400,8.3,400,,400,Express
Ghana,400,8.4,400,,400,Express
Ghana,400,8.5,400,,400,Express
Ghana,416,8.6,416,,416,Express
Ghana,416,8.7,416,,416,Express
Ghana,416,8.8,416,,416,Express
Ghana,417,8.9,417,,417,Express
Ghana,417,9,417,,417,Express
Ghana,433,9.1,433,,433,Express
Ghana,433,9.2,433,,433,Express
Ghana,433,9.3,433,,433,Express
Ghana,433,9.4,433,,433,Express
Ghana,433,9.5,433,,433,Express
Ghana,453,9.6,453,,453,Express
Ghana,453,9.7,453,,453,Express
Ghana,454,9.8,454,,454,Express
Ghana,454,9.9,454,,454,Express
Ghana,454,10,454,,454,Express
Gibraltar,32,0.1,32,,32,Express
Gibraltar,32,0.2,32,,32,Express
Gibraltar,32,0.3,32,,32,Express
Gibraltar,32,0.4,32,,32,Express
Gibraltar,32,0.5,32,,32,Express
Gibraltar,44,0.6,44,,44,Express
Gibraltar,44,0.7,44,,44,Express
Gibraltar,44,0.8,44,,44,Express
Gibraltar,44,0.9,44,,44,Express
Gibraltar,44,1,44,,44,Express
Gibraltar,52,1.1,52,,52,Express
Gibraltar,52,1.2,52,,52,Express
Gibraltar,52,1.3,52,,52,Express
Gibraltar,52,1.4,52,,52,Express
Gibraltar,52,1.5,52,,52,Express
Gibraltar,59,1.6,59,,59,Express
Gibraltar,59,1.7,59,,59,Express
Gibraltar,59,1.8,59,,59,Express
Gibraltar,59,1.9,59,,59,Express
Gibraltar,59,2,59,,59,Express
Gibraltar,66,2.1,66,,66,Express
Gibraltar,66,2.2,66,,66,Express
Gibraltar,66,2.3,66,,66,Express
Gibraltar,66,2.4,66,,66,Express
Gibraltar,66,2.5,66,,66,Express
Gibraltar,69,2.6,69,,69,Express
Gibraltar,69,2.7,69,,69,Express
Gibraltar,69,2.8,69,,69,Express
Gibraltar,69,2.9,69,,69,Express
Gibraltar,69,3,69,,69,Express
Gibraltar,76,3.1,76,,76,Express
Gibraltar,76,3.2,76,,76,Express
Gibraltar,76,3.3,76,,76,Express
Gibraltar,76,3.4,76,,76,Express
Gibraltar,76,3.5,76,,76,Express
Gibraltar,84,3.6,84,,84,Express
Gibraltar,84,3.7,84,,84,Express
Gibraltar,84,3.8,84,,84,Express
Gibraltar,84,3.9,84,,84,Express
Gibraltar,84,4,84,,84,Express
Gibraltar,90,4.1,90,,90,Express
Gibraltar,90,4.2,90,,90,Express
Gibraltar,90,4.3,90,,90,Express
Gibraltar,90,4.4,90,,90,Express
Gibraltar,90,4.5,90,,90,Express
Gibraltar,99,4.6,99,,99,Express
Gibraltar,99,4.7,99,,99,Express
Gibraltar,99,4.8,99,,99,Express
Gibraltar,99,4.9,99,,99,Express
Gibraltar,99,5,99,,99,Express
Gibraltar,213,5.1,213,,213,Express
Gibraltar,213,5.2,213,,213,Express
Gibraltar,213,5.3,213,,213,Express
Gibraltar,213,5.4,213,,213,Express
Gibraltar,213,5.5,213,,213,Express
Gibraltar,228,5.6,228,,228,Express
Gibraltar,228,5.7,228,,228,Express
Gibraltar,228,5.8,228,,228,Express
Gibraltar,228,5.9,228,,228,Express
Gibraltar,228,6,228,,228,Express
Gibraltar,243,6.1,243,,243,Express
Gibraltar,243,6.2,243,,243,Express
Gibraltar,243,6.3,243,,243,Express
Gibraltar,243,6.4,243,,243,Express
Gibraltar,243,6.5,243,,243,Express
Gibraltar,258,6.6,258,,258,Express
Gibraltar,258,6.7,258,,258,Express
Gibraltar,258,6.8,258,,258,Express
Gibraltar,258,6.9,258,,258,Express
Gibraltar,258,7,258,,258,Express
Gibraltar,273,7.1,273,,273,Express
Gibraltar,273,7.2,273,,273,Express
Gibraltar,273,7.3,273,,273,Express
Gibraltar,273,7.4,273,,273,Express
Gibraltar,273,7.5,273,,273,Express
Gibraltar,287,7.6,287,,287,Express
Gibraltar,287,7.7,287,,287,Express
Gibraltar,287,7.8,287,,287,Express
Gibraltar,287,7.9,287,,287,Express
Gibraltar,287,8,287,,287,Express
Gibraltar,301,8.1,301,,301,Express
Gibraltar,301,8.2,301,,301,Express
Gibraltar,301,8.3,301,,301,Express
Gibraltar,301,8.4,301,,301,Express
Gibraltar,301,8.5,301,,301,Express
Gibraltar,315,8.6,315,,315,Express
Gibraltar,315,8.7,315,,315,Express
Gibraltar,315,8.8,315,,315,Express
Gibraltar,315,8.9,315,,315,Express
Gibraltar,315,9,315,,315,Express
Gibraltar,328,9.1,328,,328,Express
Gibraltar,328,9.2,328,,328,Express
Gibraltar,328,9.3,328,,328,Express
Gibraltar,328,9.4,328,,328,Express
Gibraltar,328,9.5,328,,328,Express
Gibraltar,337,9.6,337,,337,Express
Gibraltar,337,9.7,337,,337,Express
Gibraltar,337,9.8,337,,337,Express
Gibraltar,337,9.9,337,,337,Express
Gibraltar,337,10,337,,337,Express
Greece,21,0.1,21,21,31,Economy
Greece,21,0.2,21,21,31,Economy
Greece,21,0.3,21,21,31,Economy
Greece,21,0.4,21,21,32,Economy
Greece,21,0.5,21,21,32,Economy
Greece,23,0.6,23,23,37,Economy
Greece,23,0.7,23,23,37,Economy
Greece,24,0.8,24,24,37,Economy
Greece,24,0.9,24,24,38,Economy
Greece,24,1,24,24,38,Economy
Greece,25,1.1,25,25,43,Economy
Greece,25,1.2,25,25,43,Economy
Greece,26,1.3,26,26,43,Economy
Greece,26,1.4,26,26,43,Economy
Greece,26,1.5,26,26,43,Economy
Greece,28,1.6,28,28,50,Economy
Greece,28,1.7,28,28,50,Economy
Greece,30,1.8,30,30,50,Economy
Greece,30,1.9,30,30,50,Economy
Greece,30,2,30,30,51,Economy
Greece,33,2.1,33,33,57,Economy
Greece,33,2.2,33,33,57,Economy
Greece,33,2.3,33,33,57,Economy
Greece,33,2.4,33,33,57,Economy
Greece,33,2.5,33,33,57,Economy
Greece,36,2.6,36,36,63,Economy
Greece,36,2.7,36,36,63,Economy
Greece,36,2.8,36,36,63,Economy
Greece,36,2.9,36,36,63,Economy
Greece,36,3,36,36,63,Economy
Greece,38,3.1,38,38,69,Economy
Greece,38,3.2,38,38,69,Economy
Greece,38,3.3,38,38,69,Economy
Greece,38,3.4,38,38,69,Economy
Greece,38,3.5,38,38,69,Economy
Greece,41,3.6,41,41,75,Economy
Greece,41,3.7,41,41,75,Economy
Greece,41,3.8,41,41,75,Economy
Greece,41,3.9,41,41,75,Economy
Greece,41,4,41,41,75,Economy
Greece,44,4.1,44,44,80,Economy
Greece,44,4.2,44,44,80,Economy
Greece,44,4.3,44,44,81,Economy
Greece,44,4.4,44,44,81,Economy
Greece,44,4.5,44,44,81,Economy
Greece,47,4.6,47,47,86,Economy
Greece,47,4.7,47,47,86,Economy
Greece,47,4.8,47,47,86,Economy
Greece,47,4.9,47,47,86,Economy
Greece,47,5,47,47,87,Economy
Greece,50,5.1,50,50,132,Economy
Greece,50,5.2,50,50,132,Economy
Greece,50,5.3,50,50,132,Economy
Greece,50,5.4,50,50,132,Economy
Greece,50,5.5,50,50,132,Economy
Greece,53,5.6,53,53,140,Economy
Greece,53,5.7,53,53,140,Economy
Greece,53,5.8,53,53,140,Economy
Greece,53,5.9,53,53,140,Economy
Greece,53,6,53,53,141,Economy
Greece,56,6.1,56,56,148,Economy
Greece,56,6.2,56,56,149,Economy
Greece,56,6.3,56,56,149,Economy
Greece,56,6.4,56,56,149,Economy
Greece,56,6.5,56,56,149,Economy
Greece,60,6.6,60,60,157,Economy
Greece,60,6.7,60,60,157,Economy
Greece,60,6.8,60,60,157,Economy
Greece,60,6.9,60,60,157,Economy
Greece,60,7,60,60,157,Economy
Greece,64,7.1,64,64,165,Economy
Greece,64,7.2,64,64,165,Economy
Greece,64,7.3,64,64,165,Economy
Greece,64,7.4,64,64,166,Economy
Greece,64,7.5,64,64,166,Economy
Greece,67,7.6,67,67,174,Economy
Greece,67,7.7,67,67,174,Economy
Greece,67,7.8,67,67,174,Economy
Greece,67,7.9,67,67,175,Economy
Greece,67,8,67,67,175,Economy
Greece,71,8.1,71,71,183,Economy
Greece,71,8.2,71,71,183,Economy
Greece,71,8.3,71,71,183,Economy
Greece,71,8.4,71,71,183,Economy
Greece,71,8.5,71,71,184,Economy
Greece,75,8.6,75,75,192,Economy
Greece,75,8.7,75,75,192,Economy
Greece,75,8.8,75,75,192,Economy
Greece,75,8.9,75,75,192,Economy
Greece,75,9,75,75,193,Economy
Greece,78,9.1,78,78,201,Economy
Greece,78,9.2,78,78,201,Economy
Greece,78,9.3,78,78,201,Economy
Greece,78,9.4,78,78,201,Economy
Greece,78,9.5,78,78,202,Economy
Greece,83,9.6,83,83,210,Economy
Greece,83,9.7,83,83,210,Economy
Greece,83,9.8,83,83,210,Economy
Greece,83,9.9,83,83,210,Economy
Greece,83,10,83,83,210,Economy
Greenland,32,0.1,32,,32,Express
Greenland,32,0.2,32,,32,Express
Greenland,32,0.3,32,,32,Express
Greenland,32,0.4,32,,32,Express
Greenland,32,0.5,32,,32,Express
Greenland,44,0.6,44,,44,Express
Greenland,44,0.7,44,,44,Express
Greenland,44,0.8,44,,44,Express
Greenland,44,0.9,44,,44,Express
Greenland,44,1,44,,44,Express
Greenland,52,1.1,52,,52,Express
Greenland,52,1.2,52,,52,Express
Greenland,52,1.3,52,,52,Express
Greenland,52,1.4,52,,52,Express
Greenland,52,1.5,52,,52,Express
Greenland,59,1.6,59,,59,Express
Greenland,59,1.7,59,,59,Express
Greenland,59,1.8,59,,59,Express
Greenland,59,1.9,59,,59,Express
Greenland,59,2,59,,59,Express
Greenland,66,2.1,66,,66,Express
Greenland,66,2.2,66,,66,Express
Greenland,66,2.3,66,,66,Express
Greenland,66,2.4,66,,66,Express
Greenland,66,2.5,66,,66,Express
Greenland,69,2.6,69,,69,Express
Greenland,69,2.7,69,,69,Express
Greenland,69,2.8,69,,69,Express
Greenland,69,2.9,69,,69,Express
Greenland,69,3,69,,69,Express
Greenland,76,3.1,76,,76,Express
Greenland,76,3.2,76,,76,Express
Greenland,76,3.3,76,,76,Express
Greenland,76,3.4,76,,76,Express
Greenland,76,3.5,76,,76,Express
Greenland,84,3.6,84,,84,Express
Greenland,84,3.7,84,,84,Express
Greenland,84,3.8,84,,84,Express
Greenland,84,3.9,84,,84,Express
Greenland,84,4,84,,84,Express
Greenland,90,4.1,90,,90,Express
Greenland,90,4.2,90,,90,Express
Greenland,90,4.3,90,,90,Express
Greenland,90,4.4,90,,90,Express
Greenland,90,4.5,90,,90,Express
Greenland,99,4.6,99,,99,Express
Greenland,99,4.7,99,,99,Express
Greenland,99,4.8,99,,99,Express
Greenland,99,4.9,99,,99,Express
Greenland,99,5,99,,99,Express
Greenland,213,5.1,213,,213,Express
Greenland,213,5.2,213,,213,Express
Greenland,213,5.3,213,,213,Express
Greenland,213,5.4,213,,213,Express
Greenland,213,5.5,213,,213,Express
Greenland,228,5.6,228,,228,Express
Greenland,228,5.7,228,,228,Express
Greenland,228,5.8,228,,228,Express
Greenland,228,5.9,228,,228,Express
Greenland,228,6,228,,228,Express
Greenland,243,6.1,243,,243,Express
Greenland,243,6.2,243,,243,Express
Greenland,243,6.3,243,,243,Express
Greenland,243,6.4,243,,243,Express
Greenland,243,6.5,243,,243,Express
Greenland,258,6.6,258,,258,Express
Greenland,258,6.7,258,,258,Express
Greenland,258,6.8,258,,258,Express
Greenland,258,6.9,258,,258,Express
Greenland,258,7,258,,258,Express
Greenland,273,7.1,273,,273,Express
Greenland,273,7.2,273,,273,Express
Greenland,273,7.3,273,,273,Express
Greenland,273,7.4,273,,273,Express
Greenland,273,7.5,273,,273,Express
Greenland,287,7.6,287,,287,Express
Greenland,287,7.7,287,,287,Express
Greenland,287,7.8,287,,287,Express
Greenland,287,7.9,287,,287,Express
Greenland,287,8,287,,287,Express
Greenland,301,8.1,301,,301,Express
Greenland,301,8.2,301,,301,Express
Greenland,301,8.3,301,,301,Express
Greenland,301,8.4,301,,301,Express
Greenland,301,8.5,301,,301,Express
Greenland,315,8.6,315,,315,Express
Greenland,315,8.7,315,,315,Express
Greenland,315,8.8,315,,315,Express
Greenland,315,8.9,315,,315,Express
Greenland,315,9,315,,315,Express
Greenland,328,9.1,328,,328,Express
Greenland,328,9.2,328,,328,Express
Greenland,328,9.3,328,,328,Express
Greenland,328,9.4,328,,328,Express
Greenland,328,9.5,328,,328,Express
Greenland,337,9.6,337,,337,Express
Greenland,337,9.7,337,,337,Express
Greenland,337,9.8,337,,337,Express
Greenland,337,9.9,337,,337,Express
Greenland,337,10,337,,337,Express
Grenada,47,0.1,47,,47,Express
Grenada,47,0.2,47,,47,Express
Grenada,47,0.3,47,,47,Express
Grenada,48,0.4,48,,48,Express
Grenada,48,0.5,48,,48,Express
Grenada,58,0.6,58,,58,Express
Grenada,58,0.7,58,,58,Express
Grenada,58,0.8,58,,58,Express
Grenada,58,0.9,58,,58,Express
Grenada,58,1,58,,58,Express
Grenada,69,1.1,69,,69,Express
Grenada,69,1.2,69,,69,Express
Grenada,69,1.3,69,,69,Express
Grenada,69,1.4,69,,69,Express
Grenada,69,1.5,69,,69,Express
Grenada,78,1.6,78,,78,Express
Grenada,78,1.7,78,,78,Express
Grenada,79,1.8,79,,79,Express
Grenada,79,1.9,79,,79,Express
Grenada,79,2,79,,79,Express
Grenada,89,2.1,89,,89,Express
Grenada,89,2.2,89,,89,Express
Grenada,89,2.3,89,,89,Express
Grenada,89,2.4,89,,89,Express
Grenada,89,2.5,89,,89,Express
Grenada,99,2.6,99,,99,Express
Grenada,100,2.7,100,,100,Express
Grenada,100,2.8,100,,100,Express
Grenada,100,2.9,100,,100,Express
Grenada,100,3,100,,100,Express
Grenada,110,3.1,110,,110,Express
Grenada,110,3.2,110,,110,Express
Grenada,110,3.3,110,,110,Express
Grenada,110,3.4,110,,110,Express
Grenada,111,3.5,111,,111,Express
Grenada,120,3.6,120,,120,Express
Grenada,120,3.7,120,,120,Express
Grenada,120,3.8,120,,120,Express
Grenada,120,3.9,120,,120,Express
Grenada,120,4,120,,120,Express
Grenada,130,4.1,130,,130,Express
Grenada,131,4.2,131,,131,Express
Grenada,131,4.3,131,,131,Express
Grenada,131,4.4,131,,131,Express
Grenada,131,4.5,131,,131,Express
Grenada,140,4.6,140,,140,Express
Grenada,140,4.7,140,,140,Express
Grenada,141,4.8,141,,141,Express
Grenada,141,4.9,141,,141,Express
Grenada,141,5,141,,141,Express
Grenada,293,5.1,293,,293,Express
Grenada,293,5.2,293,,293,Express
Grenada,293,5.3,293,,293,Express
Grenada,293,5.4,293,,293,Express
Grenada,294,5.5,294,,294,Express
Grenada,311,5.6,311,,311,Express
Grenada,311,5.7,311,,311,Express
Grenada,312,5.8,312,,312,Express
Grenada,312,5.9,312,,312,Express
Grenada,312,6,312,,312,Express
Grenada,330,6.1,330,,330,Express
Grenada,330,6.2,330,,330,Express
Grenada,330,6.3,330,,330,Express
Grenada,330,6.4,330,,330,Express
Grenada,331,6.5,331,,331,Express
Grenada,348,6.6,348,,348,Express
Grenada,348,6.7,348,,348,Express
Grenada,348,6.8,348,,348,Express
Grenada,348,6.9,348,,348,Express
Grenada,349,7,349,,349,Express
Grenada,366,7.1,366,,366,Express
Grenada,367,7.2,367,,367,Express
Grenada,367,7.3,367,,367,Express
Grenada,367,7.4,367,,367,Express
Grenada,367,7.5,367,,367,Express
Grenada,383,7.6,383,,383,Express
Grenada,383,7.7,383,,383,Express
Grenada,383,7.8,383,,383,Express
Grenada,383,7.9,383,,383,Express
Grenada,384,8,384,,384,Express
Grenada,399,8.1,399,,399,Express
Grenada,400,8.2,400,,400,Express
Grenada,400,8.3,400,,400,Express
Grenada,400,8.4,400,,400,Express
Grenada,400,8.5,400,,400,Express
Grenada,416,8.6,416,,416,Express
Grenada,416,8.7,416,,416,Express
Grenada,416,8.8,416,,416,Express
Grenada,417,8.9,417,,417,Express
Grenada,417,9,417,,417,Express
Grenada,433,9.1,433,,433,Express
Grenada,433,9.2,433,,433,Express
Grenada,433,9.3,433,,433,Express
Grenada,433,9.4,433,,433,Express
Grenada,433,9.5,433,,433,Express
Grenada,453,9.6,453,,453,Express
Grenada,453,9.7,453,,453,Express
Grenada,454,9.8,454,,454,Express
Grenada,454,9.9,454,,454,Express
Grenada,454,10,454,,454,Express
Guadeloupe,47,0.1,47,,47,Express
Guadeloupe,47,0.2,47,,47,Express
Guadeloupe,47,0.3,47,,47,Express
Guadeloupe,48,0.4,48,,48,Express
Guadeloupe,48,0.5,48,,48,Express
Guadeloupe,58,0.6,58,,58,Express
Guadeloupe,58,0.7,58,,58,Express
Guadeloupe,58,0.8,58,,58,Express
Guadeloupe,58,0.9,58,,58,Express
Guadeloupe,58,1,58,,58,Express
Guadeloupe,69,1.1,69,,69,Express
Guadeloupe,69,1.2,69,,69,Express
Guadeloupe,69,1.3,69,,69,Express
Guadeloupe,69,1.4,69,,69,Express
Guadeloupe,69,1.5,69,,69,Express
Guadeloupe,78,1.6,78,,78,Express
Guadeloupe,78,1.7,78,,78,Express
Guadeloupe,79,1.8,79,,79,Express
Guadeloupe,79,1.9,79,,79,Express
Guadeloupe,79,2,79,,79,Express
Guadeloupe,89,2.1,89,,89,Express
Guadeloupe,89,2.2,89,,89,Express
Guadeloupe,89,2.3,89,,89,Express
Guadeloupe,89,2.4,89,,89,Express
Guadeloupe,89,2.5,89,,89,Express
Guadeloupe,99,2.6,99,,99,Express
Guadeloupe,100,2.7,100,,100,Express
Guadeloupe,100,2.8,100,,100,Express
Guadeloupe,100,2.9,100,,100,Express
Guadeloupe,100,3,100,,100,Express
Guadeloupe,110,3.1,110,,110,Express
Guadeloupe,110,3.2,110,,110,Express
Guadeloupe,110,3.3,110,,110,Express
Guadeloupe,110,3.4,110,,110,Express
Guadeloupe,111,3.5,111,,111,Express
Guadeloupe,120,3.6,120,,120,Express
Guadeloupe,120,3.7,120,,120,Express
Guadeloupe,120,3.8,120,,120,Express
Guadeloupe,120,3.9,120,,120,Express
Guadeloupe,120,4,120,,120,Express
Guadeloupe,130,4.1,130,,130,Express
Guadeloupe,131,4.2,131,,131,Express
Guadeloupe,131,4.3,131,,131,Express
Guadeloupe,131,4.4,131,,131,Express
Guadeloupe,131,4.5,131,,131,Express
Guadeloupe,140,4.6,140,,140,Express
Guadeloupe,140,4.7,140,,140,Express
Guadeloupe,141,4.8,141,,141,Express
Guadeloupe,141,4.9,141,,141,Express
Guadeloupe,141,5,141,,141,Express
Guadeloupe,293,5.1,293,,293,Express
Guadeloupe,293,5.2,293,,293,Express
Guadeloupe,293,5.3,293,,293,Express
Guadeloupe,293,5.4,293,,293,Express
Guadeloupe,294,5.5,294,,294,Express
Guadeloupe,311,5.6,311,,311,Express
Guadeloupe,311,5.7,311,,311,Express
Guadeloupe,312,5.8,312,,312,Express
Guadeloupe,312,5.9,312,,312,Express
Guadeloupe,312,6,312,,312,Express
Guadeloupe,330,6.1,330,,330,Express
Guadeloupe,330,6.2,330,,330,Express
Guadeloupe,330,6.3,330,,330,Express
Guadeloupe,330,6.4,330,,330,Express
Guadeloupe,331,6.5,331,,331,Express
Guadeloupe,348,6.6,348,,348,Express
Guadeloupe,348,6.7,348,,348,Express
Guadeloupe,348,6.8,348,,348,Express
Guadeloupe,348,6.9,348,,348,Express
Guadeloupe,349,7,349,,349,Express
Guadeloupe,366,7.1,366,,366,Express
Guadeloupe,367,7.2,367,,367,Express
Guadeloupe,367,7.3,367,,367,Express
Guadeloupe,367,7.4,367,,367,Express
Guadeloupe,367,7.5,367,,367,Express
Guadeloupe,383,7.6,383,,383,Express
Guadeloupe,383,7.7,383,,383,Express
Guadeloupe,383,7.8,383,,383,Express
Guadeloupe,383,7.9,383,,383,Express
Guadeloupe,384,8,384,,384,Express
Guadeloupe,399,8.1,399,,399,Express
Guadeloupe,400,8.2,400,,400,Express
Guadeloupe,400,8.3,400,,400,Express
Guadeloupe,400,8.4,400,,400,Express
Guadeloupe,400,8.5,400,,400,Express
Guadeloupe,416,8.6,416,,416,Express
Guadeloupe,416,8.7,416,,416,Express
Guadeloupe,416,8.8,416,,416,Express
Guadeloupe,417,8.9,417,,417,Express
Guadeloupe,417,9,417,,417,Express
Guadeloupe,433,9.1,433,,433,Express
Guadeloupe,433,9.2,433,,433,Express
Guadeloupe,433,9.3,433,,433,Express
Guadeloupe,433,9.4,433,,433,Express
Guadeloupe,433,9.5,433,,433,Express
Guadeloupe,453,9.6,453,,453,Express
Guadeloupe,453,9.7,453,,453,Express
Guadeloupe,454,9.8,454,,454,Express
Guadeloupe,454,9.9,454,,454,Express
Guadeloupe,454,10,454,,454,Express
Guam,32,0.1,32,,32,Express
Guam,32,0.2,32,,32,Express
Guam,32,0.3,32,,32,Express
Guam,32,0.4,32,,32,Express
Guam,32,0.5,32,,32,Express
Guam,44,0.6,44,,44,Express
Guam,44,0.7,44,,44,Express
Guam,44,0.8,44,,44,Express
Guam,44,0.9,44,,44,Express
Guam,44,1,44,,44,Express
Guam,52,1.1,52,,52,Express
Guam,52,1.2,52,,52,Express
Guam,52,1.3,52,,52,Express
Guam,52,1.4,52,,52,Express
Guam,52,1.5,52,,52,Express
Guam,59,1.6,59,,59,Express
Guam,59,1.7,59,,59,Express
Guam,59,1.8,59,,59,Express
Guam,59,1.9,59,,59,Express
Guam,59,2,59,,59,Express
Guam,66,2.1,66,,66,Express
Guam,66,2.2,66,,66,Express
Guam,66,2.3,66,,66,Express
Guam,66,2.4,66,,66,Express
Guam,66,2.5,66,,66,Express
Guam,69,2.6,69,,69,Express
Guam,69,2.7,69,,69,Express
Guam,69,2.8,69,,69,Express
Guam,69,2.9,69,,69,Express
Guam,69,3,69,,69,Express
Guam,76,3.1,76,,76,Express
Guam,76,3.2,76,,76,Express
Guam,76,3.3,76,,76,Express
Guam,76,3.4,76,,76,Express
Guam,76,3.5,76,,76,Express
Guam,84,3.6,84,,84,Express
Guam,84,3.7,84,,84,Express
Guam,84,3.8,84,,84,Express
Guam,84,3.9,84,,84,Express
Guam,84,4,84,,84,Express
Guam,90,4.1,90,,90,Express
Guam,90,4.2,90,,90,Express
Guam,90,4.3,90,,90,Express
Guam,90,4.4,90,,90,Express
Guam,90,4.5,90,,90,Express
Guam,99,4.6,99,,99,Express
Guam,99,4.7,99,,99,Express
Guam,99,4.8,99,,99,Express
Guam,99,4.9,99,,99,Express
Guam,99,5,99,,99,Express
Guam,213,5.1,213,,213,Express
Guam,213,5.2,213,,213,Express
Guam,213,5.3,213,,213,Express
Guam,213,5.4,213,,213,Express
Guam,213,5.5,213,,213,Express
Guam,228,5.6,228,,228,Express
Guam,228,5.7,228,,228,Express
Guam,228,5.8,228,,228,Express
Guam,228,5.9,228,,228,Express
Guam,228,6,228,,228,Express
Guam,243,6.1,243,,243,Express
Guam,243,6.2,243,,243,Express
Guam,243,6.3,243,,243,Express
Guam,243,6.4,243,,243,Express
Guam,243,6.5,243,,243,Express
Guam,258,6.6,258,,258,Express
Guam,258,6.7,258,,258,Express
Guam,258,6.8,258,,258,Express
Guam,258,6.9,258,,258,Express
Guam,258,7,258,,258,Express
Guam,273,7.1,273,,273,Express
Guam,273,7.2,273,,273,Express
Guam,273,7.3,273,,273,Express
Guam,273,7.4,273,,273,Express
Guam,273,7.5,273,,273,Express
Guam,287,7.6,287,,287,Express
Guam,287,7.7,287,,287,Express
Guam,287,7.8,287,,287,Express
Guam,287,7.9,287,,287,Express
Guam,287,8,287,,287,Express
Guam,301,8.1,301,,301,Express
Guam,301,8.2,301,,301,Express
Guam,301,8.3,301,,301,Express
Guam,301,8.4,301,,301,Express
Guam,301,8.5,301,,301,Express
Guam,315,8.6,315,,315,Express
Guam,315,8.7,315,,315,Express
Guam,315,8.8,315,,315,Express
Guam,315,8.9,315,,315,Express
Guam,315,9,315,,315,Express
Guam,328,9.1,328,,328,Express
Guam,328,9.2,328,,328,Express
Guam,328,9.3,328,,328,Express
Guam,328,9.4,328,,328,Express
Guam,328,9.5,328,,328,Express
Guam,337,9.6,337,,337,Express
Guam,337,9.7,337,,337,Express
Guam,337,9.8,337,,337,Express
Guam,337,9.9,337,,337,Express
Guam,337,10,337,,337,Express
Guatemala,47,0.1,47,,47,Express
Guatemala,47,0.2,47,,47,Express
Guatemala,47,0.3,47,,47,Express
Guatemala,48,0.4,48,,48,Express
Guatemala,48,0.5,48,,48,Express
Guatemala,58,0.6,58,,58,Express
Guatemala,58,0.7,58,,58,Express
Guatemala,58,0.8,58,,58,Express
Guatemala,58,0.9,58,,58,Express
Guatemala,58,1,58,,58,Express
Guatemala,69,1.1,69,,69,Express
Guatemala,69,1.2,69,,69,Express
Guatemala,69,1.3,69,,69,Express
Guatemala,69,1.4,69,,69,Express
Guatemala,69,1.5,69,,69,Express
Guatemala,78,1.6,78,,78,Express
Guatemala,78,1.7,78,,78,Express
Guatemala,79,1.8,79,,79,Express
Guatemala,79,1.9,79,,79,Express
Guatemala,79,2,79,,79,Express
Guatemala,89,2.1,89,,89,Express
Guatemala,89,2.2,89,,89,Express
Guatemala,89,2.3,89,,89,Express
Guatemala,89,2.4,89,,89,Express
Guatemala,89,2.5,89,,89,Express
Guatemala,99,2.6,99,,99,Express
Guatemala,100,2.7,100,,100,Express
Guatemala,100,2.8,100,,100,Express
Guatemala,100,2.9,100,,100,Express
Guatemala,100,3,100,,100,Express
Guatemala,110,3.1,110,,110,Express
Guatemala,110,3.2,110,,110,Express
Guatemala,110,3.3,110,,110,Express
Guatemala,110,3.4,110,,110,Express
Guatemala,111,3.5,111,,111,Express
Guatemala,120,3.6,120,,120,Express
Guatemala,120,3.7,120,,120,Express
Guatemala,120,3.8,120,,120,Express
Guatemala,120,3.9,120,,120,Express
Guatemala,120,4,120,,120,Express
Guatemala,130,4.1,130,,130,Express
Guatemala,131,4.2,131,,131,Express
Guatemala,131,4.3,131,,131,Express
Guatemala,131,4.4,131,,131,Express
Guatemala,131,4.5,131,,131,Express
Guatemala,140,4.6,140,,140,Express
Guatemala,140,4.7,140,,140,Express
Guatemala,141,4.8,141,,141,Express
Guatemala,141,4.9,141,,141,Express
Guatemala,141,5,141,,141,Express
Guatemala,293,5.1,293,,293,Express
Guatemala,293,5.2,293,,293,Express
Guatemala,293,5.3,293,,293,Express
Guatemala,293,5.4,293,,293,Express
Guatemala,294,5.5,294,,294,Express
Guatemala,311,5.6,311,,311,Express
Guatemala,311,5.7,311,,311,Express
Guatemala,312,5.8,312,,312,Express
Guatemala,312,5.9,312,,312,Express
Guatemala,312,6,312,,312,Express
Guatemala,330,6.1,330,,330,Express
Guatemala,330,6.2,330,,330,Express
Guatemala,330,6.3,330,,330,Express
Guatemala,330,6.4,330,,330,Express
Guatemala,331,6.5,331,,331,Express
Guatemala,348,6.6,348,,348,Express
Guatemala,348,6.7,348,,348,Express
Guatemala,348,6.8,348,,348,Express
Guatemala,348,6.9,348,,348,Express
Guatemala,349,7,349,,349,Express
Guatemala,366,7.1,366,,366,Express
Guatemala,367,7.2,367,,367,Express
Guatemala,367,7.3,367,,367,Express
Guatemala,367,7.4,367,,367,Express
Guatemala,367,7.5,367,,367,Express
Guatemala,383,7.6,383,,383,Express
Guatemala,383,7.7,383,,383,Express
Guatemala,383,7.8,383,,383,Express
Guatemala,383,7.9,383,,383,Express
Guatemala,384,8,384,,384,Express
Guatemala,399,8.1,399,,399,Express
Guatemala,400,8.2,400,,400,Express
Guatemala,400,8.3,400,,400,Express
Guatemala,400,8.4,400,,400,Express
Guatemala,400,8.5,400,,400,Express
Guatemala,416,8.6,416,,416,Express
Guatemala,416,8.7,416,,416,Express
Guatemala,416,8.8,416,,416,Express
Guatemala,417,8.9,417,,417,Express
Guatemala,417,9,417,,417,Express
Guatemala,433,9.1,433,,433,Express
Guatemala,433,9.2,433,,433,Express
Guatemala,433,9.3,433,,433,Express
Guatemala,433,9.4,433,,433,Express
Guatemala,433,9.5,433,,433,Express
Guatemala,453,9.6,453,,453,Express
Guatemala,453,9.7,453,,453,Express
Guatemala,454,9.8,454,,454,Express
Guatemala,454,9.9,454,,454,Express
Guatemala,454,10,454,,454,Express
Guernsey,47,0.1,47,,47,Express
Guernsey,47,0.2,47,,47,Express
Guernsey,47,0.3,47,,47,Express
Guernsey,48,0.4,48,,48,Express
Guernsey,48,0.5,48,,48,Express
Guernsey,58,0.6,58,,58,Express
Guernsey,58,0.7,58,,58,Express
Guernsey,58,0.8,58,,58,Express
Guernsey,58,0.9,58,,58,Express
Guernsey,58,1,58,,58,Express
Guernsey,69,1.1,69,,69,Express
Guernsey,69,1.2,69,,69,Express
Guernsey,69,1.3,69,,69,Express
Guernsey,69,1.4,69,,69,Express
Guernsey,69,1.5,69,,69,Express
Guernsey,78,1.6,78,,78,Express
Guernsey,78,1.7,78,,78,Express
Guernsey,79,1.8,79,,79,Express
Guernsey,79,1.9,79,,79,Express
Guernsey,79,2,79,,79,Express
Guernsey,89,2.1,89,,89,Express
Guernsey,89,2.2,89,,89,Express
Guernsey,89,2.3,89,,89,Express
Guernsey,89,2.4,89,,89,Express
Guernsey,89,2.5,89,,89,Express
Guernsey,99,2.6,99,,99,Express
Guernsey,100,2.7,100,,100,Express
Guernsey,100,2.8,100,,100,Express
Guernsey,100,2.9,100,,100,Express
Guernsey,100,3,100,,100,Express
Guernsey,110,3.1,110,,110,Express
Guernsey,110,3.2,110,,110,Express
Guernsey,110,3.3,110,,110,Express
Guernsey,110,3.4,110,,110,Express
Guernsey,111,3.5,111,,111,Express
Guernsey,120,3.6,120,,120,Express
Guernsey,120,3.7,120,,120,Express
Guernsey,120,3.8,120,,120,Express
Guernsey,120,3.9,120,,120,Express
Guernsey,120,4,120,,120,Express
Guernsey,130,4.1,130,,130,Express
Guernsey,131,4.2,131,,131,Express
Guernsey,131,4.3,131,,131,Express
Guernsey,131,4.4,131,,131,Express
Guernsey,131,4.5,131,,131,Express
Guernsey,140,4.6,140,,140,Express
Guernsey,140,4.7,140,,140,Express
Guernsey,141,4.8,141,,141,Express
Guernsey,141,4.9,141,,141,Express
Guernsey,141,5,141,,141,Express
Guernsey,293,5.1,293,,293,Express
Guernsey,293,5.2,293,,293,Express
Guernsey,293,5.3,293,,293,Express
Guernsey,293,5.4,293,,293,Express
Guernsey,294,5.5,294,,294,Express
Guernsey,311,5.6,311,,311,Express
Guernsey,311,5.7,311,,311,Express
Guernsey,312,5.8,312,,312,Express
Guernsey,312,5.9,312,,312,Express
Guernsey,312,6,312,,312,Express
Guernsey,330,6.1,330,,330,Express
Guernsey,330,6.2,330,,330,Express
Guernsey,330,6.3,330,,330,Express
Guernsey,330,6.4,330,,330,Express
Guernsey,331,6.5,331,,331,Express
Guernsey,348,6.6,348,,348,Express
Guernsey,348,6.7,348,,348,Express
Guernsey,348,6.8,348,,348,Express
Guernsey,348,6.9,348,,348,Express
Guernsey,349,7,349,,349,Express
Guernsey,366,7.1,366,,366,Express
Guernsey,367,7.2,367,,367,Express
Guernsey,367,7.3,367,,367,Express
Guernsey,367,7.4,367,,367,Express
Guernsey,367,7.5,367,,367,Express
Guernsey,383,7.6,383,,383,Express
Guernsey,383,7.7,383,,383,Express
Guernsey,383,7.8,383,,383,Express
Guernsey,383,7.9,383,,383,Express
Guernsey,384,8,384,,384,Express
Guernsey,399,8.1,399,,399,Express
Guernsey,400,8.2,400,,400,Express
Guernsey,400,8.3,400,,400,Express
Guernsey,400,8.4,400,,400,Express
Guernsey,400,8.5,400,,400,Express
Guernsey,416,8.6,416,,416,Express
Guernsey,416,8.7,416,,416,Express
Guernsey,416,8.8,416,,416,Express
Guernsey,417,8.9,417,,417,Express
Guernsey,417,9,417,,417,Express
Guernsey,433,9.1,433,,433,Express
Guernsey,433,9.2,433,,433,Express
Guernsey,433,9.3,433,,433,Express
Guernsey,433,9.4,433,,433,Express
Guernsey,433,9.5,433,,433,Express
Guernsey,453,9.6,453,,453,Express
Guernsey,453,9.7,453,,453,Express
Guernsey,454,9.8,454,,454,Express
Guernsey,454,9.9,454,,454,Express
Guernsey,454,10,454,,454,Express
Guinea,47,0.1,47,,47,Express
Guinea,47,0.2,47,,47,Express
Guinea,47,0.3,47,,47,Express
Guinea,48,0.4,48,,48,Express
Guinea,48,0.5,48,,48,Express
Guinea,58,0.6,58,,58,Express
Guinea,58,0.7,58,,58,Express
Guinea,58,0.8,58,,58,Express
Guinea,58,0.9,58,,58,Express
Guinea,58,1,58,,58,Express
Guinea,69,1.1,69,,69,Express
Guinea,69,1.2,69,,69,Express
Guinea,69,1.3,69,,69,Express
Guinea,69,1.4,69,,69,Express
Guinea,69,1.5,69,,69,Express
Guinea,78,1.6,78,,78,Express
Guinea,78,1.7,78,,78,Express
Guinea,79,1.8,79,,79,Express
Guinea,79,1.9,79,,79,Express
Guinea,79,2,79,,79,Express
Guinea,89,2.1,89,,89,Express
Guinea,89,2.2,89,,89,Express
Guinea,89,2.3,89,,89,Express
Guinea,89,2.4,89,,89,Express
Guinea,89,2.5,89,,89,Express
Guinea,99,2.6,99,,99,Express
Guinea,100,2.7,100,,100,Express
Guinea,100,2.8,100,,100,Express
Guinea,100,2.9,100,,100,Express
Guinea,100,3,100,,100,Express
Guinea,110,3.1,110,,110,Express
Guinea,110,3.2,110,,110,Express
Guinea,110,3.3,110,,110,Express
Guinea,110,3.4,110,,110,Express
Guinea,111,3.5,111,,111,Express
Guinea,120,3.6,120,,120,Express
Guinea,120,3.7,120,,120,Express
Guinea,120,3.8,120,,120,Express
Guinea,120,3.9,120,,120,Express
Guinea,120,4,120,,120,Express
Guinea,130,4.1,130,,130,Express
Guinea,131,4.2,131,,131,Express
Guinea,131,4.3,131,,131,Express
Guinea,131,4.4,131,,131,Express
Guinea,131,4.5,131,,131,Express
Guinea,140,4.6,140,,140,Express
Guinea,140,4.7,140,,140,Express
Guinea,141,4.8,141,,141,Express
Guinea,141,4.9,141,,141,Express
Guinea,141,5,141,,141,Express
Guinea,293,5.1,293,,293,Express
Guinea,293,5.2,293,,293,Express
Guinea,293,5.3,293,,293,Express
Guinea,293,5.4,293,,293,Express
Guinea,294,5.5,294,,294,Express
Guinea,311,5.6,311,,311,Express
Guinea,311,5.7,311,,311,Express
Guinea,312,5.8,312,,312,Express
Guinea,312,5.9,312,,312,Express
Guinea,312,6,312,,312,Express
Guinea,330,6.1,330,,330,Express
Guinea,330,6.2,330,,330,Express
Guinea,330,6.3,330,,330,Express
Guinea,330,6.4,330,,330,Express
Guinea,331,6.5,331,,331,Express
Guinea,348,6.6,348,,348,Express
Guinea,348,6.7,348,,348,Express
Guinea,348,6.8,348,,348,Express
Guinea,348,6.9,348,,348,Express
Guinea,349,7,349,,349,Express
Guinea,366,7.1,366,,366,Express
Guinea,367,7.2,367,,367,Express
Guinea,367,7.3,367,,367,Express
Guinea,367,7.4,367,,367,Express
Guinea,367,7.5,367,,367,Express
Guinea,383,7.6,383,,383,Express
Guinea,383,7.7,383,,383,Express
Guinea,383,7.8,383,,383,Express
Guinea,383,7.9,383,,383,Express
Guinea,384,8,384,,384,Express
Guinea,399,8.1,399,,399,Express
Guinea,400,8.2,400,,400,Express
Guinea,400,8.3,400,,400,Express
Guinea,400,8.4,400,,400,Express
Guinea,400,8.5,400,,400,Express
Guinea,416,8.6,416,,416,Express
Guinea,416,8.7,416,,416,Express
Guinea,416,8.8,416,,416,Express
Guinea,417,8.9,417,,417,Express
Guinea,417,9,417,,417,Express
Guinea,433,9.1,433,,433,Express
Guinea,433,9.2,433,,433,Express
Guinea,433,9.3,433,,433,Express
Guinea,433,9.4,433,,433,Express
Guinea,433,9.5,433,,433,Express
Guinea,453,9.6,453,,453,Express
Guinea,453,9.7,453,,453,Express
Guinea,454,9.8,454,,454,Express
Guinea,454,9.9,454,,454,Express
Guinea,454,10,454,,454,Express
Guinea Republic,47,0.1,47,,47,Express
Guinea Republic,47,0.2,47,,47,Express
Guinea Republic,47,0.3,47,,47,Express
Guinea Republic,48,0.4,48,,48,Express
Guinea Republic,48,0.5,48,,48,Express
Guinea Republic,58,0.6,58,,58,Express
Guinea Republic,58,0.7,58,,58,Express
Guinea Republic,58,0.8,58,,58,Express
Guinea Republic,58,0.9,58,,58,Express
Guinea Republic,58,1,58,,58,Express
Guinea Republic,69,1.1,69,,69,Express
Guinea Republic,69,1.2,69,,69,Express
Guinea Republic,69,1.3,69,,69,Express
Guinea Republic,69,1.4,69,,69,Express
Guinea Republic,69,1.5,69,,69,Express
Guinea Republic,78,1.6,78,,78,Express
Guinea Republic,78,1.7,78,,78,Express
Guinea Republic,79,1.8,79,,79,Express
Guinea Republic,79,1.9,79,,79,Express
Guinea Republic,79,2,79,,79,Express
Guinea Republic,89,2.1,89,,89,Express
Guinea Republic,89,2.2,89,,89,Express
Guinea Republic,89,2.3,89,,89,Express
Guinea Republic,89,2.4,89,,89,Express
Guinea Republic,89,2.5,89,,89,Express
Guinea Republic,99,2.6,99,,99,Express
Guinea Republic,100,2.7,100,,100,Express
Guinea Republic,100,2.8,100,,100,Express
Guinea Republic,100,2.9,100,,100,Express
Guinea Republic,100,3,100,,100,Express
Guinea Republic,110,3.1,110,,110,Express
Guinea Republic,110,3.2,110,,110,Express
Guinea Republic,110,3.3,110,,110,Express
Guinea Republic,110,3.4,110,,110,Express
Guinea Republic,111,3.5,111,,111,Express
Guinea Republic,120,3.6,120,,120,Express
Guinea Republic,120,3.7,120,,120,Express
Guinea Republic,120,3.8,120,,120,Express
Guinea Republic,120,3.9,120,,120,Express
Guinea Republic,120,4,120,,120,Express
Guinea Republic,130,4.1,130,,130,Express
Guinea Republic,131,4.2,131,,131,Express
Guinea Republic,131,4.3,131,,131,Express
Guinea Republic,131,4.4,131,,131,Express
Guinea Republic,131,4.5,131,,131,Express
Guinea Republic,140,4.6,140,,140,Express
Guinea Republic,140,4.7,140,,140,Express
Guinea Republic,141,4.8,141,,141,Express
Guinea Republic,141,4.9,141,,141,Express
Guinea Republic,141,5,141,,141,Express
Guinea Republic,293,5.1,293,,293,Express
Guinea Republic,293,5.2,293,,293,Express
Guinea Republic,293,5.3,293,,293,Express
Guinea Republic,293,5.4,293,,293,Express
Guinea Republic,294,5.5,294,,294,Express
Guinea Republic,311,5.6,311,,311,Express
Guinea Republic,311,5.7,311,,311,Express
Guinea Republic,312,5.8,312,,312,Express
Guinea Republic,312,5.9,312,,312,Express
Guinea Republic,312,6,312,,312,Express
Guinea Republic,330,6.1,330,,330,Express
Guinea Republic,330,6.2,330,,330,Express
Guinea Republic,330,6.3,330,,330,Express
Guinea Republic,330,6.4,330,,330,Express
Guinea Republic,331,6.5,331,,331,Express
Guinea Republic,348,6.6,348,,348,Express
Guinea Republic,348,6.7,348,,348,Express
Guinea Republic,348,6.8,348,,348,Express
Guinea Republic,348,6.9,348,,348,Express
Guinea Republic,349,7,349,,349,Express
Guinea Republic,366,7.1,366,,366,Express
Guinea Republic,367,7.2,367,,367,Express
Guinea Republic,367,7.3,367,,367,Express
Guinea Republic,367,7.4,367,,367,Express
Guinea Republic,367,7.5,367,,367,Express
Guinea Republic,383,7.6,383,,383,Express
Guinea Republic,383,7.7,383,,383,Express
Guinea Republic,383,7.8,383,,383,Express
Guinea Republic,383,7.9,383,,383,Express
Guinea Republic,384,8,384,,384,Express
Guinea Republic,399,8.1,399,,399,Express
Guinea Republic,400,8.2,400,,400,Express
Guinea Republic,400,8.3,400,,400,Express
Guinea Republic,400,8.4,400,,400,Express
Guinea Republic,400,8.5,400,,400,Express
Guinea Republic,416,8.6,416,,416,Express
Guinea Republic,416,8.7,416,,416,Express
Guinea Republic,416,8.8,416,,416,Express
Guinea Republic,417,8.9,417,,417,Express
Guinea Republic,417,9,417,,417,Express
Guinea Republic,433,9.1,433,,433,Express
Guinea Republic,433,9.2,433,,433,Express
Guinea Republic,433,9.3,433,,433,Express
Guinea Republic,433,9.4,433,,433,Express
Guinea Republic,433,9.5,433,,433,Express
Guinea Republic,453,9.6,453,,453,Express
Guinea Republic,453,9.7,453,,453,Express
Guinea Republic,454,9.8,454,,454,Express
Guinea Republic,454,9.9,454,,454,Express
Guinea Republic,454,10,454,,454,Express
Guinea-Bissau,47,0.1,47,,47,Express
Guinea-Bissau,47,0.2,47,,47,Express
Guinea-Bissau,47,0.3,47,,47,Express
Guinea-Bissau,48,0.4,48,,48,Express
Guinea-Bissau,48,0.5,48,,48,Express
Guinea-Bissau,58,0.6,58,,58,Express
Guinea-Bissau,58,0.7,58,,58,Express
Guinea-Bissau,58,0.8,58,,58,Express
Guinea-Bissau,58,0.9,58,,58,Express
Guinea-Bissau,58,1,58,,58,Express
Guinea-Bissau,69,1.1,69,,69,Express
Guinea-Bissau,69,1.2,69,,69,Express
Guinea-Bissau,69,1.3,69,,69,Express
Guinea-Bissau,69,1.4,69,,69,Express
Guinea-Bissau,69,1.5,69,,69,Express
Guinea-Bissau,78,1.6,78,,78,Express
Guinea-Bissau,78,1.7,78,,78,Express
Guinea-Bissau,79,1.8,79,,79,Express
Guinea-Bissau,79,1.9,79,,79,Express
Guinea-Bissau,79,2,79,,79,Express
Guinea-Bissau,89,2.1,89,,89,Express
Guinea-Bissau,89,2.2,89,,89,Express
Guinea-Bissau,89,2.3,89,,89,Express
Guinea-Bissau,89,2.4,89,,89,Express
Guinea-Bissau,89,2.5,89,,89,Express
Guinea-Bissau,99,2.6,99,,99,Express
Guinea-Bissau,100,2.7,100,,100,Express
Guinea-Bissau,100,2.8,100,,100,Express
Guinea-Bissau,100,2.9,100,,100,Express
Guinea-Bissau,100,3,100,,100,Express
Guinea-Bissau,110,3.1,110,,110,Express
Guinea-Bissau,110,3.2,110,,110,Express
Guinea-Bissau,110,3.3,110,,110,Express
Guinea-Bissau,110,3.4,110,,110,Express
Guinea-Bissau,111,3.5,111,,111,Express
Guinea-Bissau,120,3.6,120,,120,Express
Guinea-Bissau,120,3.7,120,,120,Express
Guinea-Bissau,120,3.8,120,,120,Express
Guinea-Bissau,120,3.9,120,,120,Express
Guinea-Bissau,120,4,120,,120,Express
Guinea-Bissau,130,4.1,130,,130,Express
Guinea-Bissau,131,4.2,131,,131,Express
Guinea-Bissau,131,4.3,131,,131,Express
Guinea-Bissau,131,4.4,131,,131,Express
Guinea-Bissau,131,4.5,131,,131,Express
Guinea-Bissau,140,4.6,140,,140,Express
Guinea-Bissau,140,4.7,140,,140,Express
Guinea-Bissau,141,4.8,141,,141,Express
Guinea-Bissau,141,4.9,141,,141,Express
Guinea-Bissau,141,5,141,,141,Express
Guinea-Bissau,293,5.1,293,,293,Express
Guinea-Bissau,293,5.2,293,,293,Express
Guinea-Bissau,293,5.3,293,,293,Express
Guinea-Bissau,293,5.4,293,,293,Express
Guinea-Bissau,294,5.5,294,,294,Express
Guinea-Bissau,311,5.6,311,,311,Express
Guinea-Bissau,311,5.7,311,,311,Express
Guinea-Bissau,312,5.8,312,,312,Express
Guinea-Bissau,312,5.9,312,,312,Express
Guinea-Bissau,312,6,312,,312,Express
Guinea-Bissau,330,6.1,330,,330,Express
Guinea-Bissau,330,6.2,330,,330,Express
Guinea-Bissau,330,6.3,330,,330,Express
Guinea-Bissau,330,6.4,330,,330,Express
Guinea-Bissau,331,6.5,331,,331,Express
Guinea-Bissau,348,6.6,348,,348,Express
Guinea-Bissau,348,6.7,348,,348,Express
Guinea-Bissau,348,6.8,348,,348,Express
Guinea-Bissau,348,6.9,348,,348,Express
Guinea-Bissau,349,7,349,,349,Express
Guinea-Bissau,366,7.1,366,,366,Express
Guinea-Bissau,367,7.2,367,,367,Express
Guinea-Bissau,367,7.3,367,,367,Express
Guinea-Bissau,367,7.4,367,,367,Express
Guinea-Bissau,367,7.5,367,,367,Express
Guinea-Bissau,383,7.6,383,,383,Express
Guinea-Bissau,383,7.7,383,,383,Express
Guinea-Bissau,383,7.8,383,,383,Express
Guinea-Bissau,383,7.9,383,,383,Express
Guinea-Bissau,384,8,384,,384,Express
Guinea-Bissau,399,8.1,399,,399,Express
Guinea-Bissau,400,8.2,400,,400,Express
Guinea-Bissau,400,8.3,400,,400,Express
Guinea-Bissau,400,8.4,400,,400,Express
Guinea-Bissau,400,8.5,400,,400,Express
Guinea-Bissau,416,8.6,416,,416,Express
Guinea-Bissau,416,8.7,416,,416,Express
Guinea-Bissau,416,8.8,416,,416,Express
Guinea-Bissau,417,8.9,417,,417,Express
Guinea-Bissau,417,9,417,,417,Express
Guinea-Bissau,433,9.1,433,,433,Express
Guinea-Bissau,433,9.2,433,,433,Express
Guinea-Bissau,433,9.3,433,,433,Express
Guinea-Bissau,433,9.4,433,,433,Express
Guinea-Bissau,433,9.5,433,,433,Express
Guinea-Bissau,453,9.6,453,,453,Express
Guinea-Bissau,453,9.7,453,,453,Express
Guinea-Bissau,454,9.8,454,,454,Express
Guinea-Bissau,454,9.9,454,,454,Express
Guinea-Bissau,454,10,454,,454,Express
Guinea-Equatorial,47,0.1,47,,47,Express
Guinea-Equatorial,47,0.2,47,,47,Express
Guinea-Equatorial,47,0.3,47,,47,Express
Guinea-Equatorial,48,0.4,48,,48,Express
Guinea-Equatorial,48,0.5,48,,48,Express
Guinea-Equatorial,58,0.6,58,,58,Express
Guinea-Equatorial,58,0.7,58,,58,Express
Guinea-Equatorial,58,0.8,58,,58,Express
Guinea-Equatorial,58,0.9,58,,58,Express
Guinea-Equatorial,58,1,58,,58,Express
Guinea-Equatorial,69,1.1,69,,69,Express
Guinea-Equatorial,69,1.2,69,,69,Express
Guinea-Equatorial,69,1.3,69,,69,Express
Guinea-Equatorial,69,1.4,69,,69,Express
Guinea-Equatorial,69,1.5,69,,69,Express
Guinea-Equatorial,78,1.6,78,,78,Express
Guinea-Equatorial,78,1.7,78,,78,Express
Guinea-Equatorial,79,1.8,79,,79,Express
Guinea-Equatorial,79,1.9,79,,79,Express
Guinea-Equatorial,79,2,79,,79,Express
Guinea-Equatorial,89,2.1,89,,89,Express
Guinea-Equatorial,89,2.2,89,,89,Express
Guinea-Equatorial,89,2.3,89,,89,Express
Guinea-Equatorial,89,2.4,89,,89,Express
Guinea-Equatorial,89,2.5,89,,89,Express
Guinea-Equatorial,99,2.6,99,,99,Express
Guinea-Equatorial,100,2.7,100,,100,Express
Guinea-Equatorial,100,2.8,100,,100,Express
Guinea-Equatorial,100,2.9,100,,100,Express
Guinea-Equatorial,100,3,100,,100,Express
Guinea-Equatorial,110,3.1,110,,110,Express
Guinea-Equatorial,110,3.2,110,,110,Express
Guinea-Equatorial,110,3.3,110,,110,Express
Guinea-Equatorial,110,3.4,110,,110,Express
Guinea-Equatorial,111,3.5,111,,111,Express
Guinea-Equatorial,120,3.6,120,,120,Express
Guinea-Equatorial,120,3.7,120,,120,Express
Guinea-Equatorial,120,3.8,120,,120,Express
Guinea-Equatorial,120,3.9,120,,120,Express
Guinea-Equatorial,120,4,120,,120,Express
Guinea-Equatorial,130,4.1,130,,130,Express
Guinea-Equatorial,131,4.2,131,,131,Express
Guinea-Equatorial,131,4.3,131,,131,Express
Guinea-Equatorial,131,4.4,131,,131,Express
Guinea-Equatorial,131,4.5,131,,131,Express
Guinea-Equatorial,140,4.6,140,,140,Express
Guinea-Equatorial,140,4.7,140,,140,Express
Guinea-Equatorial,141,4.8,141,,141,Express
Guinea-Equatorial,141,4.9,141,,141,Express
Guinea-Equatorial,141,5,141,,141,Express
Guinea-Equatorial,293,5.1,293,,293,Express
Guinea-Equatorial,293,5.2,293,,293,Express
Guinea-Equatorial,293,5.3,293,,293,Express
Guinea-Equatorial,293,5.4,293,,293,Express
Guinea-Equatorial,294,5.5,294,,294,Express
Guinea-Equatorial,311,5.6,311,,311,Express
Guinea-Equatorial,311,5.7,311,,311,Express
Guinea-Equatorial,312,5.8,312,,312,Express
Guinea-Equatorial,312,5.9,312,,312,Express
Guinea-Equatorial,312,6,312,,312,Express
Guinea-Equatorial,330,6.1,330,,330,Express
Guinea-Equatorial,330,6.2,330,,330,Express
Guinea-Equatorial,330,6.3,330,,330,Express
Guinea-Equatorial,330,6.4,330,,330,Express
Guinea-Equatorial,331,6.5,331,,331,Express
Guinea-Equatorial,348,6.6,348,,348,Express
Guinea-Equatorial,348,6.7,348,,348,Express
Guinea-Equatorial,348,6.8,348,,348,Express
Guinea-Equatorial,348,6.9,348,,348,Express
Guinea-Equatorial,349,7,349,,349,Express
Guinea-Equatorial,366,7.1,366,,366,Express
Guinea-Equatorial,367,7.2,367,,367,Express
Guinea-Equatorial,367,7.3,367,,367,Express
Guinea-Equatorial,367,7.4,367,,367,Express
Guinea-Equatorial,367,7.5,367,,367,Express
Guinea-Equatorial,383,7.6,383,,383,Express
Guinea-Equatorial,383,7.7,383,,383,Express
Guinea-Equatorial,383,7.8,383,,383,Express
Guinea-Equatorial,383,7.9,383,,383,Express
Guinea-Equatorial,384,8,384,,384,Express
Guinea-Equatorial,399,8.1,399,,399,Express
Guinea-Equatorial,400,8.2,400,,400,Express
Guinea-Equatorial,400,8.3,400,,400,Express
Guinea-Equatorial,400,8.4,400,,400,Express
Guinea-Equatorial,400,8.5,400,,400,Express
Guinea-Equatorial,416,8.6,416,,416,Express
Guinea-Equatorial,416,8.7,416,,416,Express
Guinea-Equatorial,416,8.8,416,,416,Express
Guinea-Equatorial,417,8.9,417,,417,Express
Guinea-Equatorial,417,9,417,,417,Express
Guinea-Equatorial,433,9.1,433,,433,Express
Guinea-Equatorial,433,9.2,433,,433,Express
Guinea-Equatorial,433,9.3,433,,433,Express
Guinea-Equatorial,433,9.4,433,,433,Express
Guinea-Equatorial,433,9.5,433,,433,Express
Guinea-Equatorial,453,9.6,453,,453,Express
Guinea-Equatorial,453,9.7,453,,453,Express
Guinea-Equatorial,454,9.8,454,,454,Express
Guinea-Equatorial,454,9.9,454,,454,Express
Guinea-Equatorial,454,10,454,,454,Express
Haiti,47,0.1,47,,47,Express
Haiti,47,0.2,47,,47,Express
Haiti,47,0.3,47,,47,Express
Haiti,48,0.4,48,,48,Express
Haiti,48,0.5,48,,48,Express
Haiti,58,0.6,58,,58,Express
Haiti,58,0.7,58,,58,Express
Haiti,58,0.8,58,,58,Express
Haiti,58,0.9,58,,58,Express
Haiti,58,1,58,,58,Express
Haiti,69,1.1,69,,69,Express
Haiti,69,1.2,69,,69,Express
Haiti,69,1.3,69,,69,Express
Haiti,69,1.4,69,,69,Express
Haiti,69,1.5,69,,69,Express
Haiti,78,1.6,78,,78,Express
Haiti,78,1.7,78,,78,Express
Haiti,79,1.8,79,,79,Express
Haiti,79,1.9,79,,79,Express
Haiti,79,2,79,,79,Express
Haiti,89,2.1,89,,89,Express
Haiti,89,2.2,89,,89,Express
Haiti,89,2.3,89,,89,Express
Haiti,89,2.4,89,,89,Express
Haiti,89,2.5,89,,89,Express
Haiti,99,2.6,99,,99,Express
Haiti,100,2.7,100,,100,Express
Haiti,100,2.8,100,,100,Express
Haiti,100,2.9,100,,100,Express
Haiti,100,3,100,,100,Express
Haiti,110,3.1,110,,110,Express
Haiti,110,3.2,110,,110,Express
Haiti,110,3.3,110,,110,Express
Haiti,110,3.4,110,,110,Express
Haiti,111,3.5,111,,111,Express
Haiti,120,3.6,120,,120,Express
Haiti,120,3.7,120,,120,Express
Haiti,120,3.8,120,,120,Express
Haiti,120,3.9,120,,120,Express
Haiti,120,4,120,,120,Express
Haiti,130,4.1,130,,130,Express
Haiti,131,4.2,131,,131,Express
Haiti,131,4.3,131,,131,Express
Haiti,131,4.4,131,,131,Express
Haiti,131,4.5,131,,131,Express
Haiti,140,4.6,140,,140,Express
Haiti,140,4.7,140,,140,Express
Haiti,141,4.8,141,,141,Express
Haiti,141,4.9,141,,141,Express
Haiti,141,5,141,,141,Express
Haiti,293,5.1,293,,293,Express
Haiti,293,5.2,293,,293,Express
Haiti,293,5.3,293,,293,Express
Haiti,293,5.4,293,,293,Express
Haiti,294,5.5,294,,294,Express
Haiti,311,5.6,311,,311,Express
Haiti,311,5.7,311,,311,Express
Haiti,312,5.8,312,,312,Express
Haiti,312,5.9,312,,312,Express
Haiti,312,6,312,,312,Express
Haiti,330,6.1,330,,330,Express
Haiti,330,6.2,330,,330,Express
Haiti,330,6.3,330,,330,Express
Haiti,330,6.4,330,,330,Express
Haiti,331,6.5,331,,331,Express
Haiti,348,6.6,348,,348,Express
Haiti,348,6.7,348,,348,Express
Haiti,348,6.8,348,,348,Express
Haiti,348,6.9,348,,348,Express
Haiti,349,7,349,,349,Express
Haiti,366,7.1,366,,366,Express
Haiti,367,7.2,367,,367,Express
Haiti,367,7.3,367,,367,Express
Haiti,367,7.4,367,,367,Express
Haiti,367,7.5,367,,367,Express
Haiti,383,7.6,383,,383,Express
Haiti,383,7.7,383,,383,Express
Haiti,383,7.8,383,,383,Express
Haiti,383,7.9,383,,383,Express
Haiti,384,8,384,,384,Express
Haiti,399,8.1,399,,399,Express
Haiti,400,8.2,400,,400,Express
Haiti,400,8.3,400,,400,Express
Haiti,400,8.4,400,,400,Express
Haiti,400,8.5,400,,400,Express
Haiti,416,8.6,416,,416,Express
Haiti,416,8.7,416,,416,Express
Haiti,416,8.8,416,,416,Express
Haiti,417,8.9,417,,417,Express
Haiti,417,9,417,,417,Express
Haiti,433,9.1,433,,433,Express
Haiti,433,9.2,433,,433,Express
Haiti,433,9.3,433,,433,Express
Haiti,433,9.4,433,,433,Express
Haiti,433,9.5,433,,433,Express
Haiti,453,9.6,453,,453,Express
Haiti,453,9.7,453,,453,Express
Haiti,454,9.8,454,,454,Express
Haiti,454,9.9,454,,454,Express
Haiti,454,10,454,,454,Express
Honduras,47,0.1,47,,47,Express
Honduras,47,0.2,47,,47,Express
Honduras,47,0.3,47,,47,Express
Honduras,48,0.4,48,,48,Express
Honduras,48,0.5,48,,48,Express
Honduras,58,0.6,58,,58,Express
Honduras,58,0.7,58,,58,Express
Honduras,58,0.8,58,,58,Express
Honduras,58,0.9,58,,58,Express
Honduras,58,1,58,,58,Express
Honduras,69,1.1,69,,69,Express
Honduras,69,1.2,69,,69,Express
Honduras,69,1.3,69,,69,Express
Honduras,69,1.4,69,,69,Express
Honduras,69,1.5,69,,69,Express
Honduras,78,1.6,78,,78,Express
Honduras,78,1.7,78,,78,Express
Honduras,79,1.8,79,,79,Express
Honduras,79,1.9,79,,79,Express
Honduras,79,2,79,,79,Express
Honduras,89,2.1,89,,89,Express
Honduras,89,2.2,89,,89,Express
Honduras,89,2.3,89,,89,Express
Honduras,89,2.4,89,,89,Express
Honduras,89,2.5,89,,89,Express
Honduras,99,2.6,99,,99,Express
Honduras,100,2.7,100,,100,Express
Honduras,100,2.8,100,,100,Express
Honduras,100,2.9,100,,100,Express
Honduras,100,3,100,,100,Express
Honduras,110,3.1,110,,110,Express
Honduras,110,3.2,110,,110,Express
Honduras,110,3.3,110,,110,Express
Honduras,110,3.4,110,,110,Express
Honduras,111,3.5,111,,111,Express
Honduras,120,3.6,120,,120,Express
Honduras,120,3.7,120,,120,Express
Honduras,120,3.8,120,,120,Express
Honduras,120,3.9,120,,120,Express
Honduras,120,4,120,,120,Express
Honduras,130,4.1,130,,130,Express
Honduras,131,4.2,131,,131,Express
Honduras,131,4.3,131,,131,Express
Honduras,131,4.4,131,,131,Express
Honduras,131,4.5,131,,131,Express
Honduras,140,4.6,140,,140,Express
Honduras,140,4.7,140,,140,Express
Honduras,141,4.8,141,,141,Express
Honduras,141,4.9,141,,141,Express
Honduras,141,5,141,,141,Express
Honduras,293,5.1,293,,293,Express
Honduras,293,5.2,293,,293,Express
Honduras,293,5.3,293,,293,Express
Honduras,293,5.4,293,,293,Express
Honduras,294,5.5,294,,294,Express
Honduras,311,5.6,311,,311,Express
Honduras,311,5.7,311,,311,Express
Honduras,312,5.8,312,,312,Express
Honduras,312,5.9,312,,312,Express
Honduras,312,6,312,,312,Express
Honduras,330,6.1,330,,330,Express
Honduras,330,6.2,330,,330,Express
Honduras,330,6.3,330,,330,Express
Honduras,330,6.4,330,,330,Express
Honduras,331,6.5,331,,331,Express
Honduras,348,6.6,348,,348,Express
Honduras,348,6.7,348,,348,Express
Honduras,348,6.8,348,,348,Express
Honduras,348,6.9,348,,348,Express
Honduras,349,7,349,,349,Express
Honduras,366,7.1,366,,366,Express
Honduras,367,7.2,367,,367,Express
Honduras,367,7.3,367,,367,Express
Honduras,367,7.4,367,,367,Express
Honduras,367,7.5,367,,367,Express
Honduras,383,7.6,383,,383,Express
Honduras,383,7.7,383,,383,Express
Honduras,383,7.8,383,,383,Express
Honduras,383,7.9,383,,383,Express
Honduras,384,8,384,,384,Express
Honduras,399,8.1,399,,399,Express
Honduras,400,8.2,400,,400,Express
Honduras,400,8.3,400,,400,Express
Honduras,400,8.4,400,,400,Express
Honduras,400,8.5,400,,400,Express
Honduras,416,8.6,416,,416,Express
Honduras,416,8.7,416,,416,Express
Honduras,416,8.8,416,,416,Express
Honduras,417,8.9,417,,417,Express
Honduras,417,9,417,,417,Express
Honduras,433,9.1,433,,433,Express
Honduras,433,9.2,433,,433,Express
Honduras,433,9.3,433,,433,Express
Honduras,433,9.4,433,,433,Express
Honduras,433,9.5,433,,433,Express
Honduras,453,9.6,453,,453,Express
Honduras,453,9.7,453,,453,Express
Honduras,454,9.8,454,,454,Express
Honduras,454,9.9,454,,454,Express
Honduras,454,10,454,,454,Express
Hong Kong,3,0.1,3,14,25,Standard
Hong Kong,4,0.2,4,14,25,Standard
Hong Kong,5,0.3,5,14,25,Standard
Hong Kong,5,0.4,5,14,25,Standard
Hong Kong,6,0.5,6,14,25,Standard
Hong Kong,7,0.6,7,15,26,Standard
Hong Kong,7,0.7,7,15,26,Standard
Hong Kong,8,0.8,8,15,26,Standard
Hong Kong,9,0.9,9,15,26,Standard
Hong Kong,9,1,9,15,26,Standard
Hong Kong,10,1.1,10,16,28,Standard
Hong Kong,10,1.2,10,16,28,Standard
Hong Kong,11,1.3,11,17,28,Standard
Hong Kong,11,1.4,11,17,28,Standard
Hong Kong,12,1.5,12,17,28,Standard
Hong Kong,12,1.6,12,17,30,Standard
Hong Kong,13,1.7,13,17,30,Standard
Hong Kong,13,1.8,13,18,30,Standard
Hong Kong,13,1.9,13,18,30,Standard
Hong Kong,14,2,14,18,30,Standard
Hong Kong,18,2.1,18,18,32,Standard
Hong Kong,18,2.2,18,18,32,Standard
Hong Kong,18,2.3,18,18,32,Standard
Hong Kong,18,2.4,18,18,32,Standard
Hong Kong,18,2.5,18,18,32,Standard
Hong Kong,19,2.6,19,19,34,Standard
Hong Kong,19,2.7,19,19,34,Standard
Hong Kong,19,2.8,19,19,34,Standard
Hong Kong,19,2.9,19,19,34,Standard
Hong Kong,19,3,19,19,34,Standard
Hong Kong,19,3.1,19,19,36,Standard
Hong Kong,19,3.2,19,19,36,Standard
Hong Kong,19,3.3,19,19,36,Standard
Hong Kong,19,3.4,19,19,36,Standard
Hong Kong,19,3.5,19,19,36,Standard
Hong Kong,20,3.6,20,20,38,Standard
Hong Kong,20,3.7,20,20,38,Standard
Hong Kong,20,3.8,20,20,38,Standard
Hong Kong,20,3.9,20,20,38,Standard
Hong Kong,20,4,20,20,38,Standard
Hong Kong,21,4.1,21,21,41,Standard
Hong Kong,21,4.2,21,21,41,Standard
Hong Kong,21,4.3,21,21,41,Standard
Hong Kong,21,4.4,21,21,41,Standard
Hong Kong,21,4.5,21,21,41,Standard
Hong Kong,21,4.6,21,21,42,Standard
Hong Kong,21,4.7,21,21,42,Standard
Hong Kong,21,4.8,21,21,42,Standard
Hong Kong,21,4.9,21,21,42,Standard
Hong Kong,21,5,21,21,42,Standard
Hong Kong,22,5.1,22,22,67,Standard
Hong Kong,22,5.2,22,22,67,Standard
Hong Kong,22,5.3,22,22,67,Standard
Hong Kong,22,5.4,22,22,67,Standard
Hong Kong,22,5.5,22,22,67,Standard
Hong Kong,23,5.6,23,23,70,Standard
Hong Kong,23,5.7,23,23,70,Standard
Hong Kong,23,5.8,23,23,70,Standard
Hong Kong,23,5.9,23,23,70,Standard
Hong Kong,23,6,23,23,70,Standard
Hong Kong,24,6.1,24,24,72,Standard
Hong Kong,24,6.2,24,24,72,Standard
Hong Kong,24,6.3,24,24,72,Standard
Hong Kong,24,6.4,24,24,72,Standard
Hong Kong,24,6.5,24,24,72,Standard
Hong Kong,25,6.6,25,25,74,Standard
Hong Kong,25,6.7,25,25,74,Standard
Hong Kong,25,6.8,25,25,74,Standard
Hong Kong,25,6.9,25,25,74,Standard
Hong Kong,25,7,25,25,74,Standard
Hong Kong,26,7.1,26,26,76,Standard
Hong Kong,26,7.2,26,26,76,Standard
Hong Kong,26,7.3,26,26,76,Standard
Hong Kong,26,7.4,26,26,76,Standard
Hong Kong,26,7.5,26,26,76,Standard
Hong Kong,27,7.6,27,27,78,Standard
Hong Kong,27,7.7,27,27,78,Standard
Hong Kong,27,7.8,27,27,78,Standard
Hong Kong,27,7.9,27,27,78,Standard
Hong Kong,27,8,27,27,78,Standard
Hong Kong,28,8.1,28,28,81,Standard
Hong Kong,28,8.2,28,28,81,Standard
Hong Kong,28,8.3,28,28,81,Standard
Hong Kong,28,8.4,28,28,81,Standard
Hong Kong,28,8.5,28,28,81,Standard
Hong Kong,29,8.6,29,29,83,Standard
Hong Kong,29,8.7,29,29,83,Standard
Hong Kong,29,8.8,29,29,83,Standard
Hong Kong,29,8.9,29,29,83,Standard
Hong Kong,29,9,29,29,83,Standard
Hong Kong,30,9.1,30,30,85,Standard
Hong Kong,30,9.2,30,30,85,Standard
Hong Kong,30,9.3,30,30,85,Standard
Hong Kong,30,9.4,30,30,85,Standard
Hong Kong,30,9.5,30,30,85,Standard
Hong Kong,31,9.6,31,31,87,Standard
Hong Kong,31,9.7,31,31,87,Standard
Hong Kong,31,9.8,31,31,87,Standard
Hong Kong,31,9.9,31,31,87,Standard
Hong Kong,31,10,31,31,87,Standard
Hungary,21,0.1,21,21,32,Economy
Hungary,21,0.2,21,21,32,Economy
Hungary,21,0.3,21,21,33,Economy
Hungary,21,0.4,21,21,33,Economy
Hungary,21,0.5,21,21,33,Economy
Hungary,23,0.6,23,23,45,Economy
Hungary,23,0.7,23,23,45,Economy
Hungary,24,0.8,24,24,46,Economy
Hungary,24,0.9,24,24,46,Economy
Hungary,24,1,24,24,46,Economy
Hungary,25,1.1,25,25,54,Economy
Hungary,25,1.2,25,25,54,Economy
Hungary,26,1.3,26,26,54,Economy
Hungary,26,1.4,26,26,54,Economy
Hungary,26,1.5,26,26,54,Economy
Hungary,28,1.6,28,28,62,Economy
Hungary,28,1.7,28,28,62,Economy
Hungary,30,1.8,30,30,62,Economy
Hungary,30,1.9,30,30,62,Economy
Hungary,30,2,30,30,62,Economy
Hungary,33,2.1,33,33,70,Economy
Hungary,33,2.2,33,33,70,Economy
Hungary,33,2.3,33,33,70,Economy
Hungary,33,2.4,33,33,70,Economy
Hungary,33,2.5,33,33,70,Economy
Hungary,36,2.6,36,36,74,Economy
Hungary,36,2.7,36,36,74,Economy
Hungary,36,2.8,36,36,75,Economy
Hungary,36,2.9,36,36,75,Economy
Hungary,36,3,36,36,75,Economy
Hungary,38,3.1,38,38,82,Economy
Hungary,38,3.2,38,38,82,Economy
Hungary,38,3.3,38,38,82,Economy
Hungary,38,3.4,38,38,83,Economy
Hungary,38,3.5,38,38,83,Economy
Hungary,41,3.6,41,41,90,Economy
Hungary,41,3.7,41,41,91,Economy
Hungary,41,3.8,41,41,91,Economy
Hungary,41,3.9,41,41,91,Economy
Hungary,41,4,41,41,91,Economy
Hungary,44,4.1,44,44,98,Economy
Hungary,44,4.2,44,44,98,Economy
Hungary,44,4.3,44,44,98,Economy
Hungary,44,4.4,44,44,98,Economy
Hungary,44,4.5,44,44,99,Economy
Hungary,47,4.6,47,47,108,Economy
Hungary,47,4.7,47,47,108,Economy
Hungary,47,4.8,47,47,108,Economy
Hungary,47,4.9,47,47,108,Economy
Hungary,47,5,47,47,109,Economy
Hungary,50,5.1,50,50,223,Economy
Hungary,50,5.2,50,50,223,Economy
Hungary,50,5.3,50,50,223,Economy
Hungary,50,5.4,50,50,224,Economy
Hungary,50,5.5,50,50,224,Economy
Hungary,53,5.6,53,53,239,Economy
Hungary,53,5.7,53,53,239,Economy
Hungary,53,5.8,53,53,239,Economy
Hungary,53,5.9,53,53,239,Economy
Hungary,53,6,53,53,239,Economy
Hungary,56,6.1,56,56,255,Economy
Hungary,56,6.2,56,56,255,Economy
Hungary,56,6.3,56,56,255,Economy
Hungary,56,6.4,56,56,255,Economy
Hungary,56,6.5,56,56,255,Economy
Hungary,60,6.6,60,60,270,Economy
Hungary,60,6.7,60,60,271,Economy
Hungary,60,6.8,60,60,271,Economy
Hungary,60,6.9,60,60,271,Economy
Hungary,60,7,60,60,271,Economy
Hungary,64,7.1,64,64,286,Economy
Hungary,64,7.2,64,64,286,Economy
Hungary,64,7.3,64,64,287,Economy
Hungary,64,7.4,64,64,287,Economy
Hungary,64,7.5,64,64,287,Economy
Hungary,67,7.6,67,67,301,Economy
Hungary,67,7.7,67,67,301,Economy
Hungary,67,7.8,67,67,301,Economy
Hungary,67,7.9,67,67,302,Economy
Hungary,67,8,67,67,302,Economy
Hungary,71,8.1,71,71,316,Economy
Hungary,71,8.2,71,71,316,Economy
Hungary,71,8.3,71,71,316,Economy
Hungary,71,8.4,71,71,317,Economy
Hungary,71,8.5,71,71,317,Economy
Hungary,75,8.6,75,75,331,Economy
Hungary,75,8.7,75,75,331,Economy
Hungary,75,8.8,75,75,331,Economy
Hungary,75,8.9,75,75,332,Economy
Hungary,75,9,75,75,332,Economy
Hungary,78,9.1,78,78,346,Economy
Hungary,78,9.2,78,78,346,Economy
Hungary,78,9.3,78,78,346,Economy
Hungary,78,9.4,78,78,346,Economy
Hungary,78,9.5,78,78,347,Economy
Hungary,83,9.6,83,83,355,Economy
Hungary,83,9.7,83,83,356,Economy
Hungary,83,9.8,83,83,356,Economy
Hungary,83,9.9,83,83,356,Economy
Hungary,83,10,83,83,356,Economy
Iceland,47,0.1,47,,47,Express
Iceland,47,0.2,47,,47,Express
Iceland,47,0.3,47,,47,Express
Iceland,48,0.4,48,,48,Express
Iceland,48,0.5,48,,48,Express
Iceland,58,0.6,58,,58,Express
Iceland,58,0.7,58,,58,Express
Iceland,58,0.8,58,,58,Express
Iceland,58,0.9,58,,58,Express
Iceland,58,1,58,,58,Express
Iceland,69,1.1,69,,69,Express
Iceland,69,1.2,69,,69,Express
Iceland,69,1.3,69,,69,Express
Iceland,69,1.4,69,,69,Express
Iceland,69,1.5,69,,69,Express
Iceland,78,1.6,78,,78,Express
Iceland,78,1.7,78,,78,Express
Iceland,79,1.8,79,,79,Express
Iceland,79,1.9,79,,79,Express
Iceland,79,2,79,,79,Express
Iceland,89,2.1,89,,89,Express
Iceland,89,2.2,89,,89,Express
Iceland,89,2.3,89,,89,Express
Iceland,89,2.4,89,,89,Express
Iceland,89,2.5,89,,89,Express
Iceland,99,2.6,99,,99,Express
Iceland,100,2.7,100,,100,Express
Iceland,100,2.8,100,,100,Express
Iceland,100,2.9,100,,100,Express
Iceland,100,3,100,,100,Express
Iceland,110,3.1,110,,110,Express
Iceland,110,3.2,110,,110,Express
Iceland,110,3.3,110,,110,Express
Iceland,110,3.4,110,,110,Express
Iceland,111,3.5,111,,111,Express
Iceland,120,3.6,120,,120,Express
Iceland,120,3.7,120,,120,Express
Iceland,120,3.8,120,,120,Express
Iceland,120,3.9,120,,120,Express
Iceland,120,4,120,,120,Express
Iceland,130,4.1,130,,130,Express
Iceland,131,4.2,131,,131,Express
Iceland,131,4.3,131,,131,Express
Iceland,131,4.4,131,,131,Express
Iceland,131,4.5,131,,131,Express
Iceland,140,4.6,140,,140,Express
Iceland,140,4.7,140,,140,Express
Iceland,141,4.8,141,,141,Express
Iceland,141,4.9,141,,141,Express
Iceland,141,5,141,,141,Express
Iceland,293,5.1,293,,293,Express
Iceland,293,5.2,293,,293,Express
Iceland,293,5.3,293,,293,Express
Iceland,293,5.4,293,,293,Express
Iceland,294,5.5,294,,294,Express
Iceland,311,5.6,311,,311,Express
Iceland,311,5.7,311,,311,Express
Iceland,312,5.8,312,,312,Express
Iceland,312,5.9,312,,312,Express
Iceland,312,6,312,,312,Express
Iceland,330,6.1,330,,330,Express
Iceland,330,6.2,330,,330,Express
Iceland,330,6.3,330,,330,Express
Iceland,330,6.4,330,,330,Express
Iceland,331,6.5,331,,331,Express
Iceland,348,6.6,348,,348,Express
Iceland,348,6.7,348,,348,Express
Iceland,348,6.8,348,,348,Express
Iceland,348,6.9,348,,348,Express
Iceland,349,7,349,,349,Express
Iceland,366,7.1,366,,366,Express
Iceland,367,7.2,367,,367,Express
Iceland,367,7.3,367,,367,Express
Iceland,367,7.4,367,,367,Express
Iceland,367,7.5,367,,367,Express
Iceland,383,7.6,383,,383,Express
Iceland,383,7.7,383,,383,Express
Iceland,383,7.8,383,,383,Express
Iceland,383,7.9,383,,383,Express
Iceland,384,8,384,,384,Express
Iceland,399,8.1,399,,399,Express
Iceland,400,8.2,400,,400,Express
Iceland,400,8.3,400,,400,Express
Iceland,400,8.4,400,,400,Express
Iceland,400,8.5,400,,400,Express
Iceland,416,8.6,416,,416,Express
Iceland,416,8.7,416,,416,Express
Iceland,416,8.8,416,,416,Express
Iceland,417,8.9,417,,417,Express
Iceland,417,9,417,,417,Express
Iceland,433,9.1,433,,433,Express
Iceland,433,9.2,433,,433,Express
Iceland,433,9.3,433,,433,Express
Iceland,433,9.4,433,,433,Express
Iceland,433,9.5,433,,433,Express
Iceland,453,9.6,453,,453,Express
Iceland,453,9.7,453,,453,Express
Iceland,454,9.8,454,,454,Express
Iceland,454,9.9,454,,454,Express
Iceland,454,10,454,,454,Express
India,4,0.1,4,13,32,Standard
India,5,0.2,5,13,32,Standard
India,6,0.3,6,13,32,Standard
India,7,0.4,7,13,32,Standard
India,8,0.5,8,13,32,Standard
India,9,0.6,9,14,40,Standard
India,10,0.7,10,14,40,Standard
India,11,0.8,11,15,40,Standard
India,12,0.9,12,15,40,Standard
India,13,1,13,15,40,Standard
India,14,1.1,14,16,44,Standard
India,15,1.2,15,16,44,Standard
India,16,1.3,16,17,44,Standard
India,17,1.4,17,17,44,Standard
India,17,1.5,17,17,44,Standard
India,18,1.6,18,18,49,Standard
India,18,1.7,18,18,49,Standard
India,19,1.8,19,19,49,Standard
India,19,1.9,19,19,49,Standard
India,19,2,19,19,49,Standard
India,20,2.1,20,20,54,Standard
India,20,2.2,20,20,54,Standard
India,20,2.3,20,20,54,Standard
India,20,2.4,20,20,54,Standard
India,20,2.5,20,20,54,Standard
India,23,2.6,23,23,60,Standard
India,23,2.7,23,23,60,Standard
India,23,2.8,23,23,60,Standard
India,23,2.9,23,23,60,Standard
India,23,3,23,23,60,Standard
India,24,3.1,24,24,65,Standard
India,24,3.2,24,24,65,Standard
India,24,3.3,24,24,65,Standard
India,24,3.4,24,24,65,Standard
India,24,3.5,24,24,65,Standard
India,27,3.6,27,27,69,Standard
India,27,3.7,27,27,69,Standard
India,27,3.8,27,27,69,Standard
India,27,3.9,27,27,69,Standard
India,27,4,27,27,69,Standard
India,29,4.1,29,29,73,Standard
India,29,4.2,29,29,73,Standard
India,29,4.3,29,29,73,Standard
India,29,4.4,29,29,73,Standard
India,29,4.5,29,29,73,Standard
India,31,4.6,31,31,78,Standard
India,31,4.7,31,31,78,Standard
India,31,4.8,31,31,78,Standard
India,31,4.9,31,31,78,Standard
India,31,5,31,31,78,Standard
India,33,5.1,33,33,127,Standard
India,33,5.2,33,33,127,Standard
India,33,5.3,33,33,127,Standard
India,33,5.4,33,33,127,Standard
India,33,5.5,33,33,127,Standard
India,35,5.6,35,35,133,Standard
India,35,5.7,35,35,133,Standard
India,35,5.8,35,35,133,Standard
India,35,5.9,35,35,133,Standard
India,35,6,35,35,133,Standard
India,37,6.1,37,37,139,Standard
India,37,6.2,37,37,139,Standard
India,37,6.3,37,37,139,Standard
India,37,6.4,37,37,139,Standard
India,37,6.5,37,37,139,Standard
India,39,6.6,39,39,146,Standard
India,39,6.7,39,39,146,Standard
India,39,6.8,39,39,146,Standard
India,39,6.9,39,39,146,Standard
India,39,7,39,39,146,Standard
India,42,7.1,42,42,152,Standard
India,42,7.2,42,42,152,Standard
India,42,7.3,42,42,152,Standard
India,42,7.4,42,42,152,Standard
India,42,7.5,42,42,152,Standard
India,44,7.6,44,44,158,Standard
India,44,7.7,44,44,158,Standard
India,44,7.8,44,44,158,Standard
India,44,7.9,44,44,158,Standard
India,44,8,44,44,158,Standard
India,46,8.1,46,46,164,Standard
India,46,8.2,46,46,164,Standard
India,46,8.3,46,46,164,Standard
India,46,8.4,46,46,164,Standard
India,46,8.5,46,46,164,Standard
India,49,8.6,49,49,170,Standard
India,49,8.7,49,49,170,Standard
India,49,8.8,49,49,170,Standard
India,49,8.9,49,49,170,Standard
India,49,9,49,49,170,Standard
India,53,9.1,53,53,177,Standard
India,53,9.2,53,53,177,Standard
India,53,9.3,53,53,177,Standard
India,53,9.4,53,53,177,Standard
India,53,9.5,53,53,177,Standard
India,56,9.6,56,56,183,Standard
India,56,9.7,56,56,183,Standard
India,56,9.8,56,56,183,Standard
India,56,9.9,56,56,183,Standard
India,56,10,56,56,183,Standard
Indonesia,4,0.1,4,13,25,Standard
Indonesia,4,0.2,4,13,25,Standard
Indonesia,5,0.3,5,13,25,Standard
Indonesia,6,0.4,6,13,25,Standard
Indonesia,7,0.5,7,13,25,Standard
Indonesia,8,0.6,8,14,27,Standard
Indonesia,9,0.7,9,14,27,Standard
Indonesia,10,0.8,10,15,27,Standard
Indonesia,11,0.9,11,15,27,Standard
Indonesia,12,1,12,15,27,Standard
Indonesia,13,1.1,13,16,29,Standard
Indonesia,14,1.2,14,16,29,Standard
Indonesia,15,1.3,15,17,29,Standard
Indonesia,15,1.4,15,17,29,Standard
Indonesia,16,1.5,16,17,29,Standard
Indonesia,17,1.6,17,18,30,Standard
Indonesia,17,1.7,17,18,30,Standard
Indonesia,18,1.8,18,19,30,Standard
Indonesia,19,1.9,19,19,30,Standard
Indonesia,19,2,19,19,30,Standard
Indonesia,20,2.1,20,20,32,Standard
Indonesia,20,2.2,20,20,32,Standard
Indonesia,20,2.3,20,20,32,Standard
Indonesia,20,2.4,20,20,32,Standard
Indonesia,20,2.5,20,20,32,Standard
Indonesia,22,2.6,22,22,34,Standard
Indonesia,22,2.7,22,22,34,Standard
Indonesia,22,2.8,22,22,34,Standard
Indonesia,22,2.9,22,22,34,Standard
Indonesia,22,3,22,22,34,Standard
Indonesia,23,3.1,23,23,36,Standard
Indonesia,23,3.2,23,23,36,Standard
Indonesia,23,3.3,23,23,36,Standard
Indonesia,23,3.4,23,23,36,Standard
Indonesia,23,3.5,23,23,36,Standard
Indonesia,25,3.6,25,25,38,Standard
Indonesia,25,3.7,25,25,38,Standard
Indonesia,25,3.8,25,25,38,Standard
Indonesia,25,3.9,25,25,38,Standard
Indonesia,25,4,25,25,38,Standard
Indonesia,26,4.1,26,26,41,Standard
Indonesia,26,4.2,26,26,41,Standard
Indonesia,26,4.3,26,26,41,Standard
Indonesia,26,4.4,26,26,41,Standard
Indonesia,26,4.5,26,26,41,Standard
Indonesia,28,4.6,28,28,43,Standard
Indonesia,28,4.7,28,28,43,Standard
Indonesia,28,4.8,28,28,43,Standard
Indonesia,28,4.9,28,28,43,Standard
Indonesia,28,5,28,28,43,Standard
Indonesia,29,5.1,29,29,78,Standard
Indonesia,29,5.2,29,29,78,Standard
Indonesia,29,5.3,29,29,78,Standard
Indonesia,29,5.4,29,29,78,Standard
Indonesia,29,5.5,29,29,78,Standard
Indonesia,31,5.6,31,31,82,Standard
Indonesia,31,5.7,31,31,82,Standard
Indonesia,31,5.8,31,31,82,Standard
Indonesia,31,5.9,31,31,82,Standard
Indonesia,31,6,31,31,82,Standard
Indonesia,32,6.1,32,32,86,Standard
Indonesia,32,6.2,32,32,86,Standard
Indonesia,32,6.3,32,32,86,Standard
Indonesia,32,6.4,32,32,86,Standard
Indonesia,32,6.5,32,32,86,Standard
Indonesia,34,6.6,34,34,90,Standard
Indonesia,34,6.7,34,34,90,Standard
Indonesia,34,6.8,34,34,90,Standard
Indonesia,34,6.9,34,34,90,Standard
Indonesia,34,7,34,34,90,Standard
Indonesia,36,7.1,36,36,93,Standard
Indonesia,36,7.2,36,36,93,Standard
Indonesia,36,7.3,36,36,93,Standard
Indonesia,36,7.4,36,36,93,Standard
Indonesia,36,7.5,36,36,93,Standard
Indonesia,37,7.6,37,37,97,Standard
Indonesia,37,7.7,37,37,97,Standard
Indonesia,37,7.8,37,37,97,Standard
Indonesia,37,7.9,37,37,97,Standard
Indonesia,37,8,37,37,97,Standard
Indonesia,38,8.1,38,38,100,Standard
Indonesia,38,8.2,38,38,100,Standard
Indonesia,38,8.3,38,38,100,Standard
Indonesia,38,8.4,38,38,100,Standard
Indonesia,38,8.5,38,38,100,Standard
Indonesia,40,8.6,40,40,104,Standard
Indonesia,40,8.7,40,40,104,Standard
Indonesia,40,8.8,40,40,104,Standard
Indonesia,40,8.9,40,40,104,Standard
Indonesia,40,9,40,40,104,Standard
Indonesia,42,9.1,42,42,107,Standard
Indonesia,42,9.2,42,42,107,Standard
Indonesia,42,9.3,42,42,107,Standard
Indonesia,42,9.4,42,42,107,Standard
Indonesia,42,9.5,42,42,107,Standard
Indonesia,43,9.6,43,43,111,Standard
Indonesia,43,9.7,43,43,111,Standard
Indonesia,43,9.8,43,43,111,Standard
Indonesia,43,9.9,43,43,111,Standard
Indonesia,43,10,43,43,111,Standard
Iran,47,0.1,47,,47,Express
Iran,47,0.2,47,,47,Express
Iran,47,0.3,47,,47,Express
Iran,48,0.4,48,,48,Express
Iran,48,0.5,48,,48,Express
Iran,58,0.6,58,,58,Express
Iran,58,0.7,58,,58,Express
Iran,58,0.8,58,,58,Express
Iran,58,0.9,58,,58,Express
Iran,58,1,58,,58,Express
Iran,69,1.1,69,,69,Express
Iran,69,1.2,69,,69,Express
Iran,69,1.3,69,,69,Express
Iran,69,1.4,69,,69,Express
Iran,69,1.5,69,,69,Express
Iran,78,1.6,78,,78,Express
Iran,78,1.7,78,,78,Express
Iran,79,1.8,79,,79,Express
Iran,79,1.9,79,,79,Express
Iran,79,2,79,,79,Express
Iran,89,2.1,89,,89,Express
Iran,89,2.2,89,,89,Express
Iran,89,2.3,89,,89,Express
Iran,89,2.4,89,,89,Express
Iran,89,2.5,89,,89,Express
Iran,99,2.6,99,,99,Express
Iran,100,2.7,100,,100,Express
Iran,100,2.8,100,,100,Express
Iran,100,2.9,100,,100,Express
Iran,100,3,100,,100,Express
Iran,110,3.1,110,,110,Express
Iran,110,3.2,110,,110,Express
Iran,110,3.3,110,,110,Express
Iran,110,3.4,110,,110,Express
Iran,111,3.5,111,,111,Express
Iran,120,3.6,120,,120,Express
Iran,120,3.7,120,,120,Express
Iran,120,3.8,120,,120,Express
Iran,120,3.9,120,,120,Express
Iran,120,4,120,,120,Express
Iran,130,4.1,130,,130,Express
Iran,131,4.2,131,,131,Express
Iran,131,4.3,131,,131,Express
Iran,131,4.4,131,,131,Express
Iran,131,4.5,131,,131,Express
Iran,140,4.6,140,,140,Express
Iran,140,4.7,140,,140,Express
Iran,141,4.8,141,,141,Express
Iran,141,4.9,141,,141,Express
Iran,141,5,141,,141,Express
Iran,293,5.1,293,,293,Express
Iran,293,5.2,293,,293,Express
Iran,293,5.3,293,,293,Express
Iran,293,5.4,293,,293,Express
Iran,294,5.5,294,,294,Express
Iran,311,5.6,311,,311,Express
Iran,311,5.7,311,,311,Express
Iran,312,5.8,312,,312,Express
Iran,312,5.9,312,,312,Express
Iran,312,6,312,,312,Express
Iran,330,6.1,330,,330,Express
Iran,330,6.2,330,,330,Express
Iran,330,6.3,330,,330,Express
Iran,330,6.4,330,,330,Express
Iran,331,6.5,331,,331,Express
Iran,348,6.6,348,,348,Express
Iran,348,6.7,348,,348,Express
Iran,348,6.8,348,,348,Express
Iran,348,6.9,348,,348,Express
Iran,349,7,349,,349,Express
Iran,366,7.1,366,,366,Express
Iran,367,7.2,367,,367,Express
Iran,367,7.3,367,,367,Express
Iran,367,7.4,367,,367,Express
Iran,367,7.5,367,,367,Express
Iran,383,7.6,383,,383,Express
Iran,383,7.7,383,,383,Express
Iran,383,7.8,383,,383,Express
Iran,383,7.9,383,,383,Express
Iran,384,8,384,,384,Express
Iran,399,8.1,399,,399,Express
Iran,400,8.2,400,,400,Express
Iran,400,8.3,400,,400,Express
Iran,400,8.4,400,,400,Express
Iran,400,8.5,400,,400,Express
Iran,416,8.6,416,,416,Express
Iran,416,8.7,416,,416,Express
Iran,416,8.8,416,,416,Express
Iran,417,8.9,417,,417,Express
Iran,417,9,417,,417,Express
Iran,433,9.1,433,,433,Express
Iran,433,9.2,433,,433,Express
Iran,433,9.3,433,,433,Express
Iran,433,9.4,433,,433,Express
Iran,433,9.5,433,,433,Express
Iran,453,9.6,453,,453,Express
Iran,453,9.7,453,,453,Express
Iran,454,9.8,454,,454,Express
Iran,454,9.9,454,,454,Express
Iran,454,10,454,,454,Express
Iraq,47,0.1,47,,47,Express
Iraq,47,0.2,47,,47,Express
Iraq,47,0.3,47,,47,Express
Iraq,48,0.4,48,,48,Express
Iraq,48,0.5,48,,48,Express
Iraq,58,0.6,58,,58,Express
Iraq,58,0.7,58,,58,Express
Iraq,58,0.8,58,,58,Express
Iraq,58,0.9,58,,58,Express
Iraq,58,1,58,,58,Express
Iraq,69,1.1,69,,69,Express
Iraq,69,1.2,69,,69,Express
Iraq,69,1.3,69,,69,Express
Iraq,69,1.4,69,,69,Express
Iraq,69,1.5,69,,69,Express
Iraq,78,1.6,78,,78,Express
Iraq,78,1.7,78,,78,Express
Iraq,79,1.8,79,,79,Express
Iraq,79,1.9,79,,79,Express
Iraq,79,2,79,,79,Express
Iraq,89,2.1,89,,89,Express
Iraq,89,2.2,89,,89,Express
Iraq,89,2.3,89,,89,Express
Iraq,89,2.4,89,,89,Express
Iraq,89,2.5,89,,89,Express
Iraq,99,2.6,99,,99,Express
Iraq,100,2.7,100,,100,Express
Iraq,100,2.8,100,,100,Express
Iraq,100,2.9,100,,100,Express
Iraq,100,3,100,,100,Express
Iraq,110,3.1,110,,110,Express
Iraq,110,3.2,110,,110,Express
Iraq,110,3.3,110,,110,Express
Iraq,110,3.4,110,,110,Express
Iraq,111,3.5,111,,111,Express
Iraq,120,3.6,120,,120,Express
Iraq,120,3.7,120,,120,Express
Iraq,120,3.8,120,,120,Express
Iraq,120,3.9,120,,120,Express
Iraq,120,4,120,,120,Express
Iraq,130,4.1,130,,130,Express
Iraq,131,4.2,131,,131,Express
Iraq,131,4.3,131,,131,Express
Iraq,131,4.4,131,,131,Express
Iraq,131,4.5,131,,131,Express
Iraq,140,4.6,140,,140,Express
Iraq,140,4.7,140,,140,Express
Iraq,141,4.8,141,,141,Express
Iraq,141,4.9,141,,141,Express
Iraq,141,5,141,,141,Express
Iraq,293,5.1,293,,293,Express
Iraq,293,5.2,293,,293,Express
Iraq,293,5.3,293,,293,Express
Iraq,293,5.4,293,,293,Express
Iraq,294,5.5,294,,294,Express
Iraq,311,5.6,311,,311,Express
Iraq,311,5.7,311,,311,Express
Iraq,312,5.8,312,,312,Express
Iraq,312,5.9,312,,312,Express
Iraq,312,6,312,,312,Express
Iraq,330,6.1,330,,330,Express
Iraq,330,6.2,330,,330,Express
Iraq,330,6.3,330,,330,Express
Iraq,330,6.4,330,,330,Express
Iraq,331,6.5,331,,331,Express
Iraq,348,6.6,348,,348,Express
Iraq,348,6.7,348,,348,Express
Iraq,348,6.8,348,,348,Express
Iraq,348,6.9,348,,348,Express
Iraq,349,7,349,,349,Express
Iraq,366,7.1,366,,366,Express
Iraq,367,7.2,367,,367,Express
Iraq,367,7.3,367,,367,Express
Iraq,367,7.4,367,,367,Express
Iraq,367,7.5,367,,367,Express
Iraq,383,7.6,383,,383,Express
Iraq,383,7.7,383,,383,Express
Iraq,383,7.8,383,,383,Express
Iraq,383,7.9,383,,383,Express
Iraq,384,8,384,,384,Express
Iraq,399,8.1,399,,399,Express
Iraq,400,8.2,400,,400,Express
Iraq,400,8.3,400,,400,Express
Iraq,400,8.4,400,,400,Express
Iraq,400,8.5,400,,400,Express
Iraq,416,8.6,416,,416,Express
Iraq,416,8.7,416,,416,Express
Iraq,416,8.8,416,,416,Express
Iraq,417,8.9,417,,417,Express
Iraq,417,9,417,,417,Express
Iraq,433,9.1,433,,433,Express
Iraq,433,9.2,433,,433,Express
Iraq,433,9.3,433,,433,Express
Iraq,433,9.4,433,,433,Express
Iraq,433,9.5,433,,433,Express
Iraq,453,9.6,453,,453,Express
Iraq,453,9.7,453,,453,Express
Iraq,454,9.8,454,,454,Express
Iraq,454,9.9,454,,454,Express
Iraq,454,10,454,,454,Express
Ireland,4,0.1,4,21,31,Standard
Ireland,6,0.2,6,21,31,Standard
Ireland,9,0.3,9,21,31,Standard
Ireland,12,0.4,12,21,32,Standard
Ireland,14,0.5,14,21,32,Standard
Ireland,17,0.6,17,23,37,Standard
Ireland,20,0.7,20,23,37,Standard
Ireland,22,0.8,22,24,37,Standard
Ireland,24,0.9,24,24,38,Standard
Ireland,24,1,24,24,38,Standard
Ireland,25,1.1,25,25,43,Standard
Ireland,25,1.2,25,25,43,Standard
Ireland,26,1.3,26,26,43,Standard
Ireland,26,1.4,26,26,43,Standard
Ireland,26,1.5,26,26,43,Standard
Ireland,28,1.6,28,28,50,Standard
Ireland,28,1.7,28,28,50,Standard
Ireland,30,1.8,30,30,50,Standard
Ireland,30,1.9,30,30,50,Standard
Ireland,30,2,30,30,51,Standard
Ireland,33,2.1,33,33,57,Standard
Ireland,33,2.2,33,33,57,Standard
Ireland,33,2.3,33,33,57,Standard
Ireland,33,2.4,33,33,57,Standard
Ireland,33,2.5,33,33,57,Standard
Ireland,36,2.6,36,36,63,Standard
Ireland,36,2.7,36,36,63,Standard
Ireland,36,2.8,36,36,63,Standard
Ireland,36,2.9,36,36,63,Standard
Ireland,36,3,36,36,63,Standard
Ireland,38,3.1,38,38,69,Standard
Ireland,38,3.2,38,38,69,Standard
Ireland,38,3.3,38,38,69,Standard
Ireland,38,3.4,38,38,69,Standard
Ireland,38,3.5,38,38,69,Standard
Ireland,41,3.6,41,41,75,Standard
Ireland,41,3.7,41,41,75,Standard
Ireland,41,3.8,41,41,75,Standard
Ireland,41,3.9,41,41,75,Standard
Ireland,41,4,41,41,75,Standard
Ireland,44,4.1,44,44,80,Standard
Ireland,44,4.2,44,44,80,Standard
Ireland,44,4.3,44,44,81,Standard
Ireland,44,4.4,44,44,81,Standard
Ireland,44,4.5,44,44,81,Standard
Ireland,47,4.6,47,47,86,Standard
Ireland,47,4.7,47,47,86,Standard
Ireland,47,4.8,47,47,86,Standard
Ireland,47,4.9,47,47,86,Standard
Ireland,47,5,47,47,87,Standard
Ireland,50,5.1,50,50,132,Standard
Ireland,50,5.2,50,50,132,Standard
Ireland,50,5.3,50,50,132,Standard
Ireland,50,5.4,50,50,132,Standard
Ireland,50,5.5,50,50,132,Standard
Ireland,53,5.6,53,53,140,Standard
Ireland,53,5.7,53,53,140,Standard
Ireland,53,5.8,53,53,140,Standard
Ireland,53,5.9,53,53,140,Standard
Ireland,53,6,53,53,141,Standard
Ireland,56,6.1,56,56,148,Standard
Ireland,56,6.2,56,56,149,Standard
Ireland,56,6.3,56,56,149,Standard
Ireland,56,6.4,56,56,149,Standard
Ireland,56,6.5,56,56,149,Standard
Ireland,60,6.6,60,60,157,Standard
Ireland,60,6.7,60,60,157,Standard
Ireland,60,6.8,60,60,157,Standard
Ireland,60,6.9,60,60,157,Standard
Ireland,60,7,60,60,157,Standard
Ireland,64,7.1,64,64,165,Standard
Ireland,64,7.2,64,64,165,Standard
Ireland,64,7.3,64,64,165,Standard
Ireland,64,7.4,64,64,166,Standard
Ireland,64,7.5,64,64,166,Standard
Ireland,67,7.6,67,67,174,Standard
Ireland,67,7.7,67,67,174,Standard
Ireland,67,7.8,67,67,174,Standard
Ireland,67,7.9,67,67,175,Standard
Ireland,67,8,67,67,175,Standard
Ireland,71,8.1,71,71,183,Standard
Ireland,71,8.2,71,71,183,Standard
Ireland,71,8.3,71,71,183,Standard
Ireland,71,8.4,71,71,183,Standard
Ireland,71,8.5,71,71,184,Standard
Ireland,75,8.6,75,75,192,Standard
Ireland,75,8.7,75,75,192,Standard
Ireland,75,8.8,75,75,192,Standard
Ireland,75,8.9,75,75,192,Standard
Ireland,75,9,75,75,193,Standard
Ireland,78,9.1,78,78,201,Standard
Ireland,78,9.2,78,78,201,Standard
Ireland,78,9.3,78,78,201,Standard
Ireland,78,9.4,78,78,201,Standard
Ireland,78,9.5,78,78,202,Standard
Ireland,83,9.6,83,83,210,Standard
Ireland,83,9.7,83,83,210,Standard
Ireland,83,9.8,83,83,210,Standard
Ireland,83,9.9,83,83,210,Standard
Ireland,83,10,83,83,210,Standard
Israel,4,0.1,4,21,47,Standard
Israel,7,0.2,7,21,47,Standard
Israel,10,0.3,10,21,47,Standard
Israel,13,0.4,13,21,48,Standard
Israel,16,0.5,16,21,48,Standard
Israel,19,0.6,19,23,58,Standard
Israel,22,0.7,22,23,58,Standard
Israel,24,0.8,24,24,58,Standard
Israel,24,0.9,24,24,58,Standard
Israel,24,1,24,24,58,Standard
Israel,25,1.1,25,25,69,Standard
Israel,25,1.2,25,25,69,Standard
Israel,26,1.3,26,26,69,Standard
Israel,26,1.4,26,26,69,Standard
Israel,26,1.5,26,26,69,Standard
Israel,28,1.6,28,28,78,Standard
Israel,28,1.7,28,28,78,Standard
Israel,30,1.8,30,30,79,Standard
Israel,30,1.9,30,30,79,Standard
Israel,30,2,30,30,79,Standard
Israel,33,2.1,33,33,89,Standard
Israel,33,2.2,33,33,89,Standard
Israel,33,2.3,33,33,89,Standard
Israel,33,2.4,33,33,89,Standard
Israel,33,2.5,33,33,89,Standard
Israel,36,2.6,36,36,99,Standard
Israel,36,2.7,36,36,100,Standard
Israel,36,2.8,36,36,100,Standard
Israel,36,2.9,36,36,100,Standard
Israel,36,3,36,36,100,Standard
Israel,38,3.1,38,38,110,Standard
Israel,38,3.2,38,38,110,Standard
Israel,38,3.3,38,38,110,Standard
Israel,38,3.4,38,38,110,Standard
Israel,38,3.5,38,38,111,Standard
Israel,41,3.6,41,41,120,Standard
Israel,41,3.7,41,41,120,Standard
Israel,41,3.8,41,41,120,Standard
Israel,41,3.9,41,41,120,Standard
Israel,41,4,41,41,120,Standard
Israel,44,4.1,44,44,130,Standard
Israel,44,4.2,44,44,131,Standard
Israel,44,4.3,44,44,131,Standard
Israel,44,4.4,44,44,131,Standard
Israel,44,4.5,44,44,131,Standard
Israel,47,4.6,47,47,140,Standard
Israel,47,4.7,47,47,140,Standard
Israel,47,4.8,47,47,141,Standard
Israel,47,4.9,47,47,141,Standard
Israel,47,5,47,47,141,Standard
Israel,50,5.1,50,50,293,Standard
Israel,50,5.2,50,50,293,Standard
Israel,50,5.3,50,50,293,Standard
Israel,50,5.4,50,50,293,Standard
Israel,50,5.5,50,50,294,Standard
Israel,53,5.6,53,53,311,Standard
Israel,53,5.7,53,53,311,Standard
Israel,53,5.8,53,53,312,Standard
Israel,53,5.9,53,53,312,Standard
Israel,53,6,53,53,312,Standard
Israel,56,6.1,56,56,330,Standard
Israel,56,6.2,56,56,330,Standard
Israel,56,6.3,56,56,330,Standard
Israel,56,6.4,56,56,330,Standard
Israel,56,6.5,56,56,331,Standard
Israel,60,6.6,60,60,348,Standard
Israel,60,6.7,60,60,348,Standard
Israel,60,6.8,60,60,348,Standard
Israel,60,6.9,60,60,348,Standard
Israel,60,7,60,60,349,Standard
Israel,64,7.1,64,64,366,Standard
Israel,64,7.2,64,64,367,Standard
Israel,64,7.3,64,64,367,Standard
Israel,64,7.4,64,64,367,Standard
Israel,64,7.5,64,64,367,Standard
Israel,67,7.6,67,67,383,Standard
Israel,67,7.7,67,67,383,Standard
Israel,67,7.8,67,67,383,Standard
Israel,67,7.9,67,67,383,Standard
Israel,67,8,67,67,384,Standard
Israel,71,8.1,71,71,399,Standard
Israel,71,8.2,71,71,400,Standard
Israel,71,8.3,71,71,400,Standard
Israel,71,8.4,71,71,400,Standard
Israel,71,8.5,71,71,400,Standard
Israel,75,8.6,75,75,416,Standard
Israel,75,8.7,75,75,416,Standard
Israel,75,8.8,75,75,416,Standard
Israel,75,8.9,75,75,417,Standard
Israel,75,9,75,75,417,Standard
Israel,78,9.1,78,78,433,Standard
Israel,78,9.2,78,78,433,Standard
Israel,78,9.3,78,78,433,Standard
Israel,78,9.4,78,78,433,Standard
Israel,78,9.5,78,78,433,Standard
Israel,83,9.6,83,83,453,Standard
Israel,83,9.7,83,83,453,Standard
Israel,83,9.8,83,83,454,Standard
Israel,83,9.9,83,83,454,Standard
Israel,83,10,83,83,454,Standard
Italy,4,0.1,4,,30,Standard
Italy,6,0.2,6,,30,Standard
Italy,9,0.3,9,,31,Standard
Italy,12,0.4,12,,31,Standard
Italy,15,0.5,15,,31,Standard
Italy,18,0.6,18,,35,Standard
Italy,21,0.7,21,,35,Standard
Italy,23,0.8,23,,36,Standard
Italy,26,0.9,26,,36,Standard
Italy,29,1,29,,36,Standard
Italy,32,1.1,32,,40,Standard
Italy,35,1.2,35,,41,Standard
Italy,38,1.3,38,,41,Standard
Italy,40,1.4,40,,41,Standard
Italy,41,1.5,41,,41,Standard
Italy,47,1.6,47,,47,Standard
Italy,47,1.7,47,,47,Standard
Italy,47,1.8,47,,47,Standard
Italy,47,1.9,47,,47,Standard
Italy,47,2,47,,47,Standard
Italy,53,2.1,53,,53,Standard
Italy,54,2.2,54,,54,Standard
Italy,54,2.3,54,,54,Standard
Italy,54,2.4,54,,54,Standard
Italy,54,2.5,54,,54,Standard
Italy,58,2.6,58,,58,Standard
Italy,58,2.7,58,,58,Standard
Italy,58,2.8,58,,58,Standard
Italy,58,2.9,58,,58,Standard
Italy,59,3,59,,59,Standard
Italy,64,3.1,64,,64,Standard
Italy,64,3.2,64,,64,Standard
Italy,64,3.3,64,,64,Standard
Italy,65,3.4,65,,65,Standard
Italy,65,3.5,65,,65,Standard
Italy,70,3.6,70,,70,Standard
Italy,70,3.7,70,,70,Standard
Italy,70,3.8,70,,70,Standard
Italy,70,3.9,70,,70,Standard
Italy,70,4,70,,70,Standard
Italy,76,4.1,76,,76,Standard
Italy,76,4.2,76,,76,Standard
Italy,76,4.3,76,,76,Standard
Italy,76,4.4,76,,76,Standard
Italy,76,4.5,76,,76,Standard
Italy,81,4.6,81,,81,Standard
Italy,81,4.7,81,,81,Standard
Italy,81,4.8,81,,81,Standard
Italy,82,4.9,82,,82,Standard
Italy,82,5,82,,82,Standard
Italy,126,5.1,126,,126,Standard
Italy,127,5.2,127,,127,Standard
Italy,127,5.3,127,,127,Standard
Italy,127,5.4,127,,127,Standard
Italy,127,5.5,127,,127,Standard
Italy,135,5.6,135,,135,Standard
Italy,135,5.7,135,,135,Standard
Italy,135,5.8,135,,135,Standard
Italy,135,5.9,135,,135,Standard
Italy,136,6,136,,136,Standard
Italy,144,6.1,144,,144,Standard
Italy,144,6.2,144,,144,Standard
Italy,144,6.3,144,,144,Standard
Italy,144,6.4,144,,144,Standard
Italy,145,6.5,145,,145,Standard
Italy,153,6.6,153,,153,Standard
Italy,153,6.7,153,,153,Standard
Italy,153,6.8,153,,153,Standard
Italy,153,6.9,153,,153,Standard
Italy,153,7,153,,153,Standard
Italy,162,7.1,162,,162,Standard
Italy,162,7.2,162,,162,Standard
Italy,162,7.3,162,,162,Standard
Italy,162,7.4,162,,162,Standard
Italy,162,7.5,162,,162,Standard
Italy,169,7.6,169,,169,Standard
Italy,170,7.7,170,,170,Standard
Italy,170,7.8,170,,170,Standard
Italy,170,7.9,170,,170,Standard
Italy,170,8,170,,170,Standard
Italy,177,8.1,177,,177,Standard
Italy,177,8.2,177,,177,Standard
Italy,177,8.3,177,,177,Standard
Italy,177,8.4,177,,177,Standard
Italy,177,8.5,177,,177,Standard
Italy,185,8.6,185,,185,Standard
Italy,185,8.7,185,,185,Standard
Italy,185,8.8,185,,185,Standard
Italy,185,8.9,185,,185,Standard
Italy,185,9,185,,185,Standard
Italy,192,9.1,192,,192,Standard
Italy,192,9.2,192,,192,Standard
Italy,192,9.3,192,,192,Standard
Italy,193,9.4,193,,193,Standard
Italy,193,9.5,193,,193,Standard
Italy,198,9.6,198,,198,Standard
Italy,199,9.7,199,,199,Standard
Italy,199,9.8,199,,199,Standard
Italy,199,9.9,199,,199,Standard
Italy,199,10,199,,199,Standard
Jamaica,47,0.1,47,,47,Express
Jamaica,47,0.2,47,,47,Express
Jamaica,47,0.3,47,,47,Express
Jamaica,48,0.4,48,,48,Express
Jamaica,48,0.5,48,,48,Express
Jamaica,58,0.6,58,,58,Express
Jamaica,58,0.7,58,,58,Express
Jamaica,58,0.8,58,,58,Express
Jamaica,58,0.9,58,,58,Express
Jamaica,58,1,58,,58,Express
Jamaica,69,1.1,69,,69,Express
Jamaica,69,1.2,69,,69,Express
Jamaica,69,1.3,69,,69,Express
Jamaica,69,1.4,69,,69,Express
Jamaica,69,1.5,69,,69,Express
Jamaica,78,1.6,78,,78,Express
Jamaica,78,1.7,78,,78,Express
Jamaica,79,1.8,79,,79,Express
Jamaica,79,1.9,79,,79,Express
Jamaica,79,2,79,,79,Express
Jamaica,89,2.1,89,,89,Express
Jamaica,89,2.2,89,,89,Express
Jamaica,89,2.3,89,,89,Express
Jamaica,89,2.4,89,,89,Express
Jamaica,89,2.5,89,,89,Express
Jamaica,99,2.6,99,,99,Express
Jamaica,100,2.7,100,,100,Express
Jamaica,100,2.8,100,,100,Express
Jamaica,100,2.9,100,,100,Express
Jamaica,100,3,100,,100,Express
Jamaica,110,3.1,110,,110,Express
Jamaica,110,3.2,110,,110,Express
Jamaica,110,3.3,110,,110,Express
Jamaica,110,3.4,110,,110,Express
Jamaica,111,3.5,111,,111,Express
Jamaica,120,3.6,120,,120,Express
Jamaica,120,3.7,120,,120,Express
Jamaica,120,3.8,120,,120,Express
Jamaica,120,3.9,120,,120,Express
Jamaica,120,4,120,,120,Express
Jamaica,130,4.1,130,,130,Express
Jamaica,131,4.2,131,,131,Express
Jamaica,131,4.3,131,,131,Express
Jamaica,131,4.4,131,,131,Express
Jamaica,131,4.5,131,,131,Express
Jamaica,140,4.6,140,,140,Express
Jamaica,140,4.7,140,,140,Express
Jamaica,141,4.8,141,,141,Express
Jamaica,141,4.9,141,,141,Express
Jamaica,141,5,141,,141,Express
Jamaica,293,5.1,293,,293,Express
Jamaica,293,5.2,293,,293,Express
Jamaica,293,5.3,293,,293,Express
Jamaica,293,5.4,293,,293,Express
Jamaica,294,5.5,294,,294,Express
Jamaica,311,5.6,311,,311,Express
Jamaica,311,5.7,311,,311,Express
Jamaica,312,5.8,312,,312,Express
Jamaica,312,5.9,312,,312,Express
Jamaica,312,6,312,,312,Express
Jamaica,330,6.1,330,,330,Express
Jamaica,330,6.2,330,,330,Express
Jamaica,330,6.3,330,,330,Express
Jamaica,330,6.4,330,,330,Express
Jamaica,331,6.5,331,,331,Express
Jamaica,348,6.6,348,,348,Express
Jamaica,348,6.7,348,,348,Express
Jamaica,348,6.8,348,,348,Express
Jamaica,348,6.9,348,,348,Express
Jamaica,349,7,349,,349,Express
Jamaica,366,7.1,366,,366,Express
Jamaica,367,7.2,367,,367,Express
Jamaica,367,7.3,367,,367,Express
Jamaica,367,7.4,367,,367,Express
Jamaica,367,7.5,367,,367,Express
Jamaica,383,7.6,383,,383,Express
Jamaica,383,7.7,383,,383,Express
Jamaica,383,7.8,383,,383,Express
Jamaica,383,7.9,383,,383,Express
Jamaica,384,8,384,,384,Express
Jamaica,399,8.1,399,,399,Express
Jamaica,400,8.2,400,,400,Express
Jamaica,400,8.3,400,,400,Express
Jamaica,400,8.4,400,,400,Express
Jamaica,400,8.5,400,,400,Express
Jamaica,416,8.6,416,,416,Express
Jamaica,416,8.7,416,,416,Express
Jamaica,416,8.8,416,,416,Express
Jamaica,417,8.9,417,,417,Express
Jamaica,417,9,417,,417,Express
Jamaica,433,9.1,433,,433,Express
Jamaica,433,9.2,433,,433,Express
Jamaica,433,9.3,433,,433,Express
Jamaica,433,9.4,433,,433,Express
Jamaica,433,9.5,433,,433,Express
Jamaica,453,9.6,453,,453,Express
Jamaica,453,9.7,453,,453,Express
Jamaica,454,9.8,454,,454,Express
Jamaica,454,9.9,454,,454,Express
Jamaica,454,10,454,,454,Express
Japan,3,0.1,3,14,26,Standard
Japan,4,0.2,4,14,26,Standard
Japan,5,0.3,5,14,26,Standard
Japan,6,0.4,6,14,26,Standard
Japan,7,0.5,7,14,26,Standard
Japan,7,0.6,7,15,27,Standard
Japan,8,0.7,8,15,27,Standard
Japan,9,0.8,9,16,27,Standard
Japan,9,0.9,9,16,27,Standard
Japan,10,1,10,16,27,Standard
Japan,11,1.1,11,17,29,Standard
Japan,11,1.2,11,17,29,Standard
Japan,12,1.3,12,17,29,Standard
Japan,13,1.4,13,17,29,Standard
Japan,13,1.5,13,17,29,Standard
Japan,14,1.6,14,18,30,Standard
Japan,14,1.7,14,18,30,Standard
Japan,14,1.8,14,20,30,Standard
Japan,15,1.9,15,20,30,Standard
Japan,15,2,15,20,30,Standard
Japan,20,2.1,20,20,32,Standard
Japan,20,2.2,20,20,32,Standard
Japan,20,2.3,20,20,32,Standard
Japan,20,2.4,20,20,32,Standard
Japan,20,2.5,20,20,32,Standard
Japan,21,2.6,21,21,34,Standard
Japan,21,2.7,21,21,34,Standard
Japan,21,2.8,21,21,34,Standard
Japan,21,2.9,21,21,34,Standard
Japan,21,3,21,21,34,Standard
Japan,21,3.1,21,21,36,Standard
Japan,21,3.2,21,21,36,Standard
Japan,21,3.3,21,21,36,Standard
Japan,21,3.4,21,21,36,Standard
Japan,21,3.5,21,21,36,Standard
Japan,22,3.6,22,22,37,Standard
Japan,22,3.7,22,22,37,Standard
Japan,22,3.8,22,22,37,Standard
Japan,22,3.9,22,22,37,Standard
Japan,22,4,22,22,37,Standard
Japan,23,4.1,23,23,40,Standard
Japan,23,4.2,23,23,40,Standard
Japan,23,4.3,23,23,40,Standard
Japan,23,4.4,23,23,40,Standard
Japan,23,4.5,23,23,40,Standard
Japan,24,4.6,24,24,42,Standard
Japan,24,4.7,24,24,42,Standard
Japan,24,4.8,24,24,42,Standard
Japan,24,4.9,24,24,42,Standard
Japan,24,5,24,24,42,Standard
Japan,25,5.1,25,25,73,Standard
Japan,25,5.2,25,25,73,Standard
Japan,25,5.3,25,25,73,Standard
Japan,25,5.4,25,25,73,Standard
Japan,25,5.5,25,25,73,Standard
Japan,26,5.6,26,26,76,Standard
Japan,26,5.7,26,26,76,Standard
Japan,26,5.8,26,26,76,Standard
Japan,26,5.9,26,26,76,Standard
Japan,26,6,26,26,76,Standard
Japan,28,6.1,28,28,80,Standard
Japan,28,6.2,28,28,80,Standard
Japan,28,6.3,28,28,80,Standard
Japan,28,6.4,28,28,80,Standard
Japan,28,6.5,28,28,80,Standard
Japan,29,6.6,29,29,84,Standard
Japan,29,6.7,29,29,84,Standard
Japan,29,6.8,29,29,84,Standard
Japan,29,6.9,29,29,84,Standard
Japan,29,7,29,29,84,Standard
Japan,30,7.1,30,30,87,Standard
Japan,30,7.2,30,30,87,Standard
Japan,30,7.3,30,30,87,Standard
Japan,30,7.4,30,30,87,Standard
Japan,30,7.5,30,30,87,Standard
Japan,31,7.6,31,31,91,Standard
Japan,31,7.7,31,31,91,Standard
Japan,31,7.8,31,31,91,Standard
Japan,31,7.9,31,31,91,Standard
Japan,31,8,31,31,91,Standard
Japan,32,8.1,32,32,94,Standard
Japan,32,8.2,32,32,94,Standard
Japan,32,8.3,32,32,94,Standard
Japan,32,8.4,32,32,94,Standard
Japan,32,8.5,32,32,94,Standard
Japan,33,8.6,33,33,97,Standard
Japan,33,8.7,33,33,97,Standard
Japan,33,8.8,33,33,97,Standard
Japan,33,8.9,33,33,97,Standard
Japan,33,9,33,33,97,Standard
Japan,34,9.1,34,34,100,Standard
Japan,34,9.2,34,34,100,Standard
Japan,34,9.3,34,34,100,Standard
Japan,34,9.4,34,34,100,Standard
Japan,34,9.5,34,34,100,Standard
Japan,35,9.6,35,35,104,Standard
Japan,35,9.7,35,35,104,Standard
Japan,35,9.8,35,35,104,Standard
Japan,35,9.9,35,35,104,Standard
Japan,35,10,35,35,104,Standard
Jordan,47,0.1,47,,47,Express
Jordan,47,0.2,47,,47,Express
Jordan,47,0.3,47,,47,Express
Jordan,48,0.4,48,,48,Express
Jordan,48,0.5,48,,48,Express
Jordan,58,0.6,58,,58,Express
Jordan,58,0.7,58,,58,Express
Jordan,58,0.8,58,,58,Express
Jordan,58,0.9,58,,58,Express
Jordan,58,1,58,,58,Express
Jordan,69,1.1,69,,69,Express
Jordan,69,1.2,69,,69,Express
Jordan,69,1.3,69,,69,Express
Jordan,69,1.4,69,,69,Express
Jordan,69,1.5,69,,69,Express
Jordan,78,1.6,78,,78,Express
Jordan,78,1.7,78,,78,Express
Jordan,79,1.8,79,,79,Express
Jordan,79,1.9,79,,79,Express
Jordan,79,2,79,,79,Express
Jordan,89,2.1,89,,89,Express
Jordan,89,2.2,89,,89,Express
Jordan,89,2.3,89,,89,Express
Jordan,89,2.4,89,,89,Express
Jordan,89,2.5,89,,89,Express
Jordan,99,2.6,99,,99,Express
Jordan,100,2.7,100,,100,Express
Jordan,100,2.8,100,,100,Express
Jordan,100,2.9,100,,100,Express
Jordan,100,3,100,,100,Express
Jordan,110,3.1,110,,110,Express
Jordan,110,3.2,110,,110,Express
Jordan,110,3.3,110,,110,Express
Jordan,110,3.4,110,,110,Express
Jordan,111,3.5,111,,111,Express
Jordan,120,3.6,120,,120,Express
Jordan,120,3.7,120,,120,Express
Jordan,120,3.8,120,,120,Express
Jordan,120,3.9,120,,120,Express
Jordan,120,4,120,,120,Express
Jordan,130,4.1,130,,130,Express
Jordan,131,4.2,131,,131,Express
Jordan,131,4.3,131,,131,Express
Jordan,131,4.4,131,,131,Express
Jordan,131,4.5,131,,131,Express
Jordan,140,4.6,140,,140,Express
Jordan,140,4.7,140,,140,Express
Jordan,141,4.8,141,,141,Express
Jordan,141,4.9,141,,141,Express
Jordan,141,5,141,,141,Express
Jordan,293,5.1,293,,293,Express
Jordan,293,5.2,293,,293,Express
Jordan,293,5.3,293,,293,Express
Jordan,293,5.4,293,,293,Express
Jordan,294,5.5,294,,294,Express
Jordan,311,5.6,311,,311,Express
Jordan,311,5.7,311,,311,Express
Jordan,312,5.8,312,,312,Express
Jordan,312,5.9,312,,312,Express
Jordan,312,6,312,,312,Express
Jordan,330,6.1,330,,330,Express
Jordan,330,6.2,330,,330,Express
Jordan,330,6.3,330,,330,Express
Jordan,330,6.4,330,,330,Express
Jordan,331,6.5,331,,331,Express
Jordan,348,6.6,348,,348,Express
Jordan,348,6.7,348,,348,Express
Jordan,348,6.8,348,,348,Express
Jordan,348,6.9,348,,348,Express
Jordan,349,7,349,,349,Express
Jordan,366,7.1,366,,366,Express
Jordan,367,7.2,367,,367,Express
Jordan,367,7.3,367,,367,Express
Jordan,367,7.4,367,,367,Express
Jordan,367,7.5,367,,367,Express
Jordan,383,7.6,383,,383,Express
Jordan,383,7.7,383,,383,Express
Jordan,383,7.8,383,,383,Express
Jordan,383,7.9,383,,383,Express
Jordan,384,8,384,,384,Express
Jordan,399,8.1,399,,399,Express
Jordan,400,8.2,400,,400,Express
Jordan,400,8.3,400,,400,Express
Jordan,400,8.4,400,,400,Express
Jordan,400,8.5,400,,400,Express
Jordan,416,8.6,416,,416,Express
Jordan,416,8.7,416,,416,Express
Jordan,416,8.8,416,,416,Express
Jordan,417,8.9,417,,417,Express
Jordan,417,9,417,,417,Express
Jordan,433,9.1,433,,433,Express
Jordan,433,9.2,433,,433,Express
Jordan,433,9.3,433,,433,Express
Jordan,433,9.4,433,,433,Express
Jordan,433,9.5,433,,433,Express
Jordan,453,9.6,453,,453,Express
Jordan,453,9.7,453,,453,Express
Jordan,454,9.8,454,,454,Express
Jordan,454,9.9,454,,454,Express
Jordan,454,10,454,,454,Express
Kazakhstan,3,0.1,3,21,32,Standard
Kazakhstan,6,0.2,6,21,32,Standard
Kazakhstan,8,0.3,8,21,33,Standard
Kazakhstan,11,0.4,11,21,33,Standard
Kazakhstan,14,0.5,14,21,33,Standard
Kazakhstan,16,0.6,16,23,45,Standard
Kazakhstan,19,0.7,19,23,45,Standard
Kazakhstan,21,0.8,21,24,46,Standard
Kazakhstan,24,0.9,24,24,46,Standard
Kazakhstan,24,1,24,24,46,Standard
Kazakhstan,25,1.1,25,25,54,Standard
Kazakhstan,25,1.2,25,25,54,Standard
Kazakhstan,26,1.3,26,26,54,Standard
Kazakhstan,26,1.4,26,26,54,Standard
Kazakhstan,26,1.5,26,26,54,Standard
Kazakhstan,28,1.6,28,28,62,Standard
Kazakhstan,28,1.7,28,28,62,Standard
Kazakhstan,30,1.8,30,30,62,Standard
Kazakhstan,30,1.9,30,30,62,Standard
Kazakhstan,30,2,30,30,62,Standard
Kazakhstan,33,2.1,33,33,70,Standard
Kazakhstan,33,2.2,33,33,70,Standard
Kazakhstan,33,2.3,33,33,70,Standard
Kazakhstan,33,2.4,33,33,70,Standard
Kazakhstan,33,2.5,33,33,70,Standard
Kazakhstan,36,2.6,36,36,74,Standard
Kazakhstan,36,2.7,36,36,74,Standard
Kazakhstan,36,2.8,36,36,75,Standard
Kazakhstan,36,2.9,36,36,75,Standard
Kazakhstan,36,3,36,36,75,Standard
Kazakhstan,38,3.1,38,38,82,Standard
Kazakhstan,38,3.2,38,38,82,Standard
Kazakhstan,38,3.3,38,38,82,Standard
Kazakhstan,38,3.4,38,38,83,Standard
Kazakhstan,38,3.5,38,38,83,Standard
Kazakhstan,41,3.6,41,41,90,Standard
Kazakhstan,41,3.7,41,41,91,Standard
Kazakhstan,41,3.8,41,41,91,Standard
Kazakhstan,41,3.9,41,41,91,Standard
Kazakhstan,41,4,41,41,91,Standard
Kazakhstan,44,4.1,44,44,98,Standard
Kazakhstan,44,4.2,44,44,98,Standard
Kazakhstan,44,4.3,44,44,98,Standard
Kazakhstan,44,4.4,44,44,98,Standard
Kazakhstan,44,4.5,44,44,99,Standard
Kazakhstan,47,4.6,47,47,108,Standard
Kazakhstan,47,4.7,47,47,108,Standard
Kazakhstan,47,4.8,47,47,108,Standard
Kazakhstan,47,4.9,47,47,108,Standard
Kazakhstan,47,5,47,47,109,Standard
Kazakhstan,50,5.1,50,50,223,Standard
Kazakhstan,50,5.2,50,50,223,Standard
Kazakhstan,50,5.3,50,50,223,Standard
Kazakhstan,50,5.4,50,50,224,Standard
Kazakhstan,50,5.5,50,50,224,Standard
Kazakhstan,53,5.6,53,53,239,Standard
Kazakhstan,53,5.7,53,53,239,Standard
Kazakhstan,53,5.8,53,53,239,Standard
Kazakhstan,53,5.9,53,53,239,Standard
Kazakhstan,53,6,53,53,239,Standard
Kazakhstan,56,6.1,56,56,255,Standard
Kazakhstan,56,6.2,56,56,255,Standard
Kazakhstan,56,6.3,56,56,255,Standard
Kazakhstan,56,6.4,56,56,255,Standard
Kazakhstan,56,6.5,56,56,255,Standard
Kazakhstan,60,6.6,60,60,270,Standard
Kazakhstan,60,6.7,60,60,271,Standard
Kazakhstan,60,6.8,60,60,271,Standard
Kazakhstan,60,6.9,60,60,271,Standard
Kazakhstan,60,7,60,60,271,Standard
Kazakhstan,64,7.1,64,64,286,Standard
Kazakhstan,64,7.2,64,64,286,Standard
Kazakhstan,64,7.3,64,64,287,Standard
Kazakhstan,64,7.4,64,64,287,Standard
Kazakhstan,64,7.5,64,64,287,Standard
Kazakhstan,67,7.6,67,67,301,Standard
Kazakhstan,67,7.7,67,67,301,Standard
Kazakhstan,67,7.8,67,67,301,Standard
Kazakhstan,67,7.9,67,67,302,Standard
Kazakhstan,67,8,67,67,302,Standard
Kazakhstan,71,8.1,71,71,316,Standard
Kazakhstan,71,8.2,71,71,316,Standard
Kazakhstan,71,8.3,71,71,316,Standard
Kazakhstan,71,8.4,71,71,317,Standard
Kazakhstan,71,8.5,71,71,317,Standard
Kazakhstan,75,8.6,75,75,331,Standard
Kazakhstan,75,8.7,75,75,331,Standard
Kazakhstan,75,8.8,75,75,331,Standard
Kazakhstan,75,8.9,75,75,332,Standard
Kazakhstan,75,9,75,75,332,Standard
Kazakhstan,78,9.1,78,78,346,Standard
Kazakhstan,78,9.2,78,78,346,Standard
Kazakhstan,78,9.3,78,78,346,Standard
Kazakhstan,78,9.4,78,78,346,Standard
Kazakhstan,78,9.5,78,78,347,Standard
Kazakhstan,83,9.6,83,83,355,Standard
Kazakhstan,83,9.7,83,83,356,Standard
Kazakhstan,83,9.8,83,83,356,Standard
Kazakhstan,83,9.9,83,83,356,Standard
Kazakhstan,83,10,83,83,356,Standard
Kenya,47,0.1,47,,47,Express
Kenya,47,0.2,47,,47,Express
Kenya,47,0.3,47,,47,Express
Kenya,48,0.4,48,,48,Express
Kenya,48,0.5,48,,48,Express
Kenya,58,0.6,58,,58,Express
Kenya,58,0.7,58,,58,Express
Kenya,58,0.8,58,,58,Express
Kenya,58,0.9,58,,58,Express
Kenya,58,1,58,,58,Express
Kenya,69,1.1,69,,69,Express
Kenya,69,1.2,69,,69,Express
Kenya,69,1.3,69,,69,Express
Kenya,69,1.4,69,,69,Express
Kenya,69,1.5,69,,69,Express
Kenya,78,1.6,78,,78,Express
Kenya,78,1.7,78,,78,Express
Kenya,79,1.8,79,,79,Express
Kenya,79,1.9,79,,79,Express
Kenya,79,2,79,,79,Express
Kenya,89,2.1,89,,89,Express
Kenya,89,2.2,89,,89,Express
Kenya,89,2.3,89,,89,Express
Kenya,89,2.4,89,,89,Express
Kenya,89,2.5,89,,89,Express
Kenya,99,2.6,99,,99,Express
Kenya,100,2.7,100,,100,Express
Kenya,100,2.8,100,,100,Express
Kenya,100,2.9,100,,100,Express
Kenya,100,3,100,,100,Express
Kenya,110,3.1,110,,110,Express
Kenya,110,3.2,110,,110,Express
Kenya,110,3.3,110,,110,Express
Kenya,110,3.4,110,,110,Express
Kenya,111,3.5,111,,111,Express
Kenya,120,3.6,120,,120,Express
Kenya,120,3.7,120,,120,Express
Kenya,120,3.8,120,,120,Express
Kenya,120,3.9,120,,120,Express
Kenya,120,4,120,,120,Express
Kenya,130,4.1,130,,130,Express
Kenya,131,4.2,131,,131,Express
Kenya,131,4.3,131,,131,Express
Kenya,131,4.4,131,,131,Express
Kenya,131,4.5,131,,131,Express
Kenya,140,4.6,140,,140,Express
Kenya,140,4.7,140,,140,Express
Kenya,141,4.8,141,,141,Express
Kenya,141,4.9,141,,141,Express
Kenya,141,5,141,,141,Express
Kenya,293,5.1,293,,293,Express
Kenya,293,5.2,293,,293,Express
Kenya,293,5.3,293,,293,Express
Kenya,293,5.4,293,,293,Express
Kenya,294,5.5,294,,294,Express
Kenya,311,5.6,311,,311,Express
Kenya,311,5.7,311,,311,Express
Kenya,312,5.8,312,,312,Express
Kenya,312,5.9,312,,312,Express
Kenya,312,6,312,,312,Express
Kenya,330,6.1,330,,330,Express
Kenya,330,6.2,330,,330,Express
Kenya,330,6.3,330,,330,Express
Kenya,330,6.4,330,,330,Express
Kenya,331,6.5,331,,331,Express
Kenya,348,6.6,348,,348,Express
Kenya,348,6.7,348,,348,Express
Kenya,348,6.8,348,,348,Express
Kenya,348,6.9,348,,348,Express
Kenya,349,7,349,,349,Express
Kenya,366,7.1,366,,366,Express
Kenya,367,7.2,367,,367,Express
Kenya,367,7.3,367,,367,Express
Kenya,367,7.4,367,,367,Express
Kenya,367,7.5,367,,367,Express
Kenya,383,7.6,383,,383,Express
Kenya,383,7.7,383,,383,Express
Kenya,383,7.8,383,,383,Express
Kenya,383,7.9,383,,383,Express
Kenya,384,8,384,,384,Express
Kenya,399,8.1,399,,399,Express
Kenya,400,8.2,400,,400,Express
Kenya,400,8.3,400,,400,Express
Kenya,400,8.4,400,,400,Express
Kenya,400,8.5,400,,400,Express
Kenya,416,8.6,416,,416,Express
Kenya,416,8.7,416,,416,Express
Kenya,416,8.8,416,,416,Express
Kenya,417,8.9,417,,417,Express
Kenya,417,9,417,,417,Express
Kenya,433,9.1,433,,433,Express
Kenya,433,9.2,433,,433,Express
Kenya,433,9.3,433,,433,Express
Kenya,433,9.4,433,,433,Express
Kenya,433,9.5,433,,433,Express
Kenya,453,9.6,453,,453,Express
Kenya,453,9.7,453,,453,Express
Kenya,454,9.8,454,,454,Express
Kenya,454,9.9,454,,454,Express
Kenya,454,10,454,,454,Express
Kiribati,47,0.1,47,,47,Express
Kiribati,47,0.2,47,,47,Express
Kiribati,47,0.3,47,,47,Express
Kiribati,48,0.4,48,,48,Express
Kiribati,48,0.5,48,,48,Express
Kiribati,58,0.6,58,,58,Express
Kiribati,58,0.7,58,,58,Express
Kiribati,58,0.8,58,,58,Express
Kiribati,58,0.9,58,,58,Express
Kiribati,58,1,58,,58,Express
Kiribati,69,1.1,69,,69,Express
Kiribati,69,1.2,69,,69,Express
Kiribati,69,1.3,69,,69,Express
Kiribati,69,1.4,69,,69,Express
Kiribati,69,1.5,69,,69,Express
Kiribati,78,1.6,78,,78,Express
Kiribati,78,1.7,78,,78,Express
Kiribati,79,1.8,79,,79,Express
Kiribati,79,1.9,79,,79,Express
Kiribati,79,2,79,,79,Express
Kiribati,89,2.1,89,,89,Express
Kiribati,89,2.2,89,,89,Express
Kiribati,89,2.3,89,,89,Express
Kiribati,89,2.4,89,,89,Express
Kiribati,89,2.5,89,,89,Express
Kiribati,99,2.6,99,,99,Express
Kiribati,100,2.7,100,,100,Express
Kiribati,100,2.8,100,,100,Express
Kiribati,100,2.9,100,,100,Express
Kiribati,100,3,100,,100,Express
Kiribati,110,3.1,110,,110,Express
Kiribati,110,3.2,110,,110,Express
Kiribati,110,3.3,110,,110,Express
Kiribati,110,3.4,110,,110,Express
Kiribati,111,3.5,111,,111,Express
Kiribati,120,3.6,120,,120,Express
Kiribati,120,3.7,120,,120,Express
Kiribati,120,3.8,120,,120,Express
Kiribati,120,3.9,120,,120,Express
Kiribati,120,4,120,,120,Express
Kiribati,130,4.1,130,,130,Express
Kiribati,131,4.2,131,,131,Express
Kiribati,131,4.3,131,,131,Express
Kiribati,131,4.4,131,,131,Express
Kiribati,131,4.5,131,,131,Express
Kiribati,140,4.6,140,,140,Express
Kiribati,140,4.7,140,,140,Express
Kiribati,141,4.8,141,,141,Express
Kiribati,141,4.9,141,,141,Express
Kiribati,141,5,141,,141,Express
Kiribati,293,5.1,293,,293,Express
Kiribati,293,5.2,293,,293,Express
Kiribati,293,5.3,293,,293,Express
Kiribati,293,5.4,293,,293,Express
Kiribati,294,5.5,294,,294,Express
Kiribati,311,5.6,311,,311,Express
Kiribati,311,5.7,311,,311,Express
Kiribati,312,5.8,312,,312,Express
Kiribati,312,5.9,312,,312,Express
Kiribati,312,6,312,,312,Express
Kiribati,330,6.1,330,,330,Express
Kiribati,330,6.2,330,,330,Express
Kiribati,330,6.3,330,,330,Express
Kiribati,330,6.4,330,,330,Express
Kiribati,331,6.5,331,,331,Express
Kiribati,348,6.6,348,,348,Express
Kiribati,348,6.7,348,,348,Express
Kiribati,348,6.8,348,,348,Express
Kiribati,348,6.9,348,,348,Express
Kiribati,349,7,349,,349,Express
Kiribati,366,7.1,366,,366,Express
Kiribati,367,7.2,367,,367,Express
Kiribati,367,7.3,367,,367,Express
Kiribati,367,7.4,367,,367,Express
Kiribati,367,7.5,367,,367,Express
Kiribati,383,7.6,383,,383,Express
Kiribati,383,7.7,383,,383,Express
Kiribati,383,7.8,383,,383,Express
Kiribati,383,7.9,383,,383,Express
Kiribati,384,8,384,,384,Express
Kiribati,399,8.1,399,,399,Express
Kiribati,400,8.2,400,,400,Express
Kiribati,400,8.3,400,,400,Express
Kiribati,400,8.4,400,,400,Express
Kiribati,400,8.5,400,,400,Express
Kiribati,416,8.6,416,,416,Express
Kiribati,416,8.7,416,,416,Express
Kiribati,416,8.8,416,,416,Express
Kiribati,417,8.9,417,,417,Express
Kiribati,417,9,417,,417,Express
Kiribati,433,9.1,433,,433,Express
Kiribati,433,9.2,433,,433,Express
Kiribati,433,9.3,433,,433,Express
Kiribati,433,9.4,433,,433,Express
Kiribati,433,9.5,433,,433,Express
Kiribati,453,9.6,453,,453,Express
Kiribati,453,9.7,453,,453,Express
Kiribati,454,9.8,454,,454,Express
Kiribati,454,9.9,454,,454,Express
Kiribati,454,10,454,,454,Express
Kosovo,47,0.1,47,,47,Express
Kosovo,47,0.2,47,,47,Express
Kosovo,47,0.3,47,,47,Express
Kosovo,48,0.4,48,,48,Express
Kosovo,48,0.5,48,,48,Express
Kosovo,58,0.6,58,,58,Express
Kosovo,58,0.7,58,,58,Express
Kosovo,58,0.8,58,,58,Express
Kosovo,58,0.9,58,,58,Express
Kosovo,58,1,58,,58,Express
Kosovo,69,1.1,69,,69,Express
Kosovo,69,1.2,69,,69,Express
Kosovo,69,1.3,69,,69,Express
Kosovo,69,1.4,69,,69,Express
Kosovo,69,1.5,69,,69,Express
Kosovo,78,1.6,78,,78,Express
Kosovo,78,1.7,78,,78,Express
Kosovo,79,1.8,79,,79,Express
Kosovo,79,1.9,79,,79,Express
Kosovo,79,2,79,,79,Express
Kosovo,89,2.1,89,,89,Express
Kosovo,89,2.2,89,,89,Express
Kosovo,89,2.3,89,,89,Express
Kosovo,89,2.4,89,,89,Express
Kosovo,89,2.5,89,,89,Express
Kosovo,99,2.6,99,,99,Express
Kosovo,100,2.7,100,,100,Express
Kosovo,100,2.8,100,,100,Express
Kosovo,100,2.9,100,,100,Express
Kosovo,100,3,100,,100,Express
Kosovo,110,3.1,110,,110,Express
Kosovo,110,3.2,110,,110,Express
Kosovo,110,3.3,110,,110,Express
Kosovo,110,3.4,110,,110,Express
Kosovo,111,3.5,111,,111,Express
Kosovo,120,3.6,120,,120,Express
Kosovo,120,3.7,120,,120,Express
Kosovo,120,3.8,120,,120,Express
Kosovo,120,3.9,120,,120,Express
Kosovo,120,4,120,,120,Express
Kosovo,130,4.1,130,,130,Express
Kosovo,131,4.2,131,,131,Express
Kosovo,131,4.3,131,,131,Express
Kosovo,131,4.4,131,,131,Express
Kosovo,131,4.5,131,,131,Express
Kosovo,140,4.6,140,,140,Express
Kosovo,140,4.7,140,,140,Express
Kosovo,141,4.8,141,,141,Express
Kosovo,141,4.9,141,,141,Express
Kosovo,141,5,141,,141,Express
Kosovo,293,5.1,293,,293,Express
Kosovo,293,5.2,293,,293,Express
Kosovo,293,5.3,293,,293,Express
Kosovo,293,5.4,293,,293,Express
Kosovo,294,5.5,294,,294,Express
Kosovo,311,5.6,311,,311,Express
Kosovo,311,5.7,311,,311,Express
Kosovo,312,5.8,312,,312,Express
Kosovo,312,5.9,312,,312,Express
Kosovo,312,6,312,,312,Express
Kosovo,330,6.1,330,,330,Express
Kosovo,330,6.2,330,,330,Express
Kosovo,330,6.3,330,,330,Express
Kosovo,330,6.4,330,,330,Express
Kosovo,331,6.5,331,,331,Express
Kosovo,348,6.6,348,,348,Express
Kosovo,348,6.7,348,,348,Express
Kosovo,348,6.8,348,,348,Express
Kosovo,348,6.9,348,,348,Express
Kosovo,349,7,349,,349,Express
Kosovo,366,7.1,366,,366,Express
Kosovo,367,7.2,367,,367,Express
Kosovo,367,7.3,367,,367,Express
Kosovo,367,7.4,367,,367,Express
Kosovo,367,7.5,367,,367,Express
Kosovo,383,7.6,383,,383,Express
Kosovo,383,7.7,383,,383,Express
Kosovo,383,7.8,383,,383,Express
Kosovo,383,7.9,383,,383,Express
Kosovo,384,8,384,,384,Express
Kosovo,399,8.1,399,,399,Express
Kosovo,400,8.2,400,,400,Express
Kosovo,400,8.3,400,,400,Express
Kosovo,400,8.4,400,,400,Express
Kosovo,400,8.5,400,,400,Express
Kosovo,416,8.6,416,,416,Express
Kosovo,416,8.7,416,,416,Express
Kosovo,416,8.8,416,,416,Express
Kosovo,417,8.9,417,,417,Express
Kosovo,417,9,417,,417,Express
Kosovo,433,9.1,433,,433,Express
Kosovo,433,9.2,433,,433,Express
Kosovo,433,9.3,433,,433,Express
Kosovo,433,9.4,433,,433,Express
Kosovo,433,9.5,433,,433,Express
Kosovo,453,9.6,453,,453,Express
Kosovo,453,9.7,453,,453,Express
Kosovo,454,9.8,454,,454,Express
Kosovo,454,9.9,454,,454,Express
Kosovo,454,10,454,,454,Express
Kuwait,32,0.1,32,,32,Express
Kuwait,32,0.2,32,,32,Express
Kuwait,32,0.3,32,,32,Express
Kuwait,32,0.4,32,,32,Express
Kuwait,32,0.5,32,,32,Express
Kuwait,44,0.6,44,,44,Express
Kuwait,44,0.7,44,,44,Express
Kuwait,44,0.8,44,,44,Express
Kuwait,44,0.9,44,,44,Express
Kuwait,44,1,44,,44,Express
Kuwait,52,1.1,52,,52,Express
Kuwait,52,1.2,52,,52,Express
Kuwait,52,1.3,52,,52,Express
Kuwait,52,1.4,52,,52,Express
Kuwait,52,1.5,52,,52,Express
Kuwait,59,1.6,59,,59,Express
Kuwait,59,1.7,59,,59,Express
Kuwait,59,1.8,59,,59,Express
Kuwait,59,1.9,59,,59,Express
Kuwait,59,2,59,,59,Express
Kuwait,66,2.1,66,,66,Express
Kuwait,66,2.2,66,,66,Express
Kuwait,66,2.3,66,,66,Express
Kuwait,66,2.4,66,,66,Express
Kuwait,66,2.5,66,,66,Express
Kuwait,69,2.6,69,,69,Express
Kuwait,69,2.7,69,,69,Express
Kuwait,69,2.8,69,,69,Express
Kuwait,69,2.9,69,,69,Express
Kuwait,69,3,69,,69,Express
Kuwait,76,3.1,76,,76,Express
Kuwait,76,3.2,76,,76,Express
Kuwait,76,3.3,76,,76,Express
Kuwait,76,3.4,76,,76,Express
Kuwait,76,3.5,76,,76,Express
Kuwait,84,3.6,84,,84,Express
Kuwait,84,3.7,84,,84,Express
Kuwait,84,3.8,84,,84,Express
Kuwait,84,3.9,84,,84,Express
Kuwait,84,4,84,,84,Express
Kuwait,90,4.1,90,,90,Express
Kuwait,90,4.2,90,,90,Express
Kuwait,90,4.3,90,,90,Express
Kuwait,90,4.4,90,,90,Express
Kuwait,90,4.5,90,,90,Express
Kuwait,99,4.6,99,,99,Express
Kuwait,99,4.7,99,,99,Express
Kuwait,99,4.8,99,,99,Express
Kuwait,99,4.9,99,,99,Express
Kuwait,99,5,99,,99,Express
Kuwait,213,5.1,213,,213,Express
Kuwait,213,5.2,213,,213,Express
Kuwait,213,5.3,213,,213,Express
Kuwait,213,5.4,213,,213,Express
Kuwait,213,5.5,213,,213,Express
Kuwait,228,5.6,228,,228,Express
Kuwait,228,5.7,228,,228,Express
Kuwait,228,5.8,228,,228,Express
Kuwait,228,5.9,228,,228,Express
Kuwait,228,6,228,,228,Express
Kuwait,243,6.1,243,,243,Express
Kuwait,243,6.2,243,,243,Express
Kuwait,243,6.3,243,,243,Express
Kuwait,243,6.4,243,,243,Express
Kuwait,243,6.5,243,,243,Express
Kuwait,258,6.6,258,,258,Express
Kuwait,258,6.7,258,,258,Express
Kuwait,258,6.8,258,,258,Express
Kuwait,258,6.9,258,,258,Express
Kuwait,258,7,258,,258,Express
Kuwait,273,7.1,273,,273,Express
Kuwait,273,7.2,273,,273,Express
Kuwait,273,7.3,273,,273,Express
Kuwait,273,7.4,273,,273,Express
Kuwait,273,7.5,273,,273,Express
Kuwait,287,7.6,287,,287,Express
Kuwait,287,7.7,287,,287,Express
Kuwait,287,7.8,287,,287,Express
Kuwait,287,7.9,287,,287,Express
Kuwait,287,8,287,,287,Express
Kuwait,301,8.1,301,,301,Express
Kuwait,301,8.2,301,,301,Express
Kuwait,301,8.3,301,,301,Express
Kuwait,301,8.4,301,,301,Express
Kuwait,301,8.5,301,,301,Express
Kuwait,315,8.6,315,,315,Express
Kuwait,315,8.7,315,,315,Express
Kuwait,315,8.8,315,,315,Express
Kuwait,315,8.9,315,,315,Express
Kuwait,315,9,315,,315,Express
Kuwait,328,9.1,328,,328,Express
Kuwait,328,9.2,328,,328,Express
Kuwait,328,9.3,328,,328,Express
Kuwait,328,9.4,328,,328,Express
Kuwait,328,9.5,328,,328,Express
Kuwait,337,9.6,337,,337,Express
Kuwait,337,9.7,337,,337,Express
Kuwait,337,9.8,337,,337,Express
Kuwait,337,9.9,337,,337,Express
Kuwait,337,10,337,,337,Express
Kyrgyzstan,47,0.1,47,,47,Express
Kyrgyzstan,47,0.2,47,,47,Express
Kyrgyzstan,47,0.3,47,,47,Express
Kyrgyzstan,48,0.4,48,,48,Express
Kyrgyzstan,48,0.5,48,,48,Express
Kyrgyzstan,58,0.6,58,,58,Express
Kyrgyzstan,58,0.7,58,,58,Express
Kyrgyzstan,58,0.8,58,,58,Express
Kyrgyzstan,58,0.9,58,,58,Express
Kyrgyzstan,58,1,58,,58,Express
Kyrgyzstan,69,1.1,69,,69,Express
Kyrgyzstan,69,1.2,69,,69,Express
Kyrgyzstan,69,1.3,69,,69,Express
Kyrgyzstan,69,1.4,69,,69,Express
Kyrgyzstan,69,1.5,69,,69,Express
Kyrgyzstan,78,1.6,78,,78,Express
Kyrgyzstan,78,1.7,78,,78,Express
Kyrgyzstan,79,1.8,79,,79,Express
Kyrgyzstan,79,1.9,79,,79,Express
Kyrgyzstan,79,2,79,,79,Express
Kyrgyzstan,89,2.1,89,,89,Express
Kyrgyzstan,89,2.2,89,,89,Express
Kyrgyzstan,89,2.3,89,,89,Express
Kyrgyzstan,89,2.4,89,,89,Express
Kyrgyzstan,89,2.5,89,,89,Express
Kyrgyzstan,99,2.6,99,,99,Express
Kyrgyzstan,100,2.7,100,,100,Express
Kyrgyzstan,100,2.8,100,,100,Express
Kyrgyzstan,100,2.9,100,,100,Express
Kyrgyzstan,100,3,100,,100,Express
Kyrgyzstan,110,3.1,110,,110,Express
Kyrgyzstan,110,3.2,110,,110,Express
Kyrgyzstan,110,3.3,110,,110,Express
Kyrgyzstan,110,3.4,110,,110,Express
Kyrgyzstan,111,3.5,111,,111,Express
Kyrgyzstan,120,3.6,120,,120,Express
Kyrgyzstan,120,3.7,120,,120,Express
Kyrgyzstan,120,3.8,120,,120,Express
Kyrgyzstan,120,3.9,120,,120,Express
Kyrgyzstan,120,4,120,,120,Express
Kyrgyzstan,130,4.1,130,,130,Express
Kyrgyzstan,131,4.2,131,,131,Express
Kyrgyzstan,131,4.3,131,,131,Express
Kyrgyzstan,131,4.4,131,,131,Express
Kyrgyzstan,131,4.5,131,,131,Express
Kyrgyzstan,140,4.6,140,,140,Express
Kyrgyzstan,140,4.7,140,,140,Express
Kyrgyzstan,141,4.8,141,,141,Express
Kyrgyzstan,141,4.9,141,,141,Express
Kyrgyzstan,141,5,141,,141,Express
Kyrgyzstan,293,5.1,293,,293,Express
Kyrgyzstan,293,5.2,293,,293,Express
Kyrgyzstan,293,5.3,293,,293,Express
Kyrgyzstan,293,5.4,293,,293,Express
Kyrgyzstan,294,5.5,294,,294,Express
Kyrgyzstan,311,5.6,311,,311,Express
Kyrgyzstan,311,5.7,311,,311,Express
Kyrgyzstan,312,5.8,312,,312,Express
Kyrgyzstan,312,5.9,312,,312,Express
Kyrgyzstan,312,6,312,,312,Express
Kyrgyzstan,330,6.1,330,,330,Express
Kyrgyzstan,330,6.2,330,,330,Express
Kyrgyzstan,330,6.3,330,,330,Express
Kyrgyzstan,330,6.4,330,,330,Express
Kyrgyzstan,331,6.5,331,,331,Express
Kyrgyzstan,348,6.6,348,,348,Express
Kyrgyzstan,348,6.7,348,,348,Express
Kyrgyzstan,348,6.8,348,,348,Express
Kyrgyzstan,348,6.9,348,,348,Express
Kyrgyzstan,349,7,349,,349,Express
Kyrgyzstan,366,7.1,366,,366,Express
Kyrgyzstan,367,7.2,367,,367,Express
Kyrgyzstan,367,7.3,367,,367,Express
Kyrgyzstan,367,7.4,367,,367,Express
Kyrgyzstan,367,7.5,367,,367,Express
Kyrgyzstan,383,7.6,383,,383,Express
Kyrgyzstan,383,7.7,383,,383,Express
Kyrgyzstan,383,7.8,383,,383,Express
Kyrgyzstan,383,7.9,383,,383,Express
Kyrgyzstan,384,8,384,,384,Express
Kyrgyzstan,399,8.1,399,,399,Express
Kyrgyzstan,400,8.2,400,,400,Express
Kyrgyzstan,400,8.3,400,,400,Express
Kyrgyzstan,400,8.4,400,,400,Express
Kyrgyzstan,400,8.5,400,,400,Express
Kyrgyzstan,416,8.6,416,,416,Express
Kyrgyzstan,416,8.7,416,,416,Express
Kyrgyzstan,416,8.8,416,,416,Express
Kyrgyzstan,417,8.9,417,,417,Express
Kyrgyzstan,417,9,417,,417,Express
Kyrgyzstan,433,9.1,433,,433,Express
Kyrgyzstan,433,9.2,433,,433,Express
Kyrgyzstan,433,9.3,433,,433,Express
Kyrgyzstan,433,9.4,433,,433,Express
Kyrgyzstan,433,9.5,433,,433,Express
Kyrgyzstan,453,9.6,453,,453,Express
Kyrgyzstan,453,9.7,453,,453,Express
Kyrgyzstan,454,9.8,454,,454,Express
Kyrgyzstan,454,9.9,454,,454,Express
Kyrgyzstan,454,10,454,,454,Express
Laos,32,0.1,32,,32,Express
Laos,32,0.2,32,,32,Express
Laos,32,0.3,32,,32,Express
Laos,32,0.4,32,,32,Express
Laos,32,0.5,32,,32,Express
Laos,44,0.6,44,,44,Express
Laos,44,0.7,44,,44,Express
Laos,44,0.8,44,,44,Express
Laos,44,0.9,44,,44,Express
Laos,44,1,44,,44,Express
Laos,52,1.1,52,,52,Express
Laos,52,1.2,52,,52,Express
Laos,52,1.3,52,,52,Express
Laos,52,1.4,52,,52,Express
Laos,52,1.5,52,,52,Express
Laos,59,1.6,59,,59,Express
Laos,59,1.7,59,,59,Express
Laos,59,1.8,59,,59,Express
Laos,59,1.9,59,,59,Express
Laos,59,2,59,,59,Express
Laos,66,2.1,66,,66,Express
Laos,66,2.2,66,,66,Express
Laos,66,2.3,66,,66,Express
Laos,66,2.4,66,,66,Express
Laos,66,2.5,66,,66,Express
Laos,69,2.6,69,,69,Express
Laos,69,2.7,69,,69,Express
Laos,69,2.8,69,,69,Express
Laos,69,2.9,69,,69,Express
Laos,69,3,69,,69,Express
Laos,76,3.1,76,,76,Express
Laos,76,3.2,76,,76,Express
Laos,76,3.3,76,,76,Express
Laos,76,3.4,76,,76,Express
Laos,76,3.5,76,,76,Express
Laos,84,3.6,84,,84,Express
Laos,84,3.7,84,,84,Express
Laos,84,3.8,84,,84,Express
Laos,84,3.9,84,,84,Express
Laos,84,4,84,,84,Express
Laos,90,4.1,90,,90,Express
Laos,90,4.2,90,,90,Express
Laos,90,4.3,90,,90,Express
Laos,90,4.4,90,,90,Express
Laos,90,4.5,90,,90,Express
Laos,99,4.6,99,,99,Express
Laos,99,4.7,99,,99,Express
Laos,99,4.8,99,,99,Express
Laos,99,4.9,99,,99,Express
Laos,99,5,99,,99,Express
Laos,213,5.1,213,,213,Express
Laos,213,5.2,213,,213,Express
Laos,213,5.3,213,,213,Express
Laos,213,5.4,213,,213,Express
Laos,213,5.5,213,,213,Express
Laos,228,5.6,228,,228,Express
Laos,228,5.7,228,,228,Express
Laos,228,5.8,228,,228,Express
Laos,228,5.9,228,,228,Express
Laos,228,6,228,,228,Express
Laos,243,6.1,243,,243,Express
Laos,243,6.2,243,,243,Express
Laos,243,6.3,243,,243,Express
Laos,243,6.4,243,,243,Express
Laos,243,6.5,243,,243,Express
Laos,258,6.6,258,,258,Express
Laos,258,6.7,258,,258,Express
Laos,258,6.8,258,,258,Express
Laos,258,6.9,258,,258,Express
Laos,258,7,258,,258,Express
Laos,273,7.1,273,,273,Express
Laos,273,7.2,273,,273,Express
Laos,273,7.3,273,,273,Express
Laos,273,7.4,273,,273,Express
Laos,273,7.5,273,,273,Express
Laos,287,7.6,287,,287,Express
Laos,287,7.7,287,,287,Express
Laos,287,7.8,287,,287,Express
Laos,287,7.9,287,,287,Express
Laos,287,8,287,,287,Express
Laos,301,8.1,301,,301,Express
Laos,301,8.2,301,,301,Express
Laos,301,8.3,301,,301,Express
Laos,301,8.4,301,,301,Express
Laos,301,8.5,301,,301,Express
Laos,315,8.6,315,,315,Express
Laos,315,8.7,315,,315,Express
Laos,315,8.8,315,,315,Express
Laos,315,8.9,315,,315,Express
Laos,315,9,315,,315,Express
Laos,328,9.1,328,,328,Express
Laos,328,9.2,328,,328,Express
Laos,328,9.3,328,,328,Express
Laos,328,9.4,328,,328,Express
Laos,328,9.5,328,,328,Express
Laos,337,9.6,337,,337,Express
Laos,337,9.7,337,,337,Express
Laos,337,9.8,337,,337,Express
Laos,337,9.9,337,,337,Express
Laos,337,10,337,,337,Express
Latvia,21,0.1,21,21,32,Economy
Latvia,21,0.2,21,21,32,Economy
Latvia,21,0.3,21,21,33,Economy
Latvia,21,0.4,21,21,33,Economy
Latvia,21,0.5,21,21,33,Economy
Latvia,23,0.6,23,23,45,Economy
Latvia,23,0.7,23,23,45,Economy
Latvia,24,0.8,24,24,46,Economy
Latvia,24,0.9,24,24,46,Economy
Latvia,24,1,24,24,46,Economy
Latvia,25,1.1,25,25,54,Economy
Latvia,25,1.2,25,25,54,Economy
Latvia,26,1.3,26,26,54,Economy
Latvia,26,1.4,26,26,54,Economy
Latvia,26,1.5,26,26,54,Economy
Latvia,28,1.6,28,28,62,Economy
Latvia,28,1.7,28,28,62,Economy
Latvia,30,1.8,30,30,62,Economy
Latvia,30,1.9,30,30,62,Economy
Latvia,30,2,30,30,62,Economy
Latvia,33,2.1,33,33,70,Economy
Latvia,33,2.2,33,33,70,Economy
Latvia,33,2.3,33,33,70,Economy
Latvia,33,2.4,33,33,70,Economy
Latvia,33,2.5,33,33,70,Economy
Latvia,36,2.6,36,36,74,Economy
Latvia,36,2.7,36,36,74,Economy
Latvia,36,2.8,36,36,75,Economy
Latvia,36,2.9,36,36,75,Economy
Latvia,36,3,36,36,75,Economy
Latvia,38,3.1,38,38,82,Economy
Latvia,38,3.2,38,38,82,Economy
Latvia,38,3.3,38,38,82,Economy
Latvia,38,3.4,38,38,83,Economy
Latvia,38,3.5,38,38,83,Economy
Latvia,41,3.6,41,41,90,Economy
Latvia,41,3.7,41,41,91,Economy
Latvia,41,3.8,41,41,91,Economy
Latvia,41,3.9,41,41,91,Economy
Latvia,41,4,41,41,91,Economy
Latvia,44,4.1,44,44,98,Economy
Latvia,44,4.2,44,44,98,Economy
Latvia,44,4.3,44,44,98,Economy
Latvia,44,4.4,44,44,98,Economy
Latvia,44,4.5,44,44,99,Economy
Latvia,47,4.6,47,47,108,Economy
Latvia,47,4.7,47,47,108,Economy
Latvia,47,4.8,47,47,108,Economy
Latvia,47,4.9,47,47,108,Economy
Latvia,47,5,47,47,109,Economy
Latvia,50,5.1,50,50,223,Economy
Latvia,50,5.2,50,50,223,Economy
Latvia,50,5.3,50,50,223,Economy
Latvia,50,5.4,50,50,224,Economy
Latvia,50,5.5,50,50,224,Economy
Latvia,53,5.6,53,53,239,Economy
Latvia,53,5.7,53,53,239,Economy
Latvia,53,5.8,53,53,239,Economy
Latvia,53,5.9,53,53,239,Economy
Latvia,53,6,53,53,239,Economy
Latvia,56,6.1,56,56,255,Economy
Latvia,56,6.2,56,56,255,Economy
Latvia,56,6.3,56,56,255,Economy
Latvia,56,6.4,56,56,255,Economy
Latvia,56,6.5,56,56,255,Economy
Latvia,60,6.6,60,60,270,Economy
Latvia,60,6.7,60,60,271,Economy
Latvia,60,6.8,60,60,271,Economy
Latvia,60,6.9,60,60,271,Economy
Latvia,60,7,60,60,271,Economy
Latvia,64,7.1,64,64,286,Economy
Latvia,64,7.2,64,64,286,Economy
Latvia,64,7.3,64,64,287,Economy
Latvia,64,7.4,64,64,287,Economy
Latvia,64,7.5,64,64,287,Economy
Latvia,67,7.6,67,67,301,Economy
Latvia,67,7.7,67,67,301,Economy
Latvia,67,7.8,67,67,301,Economy
Latvia,67,7.9,67,67,302,Economy
Latvia,67,8,67,67,302,Economy
Latvia,71,8.1,71,71,316,Economy
Latvia,71,8.2,71,71,316,Economy
Latvia,71,8.3,71,71,316,Economy
Latvia,71,8.4,71,71,317,Economy
Latvia,71,8.5,71,71,317,Economy
Latvia,75,8.6,75,75,331,Economy
Latvia,75,8.7,75,75,331,Economy
Latvia,75,8.8,75,75,331,Economy
Latvia,75,8.9,75,75,332,Economy
Latvia,75,9,75,75,332,Economy
Latvia,78,9.1,78,78,346,Economy
Latvia,78,9.2,78,78,346,Economy
Latvia,78,9.3,78,78,346,Economy
Latvia,78,9.4,78,78,346,Economy
Latvia,78,9.5,78,78,347,Economy
Latvia,83,9.6,83,83,355,Economy
Latvia,83,9.7,83,83,356,Economy
Latvia,83,9.8,83,83,356,Economy
Latvia,83,9.9,83,83,356,Economy
Latvia,83,10,83,83,356,Economy
Lebanon,47,0.1,47,,47,Express
Lebanon,47,0.2,47,,47,Express
Lebanon,47,0.3,47,,47,Express
Lebanon,48,0.4,48,,48,Express
Lebanon,48,0.5,48,,48,Express
Lebanon,58,0.6,58,,58,Express
Lebanon,58,0.7,58,,58,Express
Lebanon,58,0.8,58,,58,Express
Lebanon,58,0.9,58,,58,Express
Lebanon,58,1,58,,58,Express
Lebanon,69,1.1,69,,69,Express
Lebanon,69,1.2,69,,69,Express
Lebanon,69,1.3,69,,69,Express
Lebanon,69,1.4,69,,69,Express
Lebanon,69,1.5,69,,69,Express
Lebanon,78,1.6,78,,78,Express
Lebanon,78,1.7,78,,78,Express
Lebanon,79,1.8,79,,79,Express
Lebanon,79,1.9,79,,79,Express
Lebanon,79,2,79,,79,Express
Lebanon,89,2.1,89,,89,Express
Lebanon,89,2.2,89,,89,Express
Lebanon,89,2.3,89,,89,Express
Lebanon,89,2.4,89,,89,Express
Lebanon,89,2.5,89,,89,Express
Lebanon,99,2.6,99,,99,Express
Lebanon,100,2.7,100,,100,Express
Lebanon,100,2.8,100,,100,Express
Lebanon,100,2.9,100,,100,Express
Lebanon,100,3,100,,100,Express
Lebanon,110,3.1,110,,110,Express
Lebanon,110,3.2,110,,110,Express
Lebanon,110,3.3,110,,110,Express
Lebanon,110,3.4,110,,110,Express
Lebanon,111,3.5,111,,111,Express
Lebanon,120,3.6,120,,120,Express
Lebanon,120,3.7,120,,120,Express
Lebanon,120,3.8,120,,120,Express
Lebanon,120,3.9,120,,120,Express
Lebanon,120,4,120,,120,Express
Lebanon,130,4.1,130,,130,Express
Lebanon,131,4.2,131,,131,Express
Lebanon,131,4.3,131,,131,Express
Lebanon,131,4.4,131,,131,Express
Lebanon,131,4.5,131,,131,Express
Lebanon,140,4.6,140,,140,Express
Lebanon,140,4.7,140,,140,Express
Lebanon,141,4.8,141,,141,Express
Lebanon,141,4.9,141,,141,Express
Lebanon,141,5,141,,141,Express
Lebanon,293,5.1,293,,293,Express
Lebanon,293,5.2,293,,293,Express
Lebanon,293,5.3,293,,293,Express
Lebanon,293,5.4,293,,293,Express
Lebanon,294,5.5,294,,294,Express
Lebanon,311,5.6,311,,311,Express
Lebanon,311,5.7,311,,311,Express
Lebanon,312,5.8,312,,312,Express
Lebanon,312,5.9,312,,312,Express
Lebanon,312,6,312,,312,Express
Lebanon,330,6.1,330,,330,Express
Lebanon,330,6.2,330,,330,Express
Lebanon,330,6.3,330,,330,Express
Lebanon,330,6.4,330,,330,Express
Lebanon,331,6.5,331,,331,Express
Lebanon,348,6.6,348,,348,Express
Lebanon,348,6.7,348,,348,Express
Lebanon,348,6.8,348,,348,Express
Lebanon,348,6.9,348,,348,Express
Lebanon,349,7,349,,349,Express
Lebanon,366,7.1,366,,366,Express
Lebanon,367,7.2,367,,367,Express
Lebanon,367,7.3,367,,367,Express
Lebanon,367,7.4,367,,367,Express
Lebanon,367,7.5,367,,367,Express
Lebanon,383,7.6,383,,383,Express
Lebanon,383,7.7,383,,383,Express
Lebanon,383,7.8,383,,383,Express
Lebanon,383,7.9,383,,383,Express
Lebanon,384,8,384,,384,Express
Lebanon,399,8.1,399,,399,Express
Lebanon,400,8.2,400,,400,Express
Lebanon,400,8.3,400,,400,Express
Lebanon,400,8.4,400,,400,Express
Lebanon,400,8.5,400,,400,Express
Lebanon,416,8.6,416,,416,Express
Lebanon,416,8.7,416,,416,Express
Lebanon,416,8.8,416,,416,Express
Lebanon,417,8.9,417,,417,Express
Lebanon,417,9,417,,417,Express
Lebanon,433,9.1,433,,433,Express
Lebanon,433,9.2,433,,433,Express
Lebanon,433,9.3,433,,433,Express
Lebanon,433,9.4,433,,433,Express
Lebanon,433,9.5,433,,433,Express
Lebanon,453,9.6,453,,453,Express
Lebanon,453,9.7,453,,453,Express
Lebanon,454,9.8,454,,454,Express
Lebanon,454,9.9,454,,454,Express
Lebanon,454,10,454,,454,Express
Lesotho,47,0.1,47,,47,Express
Lesotho,47,0.2,47,,47,Express
Lesotho,47,0.3,47,,47,Express
Lesotho,48,0.4,48,,48,Express
Lesotho,48,0.5,48,,48,Express
Lesotho,58,0.6,58,,58,Express
Lesotho,58,0.7,58,,58,Express
Lesotho,58,0.8,58,,58,Express
Lesotho,58,0.9,58,,58,Express
Lesotho,58,1,58,,58,Express
Lesotho,69,1.1,69,,69,Express
Lesotho,69,1.2,69,,69,Express
Lesotho,69,1.3,69,,69,Express
Lesotho,69,1.4,69,,69,Express
Lesotho,69,1.5,69,,69,Express
Lesotho,78,1.6,78,,78,Express
Lesotho,78,1.7,78,,78,Express
Lesotho,79,1.8,79,,79,Express
Lesotho,79,1.9,79,,79,Express
Lesotho,79,2,79,,79,Express
Lesotho,89,2.1,89,,89,Express
Lesotho,89,2.2,89,,89,Express
Lesotho,89,2.3,89,,89,Express
Lesotho,89,2.4,89,,89,Express
Lesotho,89,2.5,89,,89,Express
Lesotho,99,2.6,99,,99,Express
Lesotho,100,2.7,100,,100,Express
Lesotho,100,2.8,100,,100,Express
Lesotho,100,2.9,100,,100,Express
Lesotho,100,3,100,,100,Express
Lesotho,110,3.1,110,,110,Express
Lesotho,110,3.2,110,,110,Express
Lesotho,110,3.3,110,,110,Express
Lesotho,110,3.4,110,,110,Express
Lesotho,111,3.5,111,,111,Express
Lesotho,120,3.6,120,,120,Express
Lesotho,120,3.7,120,,120,Express
Lesotho,120,3.8,120,,120,Express
Lesotho,120,3.9,120,,120,Express
Lesotho,120,4,120,,120,Express
Lesotho,130,4.1,130,,130,Express
Lesotho,131,4.2,131,,131,Express
Lesotho,131,4.3,131,,131,Express
Lesotho,131,4.4,131,,131,Express
Lesotho,131,4.5,131,,131,Express
Lesotho,140,4.6,140,,140,Express
Lesotho,140,4.7,140,,140,Express
Lesotho,141,4.8,141,,141,Express
Lesotho,141,4.9,141,,141,Express
Lesotho,141,5,141,,141,Express
Lesotho,293,5.1,293,,293,Express
Lesotho,293,5.2,293,,293,Express
Lesotho,293,5.3,293,,293,Express
Lesotho,293,5.4,293,,293,Express
Lesotho,294,5.5,294,,294,Express
Lesotho,311,5.6,311,,311,Express
Lesotho,311,5.7,311,,311,Express
Lesotho,312,5.8,312,,312,Express
Lesotho,312,5.9,312,,312,Express
Lesotho,312,6,312,,312,Express
Lesotho,330,6.1,330,,330,Express
Lesotho,330,6.2,330,,330,Express
Lesotho,330,6.3,330,,330,Express
Lesotho,330,6.4,330,,330,Express
Lesotho,331,6.5,331,,331,Express
Lesotho,348,6.6,348,,348,Express
Lesotho,348,6.7,348,,348,Express
Lesotho,348,6.8,348,,348,Express
Lesotho,348,6.9,348,,348,Express
Lesotho,349,7,349,,349,Express
Lesotho,366,7.1,366,,366,Express
Lesotho,367,7.2,367,,367,Express
Lesotho,367,7.3,367,,367,Express
Lesotho,367,7.4,367,,367,Express
Lesotho,367,7.5,367,,367,Express
Lesotho,383,7.6,383,,383,Express
Lesotho,383,7.7,383,,383,Express
Lesotho,383,7.8,383,,383,Express
Lesotho,383,7.9,383,,383,Express
Lesotho,384,8,384,,384,Express
Lesotho,399,8.1,399,,399,Express
Lesotho,400,8.2,400,,400,Express
Lesotho,400,8.3,400,,400,Express
Lesotho,400,8.4,400,,400,Express
Lesotho,400,8.5,400,,400,Express
Lesotho,416,8.6,416,,416,Express
Lesotho,416,8.7,416,,416,Express
Lesotho,416,8.8,416,,416,Express
Lesotho,417,8.9,417,,417,Express
Lesotho,417,9,417,,417,Express
Lesotho,433,9.1,433,,433,Express
Lesotho,433,9.2,433,,433,Express
Lesotho,433,9.3,433,,433,Express
Lesotho,433,9.4,433,,433,Express
Lesotho,433,9.5,433,,433,Express
Lesotho,453,9.6,453,,453,Express
Lesotho,453,9.7,453,,453,Express
Lesotho,454,9.8,454,,454,Express
Lesotho,454,9.9,454,,454,Express
Lesotho,454,10,454,,454,Express
Liberia,47,0.1,47,,47,Express
Liberia,47,0.2,47,,47,Express
Liberia,47,0.3,47,,47,Express
Liberia,48,0.4,48,,48,Express
Liberia,48,0.5,48,,48,Express
Liberia,58,0.6,58,,58,Express
Liberia,58,0.7,58,,58,Express
Liberia,58,0.8,58,,58,Express
Liberia,58,0.9,58,,58,Express
Liberia,58,1,58,,58,Express
Liberia,69,1.1,69,,69,Express
Liberia,69,1.2,69,,69,Express
Liberia,69,1.3,69,,69,Express
Liberia,69,1.4,69,,69,Express
Liberia,69,1.5,69,,69,Express
Liberia,78,1.6,78,,78,Express
Liberia,78,1.7,78,,78,Express
Liberia,79,1.8,79,,79,Express
Liberia,79,1.9,79,,79,Express
Liberia,79,2,79,,79,Express
Liberia,89,2.1,89,,89,Express
Liberia,89,2.2,89,,89,Express
Liberia,89,2.3,89,,89,Express
Liberia,89,2.4,89,,89,Express
Liberia,89,2.5,89,,89,Express
Liberia,99,2.6,99,,99,Express
Liberia,100,2.7,100,,100,Express
Liberia,100,2.8,100,,100,Express
Liberia,100,2.9,100,,100,Express
Liberia,100,3,100,,100,Express
Liberia,110,3.1,110,,110,Express
Liberia,110,3.2,110,,110,Express
Liberia,110,3.3,110,,110,Express
Liberia,110,3.4,110,,110,Express
Liberia,111,3.5,111,,111,Express
Liberia,120,3.6,120,,120,Express
Liberia,120,3.7,120,,120,Express
Liberia,120,3.8,120,,120,Express
Liberia,120,3.9,120,,120,Express
Liberia,120,4,120,,120,Express
Liberia,130,4.1,130,,130,Express
Liberia,131,4.2,131,,131,Express
Liberia,131,4.3,131,,131,Express
Liberia,131,4.4,131,,131,Express
Liberia,131,4.5,131,,131,Express
Liberia,140,4.6,140,,140,Express
Liberia,140,4.7,140,,140,Express
Liberia,141,4.8,141,,141,Express
Liberia,141,4.9,141,,141,Express
Liberia,141,5,141,,141,Express
Liberia,293,5.1,293,,293,Express
Liberia,293,5.2,293,,293,Express
Liberia,293,5.3,293,,293,Express
Liberia,293,5.4,293,,293,Express
Liberia,294,5.5,294,,294,Express
Liberia,311,5.6,311,,311,Express
Liberia,311,5.7,311,,311,Express
Liberia,312,5.8,312,,312,Express
Liberia,312,5.9,312,,312,Express
Liberia,312,6,312,,312,Express
Liberia,330,6.1,330,,330,Express
Liberia,330,6.2,330,,330,Express
Liberia,330,6.3,330,,330,Express
Liberia,330,6.4,330,,330,Express
Liberia,331,6.5,331,,331,Express
Liberia,348,6.6,348,,348,Express
Liberia,348,6.7,348,,348,Express
Liberia,348,6.8,348,,348,Express
Liberia,348,6.9,348,,348,Express
Liberia,349,7,349,,349,Express
Liberia,366,7.1,366,,366,Express
Liberia,367,7.2,367,,367,Express
Liberia,367,7.3,367,,367,Express
Liberia,367,7.4,367,,367,Express
Liberia,367,7.5,367,,367,Express
Liberia,383,7.6,383,,383,Express
Liberia,383,7.7,383,,383,Express
Liberia,383,7.8,383,,383,Express
Liberia,383,7.9,383,,383,Express
Liberia,384,8,384,,384,Express
Liberia,399,8.1,399,,399,Express
Liberia,400,8.2,400,,400,Express
Liberia,400,8.3,400,,400,Express
Liberia,400,8.4,400,,400,Express
Liberia,400,8.5,400,,400,Express
Liberia,416,8.6,416,,416,Express
Liberia,416,8.7,416,,416,Express
Liberia,416,8.8,416,,416,Express
Liberia,417,8.9,417,,417,Express
Liberia,417,9,417,,417,Express
Liberia,433,9.1,433,,433,Express
Liberia,433,9.2,433,,433,Express
Liberia,433,9.3,433,,433,Express
Liberia,433,9.4,433,,433,Express
Liberia,433,9.5,433,,433,Express
Liberia,453,9.6,453,,453,Express
Liberia,453,9.7,453,,453,Express
Liberia,454,9.8,454,,454,Express
Liberia,454,9.9,454,,454,Express
Liberia,454,10,454,,454,Express
Libya,47,0.1,47,,47,Express
Libya,47,0.2,47,,47,Express
Libya,47,0.3,47,,47,Express
Libya,48,0.4,48,,48,Express
Libya,48,0.5,48,,48,Express
Libya,58,0.6,58,,58,Express
Libya,58,0.7,58,,58,Express
Libya,58,0.8,58,,58,Express
Libya,58,0.9,58,,58,Express
Libya,58,1,58,,58,Express
Libya,69,1.1,69,,69,Express
Libya,69,1.2,69,,69,Express
Libya,69,1.3,69,,69,Express
Libya,69,1.4,69,,69,Express
Libya,69,1.5,69,,69,Express
Libya,78,1.6,78,,78,Express
Libya,78,1.7,78,,78,Express
Libya,79,1.8,79,,79,Express
Libya,79,1.9,79,,79,Express
Libya,79,2,79,,79,Express
Libya,89,2.1,89,,89,Express
Libya,89,2.2,89,,89,Express
Libya,89,2.3,89,,89,Express
Libya,89,2.4,89,,89,Express
Libya,89,2.5,89,,89,Express
Libya,99,2.6,99,,99,Express
Libya,100,2.7,100,,100,Express
Libya,100,2.8,100,,100,Express
Libya,100,2.9,100,,100,Express
Libya,100,3,100,,100,Express
Libya,110,3.1,110,,110,Express
Libya,110,3.2,110,,110,Express
Libya,110,3.3,110,,110,Express
Libya,110,3.4,110,,110,Express
Libya,111,3.5,111,,111,Express
Libya,120,3.6,120,,120,Express
Libya,120,3.7,120,,120,Express
Libya,120,3.8,120,,120,Express
Libya,120,3.9,120,,120,Express
Libya,120,4,120,,120,Express
Libya,130,4.1,130,,130,Express
Libya,131,4.2,131,,131,Express
Libya,131,4.3,131,,131,Express
Libya,131,4.4,131,,131,Express
Libya,131,4.5,131,,131,Express
Libya,140,4.6,140,,140,Express
Libya,140,4.7,140,,140,Express
Libya,141,4.8,141,,141,Express
Libya,141,4.9,141,,141,Express
Libya,141,5,141,,141,Express
Libya,293,5.1,293,,293,Express
Libya,293,5.2,293,,293,Express
Libya,293,5.3,293,,293,Express
Libya,293,5.4,293,,293,Express
Libya,294,5.5,294,,294,Express
Libya,311,5.6,311,,311,Express
Libya,311,5.7,311,,311,Express
Libya,312,5.8,312,,312,Express
Libya,312,5.9,312,,312,Express
Libya,312,6,312,,312,Express
Libya,330,6.1,330,,330,Express
Libya,330,6.2,330,,330,Express
Libya,330,6.3,330,,330,Express
Libya,330,6.4,330,,330,Express
Libya,331,6.5,331,,331,Express
Libya,348,6.6,348,,348,Express
Libya,348,6.7,348,,348,Express
Libya,348,6.8,348,,348,Express
Libya,348,6.9,348,,348,Express
Libya,349,7,349,,349,Express
Libya,366,7.1,366,,366,Express
Libya,367,7.2,367,,367,Express
Libya,367,7.3,367,,367,Express
Libya,367,7.4,367,,367,Express
Libya,367,7.5,367,,367,Express
Libya,383,7.6,383,,383,Express
Libya,383,7.7,383,,383,Express
Libya,383,7.8,383,,383,Express
Libya,383,7.9,383,,383,Express
Libya,384,8,384,,384,Express
Libya,399,8.1,399,,399,Express
Libya,400,8.2,400,,400,Express
Libya,400,8.3,400,,400,Express
Libya,400,8.4,400,,400,Express
Libya,400,8.5,400,,400,Express
Libya,416,8.6,416,,416,Express
Libya,416,8.7,416,,416,Express
Libya,416,8.8,416,,416,Express
Libya,417,8.9,417,,417,Express
Libya,417,9,417,,417,Express
Libya,433,9.1,433,,433,Express
Libya,433,9.2,433,,433,Express
Libya,433,9.3,433,,433,Express
Libya,433,9.4,433,,433,Express
Libya,433,9.5,433,,433,Express
Libya,453,9.6,453,,453,Express
Libya,453,9.7,453,,453,Express
Libya,454,9.8,454,,454,Express
Libya,454,9.9,454,,454,Express
Libya,454,10,454,,454,Express
Liechtenstein,31,0.1,31,,31,Express
Liechtenstein,31,0.2,31,,31,Express
Liechtenstein,31,0.3,31,,31,Express
Liechtenstein,31,0.4,31,,31,Express
Liechtenstein,31,0.5,31,,31,Express
Liechtenstein,36,0.6,36,,36,Express
Liechtenstein,36,0.7,36,,36,Express
Liechtenstein,36,0.8,36,,36,Express
Liechtenstein,36,0.9,36,,36,Express
Liechtenstein,36,1,36,,36,Express
Liechtenstein,41,1.1,41,,41,Express
Liechtenstein,41,1.2,41,,41,Express
Liechtenstein,41,1.3,41,,41,Express
Liechtenstein,41,1.4,41,,41,Express
Liechtenstein,41,1.5,41,,41,Express
Liechtenstein,48,1.6,48,,48,Express
Liechtenstein,48,1.7,48,,48,Express
Liechtenstein,48,1.8,48,,48,Express
Liechtenstein,48,1.9,48,,48,Express
Liechtenstein,48,2,48,,48,Express
Liechtenstein,54,2.1,54,,54,Express
Liechtenstein,54,2.2,54,,54,Express
Liechtenstein,54,2.3,54,,54,Express
Liechtenstein,54,2.4,54,,54,Express
Liechtenstein,54,2.5,54,,54,Express
Liechtenstein,59,2.6,59,,59,Express
Liechtenstein,59,2.7,59,,59,Express
Liechtenstein,59,2.8,59,,59,Express
Liechtenstein,59,2.9,59,,59,Express
Liechtenstein,59,3,59,,59,Express
Liechtenstein,65,3.1,65,,65,Express
Liechtenstein,65,3.2,65,,65,Express
Liechtenstein,65,3.3,65,,65,Express
Liechtenstein,65,3.4,65,,65,Express
Liechtenstein,65,3.5,65,,65,Express
Liechtenstein,70,3.6,70,,70,Express
Liechtenstein,70,3.7,70,,70,Express
Liechtenstein,70,3.8,70,,70,Express
Liechtenstein,70,3.9,70,,70,Express
Liechtenstein,70,4,70,,70,Express
Liechtenstein,75,4.1,75,,75,Express
Liechtenstein,75,4.2,75,,75,Express
Liechtenstein,75,4.3,75,,75,Express
Liechtenstein,75,4.4,75,,75,Express
Liechtenstein,75,4.5,75,,75,Express
Liechtenstein,80,4.6,80,,80,Express
Liechtenstein,80,4.7,80,,80,Express
Liechtenstein,80,4.8,80,,80,Express
Liechtenstein,80,4.9,80,,80,Express
Liechtenstein,80,5,80,,80,Express
Liechtenstein,125,5.1,125,,125,Express
Liechtenstein,125,5.2,125,,125,Express
Liechtenstein,125,5.3,125,,125,Express
Liechtenstein,125,5.4,125,,125,Express
Liechtenstein,125,5.5,125,,125,Express
Liechtenstein,132,5.6,132,,132,Express
Liechtenstein,132,5.7,132,,132,Express
Liechtenstein,132,5.8,132,,132,Express
Liechtenstein,132,5.9,132,,132,Express
Liechtenstein,132,6,132,,132,Express
Liechtenstein,140,6.1,140,,140,Express
Liechtenstein,140,6.2,140,,140,Express
Liechtenstein,140,6.3,140,,140,Express
Liechtenstein,140,6.4,140,,140,Express
Liechtenstein,140,6.5,140,,140,Express
Liechtenstein,148,6.6,148,,148,Express
Liechtenstein,148,6.7,148,,148,Express
Liechtenstein,148,6.8,148,,148,Express
Liechtenstein,148,6.9,148,,148,Express
Liechtenstein,148,7,148,,148,Express
Liechtenstein,156,7.1,156,,156,Express
Liechtenstein,156,7.2,156,,156,Express
Liechtenstein,156,7.3,156,,156,Express
Liechtenstein,156,7.4,156,,156,Express
Liechtenstein,156,7.5,156,,156,Express
Liechtenstein,164,7.6,164,,164,Express
Liechtenstein,164,7.7,164,,164,Express
Liechtenstein,164,7.8,164,,164,Express
Liechtenstein,164,7.9,164,,164,Express
Liechtenstein,164,8,164,,164,Express
Liechtenstein,172,8.1,172,,172,Express
Liechtenstein,172,8.2,172,,172,Express
Liechtenstein,172,8.3,172,,172,Express
Liechtenstein,172,8.4,172,,172,Express
Liechtenstein,172,8.5,172,,172,Express
Liechtenstein,180,8.6,180,,180,Express
Liechtenstein,180,8.7,180,,180,Express
Liechtenstein,180,8.8,180,,180,Express
Liechtenstein,180,8.9,180,,180,Express
Liechtenstein,180,9,180,,180,Express
Liechtenstein,189,9.1,189,,189,Express
Liechtenstein,189,9.2,189,,189,Express
Liechtenstein,189,9.3,189,,189,Express
Liechtenstein,189,9.4,189,,189,Express
Liechtenstein,189,9.5,189,,189,Express
Liechtenstein,197,9.6,197,,197,Express
Liechtenstein,197,9.7,197,,197,Express
Liechtenstein,197,9.8,197,,197,Express
Liechtenstein,197,9.9,197,,197,Express
Liechtenstein,197,10,197,,197,Express
Lithuania,21,0.1,21,21,32,Economy
Lithuania,21,0.2,21,21,32,Economy
Lithuania,21,0.3,21,21,33,Economy
Lithuania,21,0.4,21,21,33,Economy
Lithuania,21,0.5,21,21,33,Economy
Lithuania,23,0.6,23,23,45,Economy
Lithuania,23,0.7,23,23,45,Economy
Lithuania,24,0.8,24,24,46,Economy
Lithuania,24,0.9,24,24,46,Economy
Lithuania,24,1,24,24,46,Economy
Lithuania,25,1.1,25,25,54,Economy
Lithuania,25,1.2,25,25,54,Economy
Lithuania,26,1.3,26,26,54,Economy
Lithuania,26,1.4,26,26,54,Economy
Lithuania,26,1.5,26,26,54,Economy
Lithuania,28,1.6,28,28,62,Economy
Lithuania,28,1.7,28,28,62,Economy
Lithuania,30,1.8,30,30,62,Economy
Lithuania,30,1.9,30,30,62,Economy
Lithuania,30,2,30,30,62,Economy
Lithuania,33,2.1,33,33,70,Economy
Lithuania,33,2.2,33,33,70,Economy
Lithuania,33,2.3,33,33,70,Economy
Lithuania,33,2.4,33,33,70,Economy
Lithuania,33,2.5,33,33,70,Economy
Lithuania,36,2.6,36,36,74,Economy
Lithuania,36,2.7,36,36,74,Economy
Lithuania,36,2.8,36,36,75,Economy
Lithuania,36,2.9,36,36,75,Economy
Lithuania,36,3,36,36,75,Economy
Lithuania,38,3.1,38,38,82,Economy
Lithuania,38,3.2,38,38,82,Economy
Lithuania,38,3.3,38,38,82,Economy
Lithuania,38,3.4,38,38,83,Economy
Lithuania,38,3.5,38,38,83,Economy
Lithuania,41,3.6,41,41,90,Economy
Lithuania,41,3.7,41,41,91,Economy
Lithuania,41,3.8,41,41,91,Economy
Lithuania,41,3.9,41,41,91,Economy
Lithuania,41,4,41,41,91,Economy
Lithuania,44,4.1,44,44,98,Economy
Lithuania,44,4.2,44,44,98,Economy
Lithuania,44,4.3,44,44,98,Economy
Lithuania,44,4.4,44,44,98,Economy
Lithuania,44,4.5,44,44,99,Economy
Lithuania,47,4.6,47,47,108,Economy
Lithuania,47,4.7,47,47,108,Economy
Lithuania,47,4.8,47,47,108,Economy
Lithuania,47,4.9,47,47,108,Economy
Lithuania,47,5,47,47,109,Economy
Lithuania,50,5.1,50,50,223,Economy
Lithuania,50,5.2,50,50,223,Economy
Lithuania,50,5.3,50,50,223,Economy
Lithuania,50,5.4,50,50,224,Economy
Lithuania,50,5.5,50,50,224,Economy
Lithuania,53,5.6,53,53,239,Economy
Lithuania,53,5.7,53,53,239,Economy
Lithuania,53,5.8,53,53,239,Economy
Lithuania,53,5.9,53,53,239,Economy
Lithuania,53,6,53,53,239,Economy
Lithuania,56,6.1,56,56,255,Economy
Lithuania,56,6.2,56,56,255,Economy
Lithuania,56,6.3,56,56,255,Economy
Lithuania,56,6.4,56,56,255,Economy
Lithuania,56,6.5,56,56,255,Economy
Lithuania,60,6.6,60,60,270,Economy
Lithuania,60,6.7,60,60,271,Economy
Lithuania,60,6.8,60,60,271,Economy
Lithuania,60,6.9,60,60,271,Economy
Lithuania,60,7,60,60,271,Economy
Lithuania,64,7.1,64,64,286,Economy
Lithuania,64,7.2,64,64,286,Economy
Lithuania,64,7.3,64,64,287,Economy
Lithuania,64,7.4,64,64,287,Economy
Lithuania,64,7.5,64,64,287,Economy
Lithuania,67,7.6,67,67,301,Economy
Lithuania,67,7.7,67,67,301,Economy
Lithuania,67,7.8,67,67,301,Economy
Lithuania,67,7.9,67,67,302,Economy
Lithuania,67,8,67,67,302,Economy
Lithuania,71,8.1,71,71,316,Economy
Lithuania,71,8.2,71,71,316,Economy
Lithuania,71,8.3,71,71,316,Economy
Lithuania,71,8.4,71,71,317,Economy
Lithuania,71,8.5,71,71,317,Economy
Lithuania,75,8.6,75,75,331,Economy
Lithuania,75,8.7,75,75,331,Economy
Lithuania,75,8.8,75,75,331,Economy
Lithuania,75,8.9,75,75,332,Economy
Lithuania,75,9,75,75,332,Economy
Lithuania,78,9.1,78,78,346,Economy
Lithuania,78,9.2,78,78,346,Economy
Lithuania,78,9.3,78,78,346,Economy
Lithuania,78,9.4,78,78,346,Economy
Lithuania,78,9.5,78,78,347,Economy
Lithuania,83,9.6,83,83,355,Economy
Lithuania,83,9.7,83,83,356,Economy
Lithuania,83,9.8,83,83,356,Economy
Lithuania,83,9.9,83,83,356,Economy
Lithuania,83,10,83,83,356,Economy
Luxembourg,21,0.1,21,21,30,Economy
Luxembourg,21,0.2,21,21,30,Economy
Luxembourg,21,0.3,21,21,31,Economy
Luxembourg,21,0.4,21,21,31,Economy
Luxembourg,21,0.5,21,21,31,Economy
Luxembourg,23,0.6,23,23,35,Economy
Luxembourg,23,0.7,23,23,35,Economy
Luxembourg,24,0.8,24,24,36,Economy
Luxembourg,24,0.9,24,24,36,Economy
Luxembourg,24,1,24,24,36,Economy
Luxembourg,25,1.1,25,25,40,Economy
Luxembourg,25,1.2,25,25,41,Economy
Luxembourg,26,1.3,26,26,41,Economy
Luxembourg,26,1.4,26,26,41,Economy
Luxembourg,26,1.5,26,26,41,Economy
Luxembourg,28,1.6,28,28,47,Economy
Luxembourg,28,1.7,28,28,47,Economy
Luxembourg,30,1.8,30,30,47,Economy
Luxembourg,30,1.9,30,30,47,Economy
Luxembourg,30,2,30,30,47,Economy
Luxembourg,33,2.1,33,33,53,Economy
Luxembourg,33,2.2,33,33,54,Economy
Luxembourg,33,2.3,33,33,54,Economy
Luxembourg,33,2.4,33,33,54,Economy
Luxembourg,33,2.5,33,33,54,Economy
Luxembourg,36,2.6,36,36,58,Economy
Luxembourg,36,2.7,36,36,58,Economy
Luxembourg,36,2.8,36,36,58,Economy
Luxembourg,36,2.9,36,36,58,Economy
Luxembourg,36,3,36,36,59,Economy
Luxembourg,38,3.1,38,38,64,Economy
Luxembourg,38,3.2,38,38,64,Economy
Luxembourg,38,3.3,38,38,64,Economy
Luxembourg,38,3.4,38,38,65,Economy
Luxembourg,38,3.5,38,38,65,Economy
Luxembourg,41,3.6,41,41,70,Economy
Luxembourg,41,3.7,41,41,70,Economy
Luxembourg,41,3.8,41,41,70,Economy
Luxembourg,41,3.9,41,41,70,Economy
Luxembourg,41,4,41,41,70,Economy
Luxembourg,44,4.1,44,44,76,Economy
Luxembourg,44,4.2,44,44,76,Economy
Luxembourg,44,4.3,44,44,76,Economy
Luxembourg,44,4.4,44,44,76,Economy
Luxembourg,44,4.5,44,44,76,Economy
Luxembourg,47,4.6,47,47,81,Economy
Luxembourg,47,4.7,47,47,81,Economy
Luxembourg,47,4.8,47,47,81,Economy
Luxembourg,47,4.9,47,47,82,Economy
Luxembourg,47,5,47,47,82,Economy
Luxembourg,50,5.1,50,50,126,Economy
Luxembourg,50,5.2,50,50,127,Economy
Luxembourg,50,5.3,50,50,127,Economy
Luxembourg,50,5.4,50,50,127,Economy
Luxembourg,50,5.5,50,50,127,Economy
Luxembourg,53,5.6,53,53,135,Economy
Luxembourg,53,5.7,53,53,135,Economy
Luxembourg,53,5.8,53,53,135,Economy
Luxembourg,53,5.9,53,53,135,Economy
Luxembourg,53,6,53,53,136,Economy
Luxembourg,56,6.1,56,56,144,Economy
Luxembourg,56,6.2,56,56,144,Economy
Luxembourg,56,6.3,56,56,144,Economy
Luxembourg,56,6.4,56,56,144,Economy
Luxembourg,56,6.5,56,56,145,Economy
Luxembourg,60,6.6,60,60,153,Economy
Luxembourg,60,6.7,60,60,153,Economy
Luxembourg,60,6.8,60,60,153,Economy
Luxembourg,60,6.9,60,60,153,Economy
Luxembourg,60,7,60,60,153,Economy
Luxembourg,64,7.1,64,64,162,Economy
Luxembourg,64,7.2,64,64,162,Economy
Luxembourg,64,7.3,64,64,162,Economy
Luxembourg,64,7.4,64,64,162,Economy
Luxembourg,64,7.5,64,64,162,Economy
Luxembourg,67,7.6,67,67,169,Economy
Luxembourg,67,7.7,67,67,170,Economy
Luxembourg,67,7.8,67,67,170,Economy
Luxembourg,67,7.9,67,67,170,Economy
Luxembourg,67,8,67,67,170,Economy
Luxembourg,71,8.1,71,71,177,Economy
Luxembourg,71,8.2,71,71,177,Economy
Luxembourg,71,8.3,71,71,177,Economy
Luxembourg,71,8.4,71,71,177,Economy
Luxembourg,71,8.5,71,71,177,Economy
Luxembourg,75,8.6,75,75,185,Economy
Luxembourg,75,8.7,75,75,185,Economy
Luxembourg,75,8.8,75,75,185,Economy
Luxembourg,75,8.9,75,75,185,Economy
Luxembourg,75,9,75,75,185,Economy
Luxembourg,78,9.1,78,78,192,Economy
Luxembourg,78,9.2,78,78,192,Economy
Luxembourg,78,9.3,78,78,192,Economy
Luxembourg,78,9.4,78,78,193,Economy
Luxembourg,78,9.5,78,78,193,Economy
Luxembourg,83,9.6,83,83,198,Economy
Luxembourg,83,9.7,83,83,199,Economy
Luxembourg,83,9.8,83,83,199,Economy
Luxembourg,83,9.9,83,83,199,Economy
Luxembourg,83,10,83,83,199,Economy
Macau,14,0.1,14,14,21,Economy
Macau,14,0.2,14,14,21,Economy
Macau,14,0.3,14,14,21,Economy
Macau,14,0.4,14,14,21,Economy
Macau,15,0.5,15,15,21,Economy
Macau,16,0.6,16,16,22,Economy
Macau,16,0.7,16,16,22,Economy
Macau,17,0.8,17,17,22,Economy
Macau,17,0.9,17,17,22,Economy
Macau,17,1,17,17,22,Economy
Macau,19,1.1,19,19,24,Economy
Macau,19,1.2,19,19,24,Economy
Macau,19,1.3,19,19,24,Economy
Macau,19,1.4,19,19,24,Economy
Macau,20,1.5,20,20,24,Economy
Macau,21,1.6,21,21,26,Economy
Macau,21,1.7,21,21,26,Economy
Macau,22,1.8,22,22,26,Economy
Macau,22,1.9,22,22,26,Economy
Macau,22,2,22,22,26,Economy
Macau,24,2.1,24,24,28,Economy
Macau,24,2.2,24,24,28,Economy
Macau,24,2.3,24,24,28,Economy
Macau,24,2.4,24,24,28,Economy
Macau,24,2.5,24,24,28,Economy
Macau,26,2.6,26,26,30,Economy
Macau,26,2.7,26,26,30,Economy
Macau,27,2.8,27,27,30,Economy
Macau,27,2.9,27,27,30,Economy
Macau,27,3,27,27,30,Economy
Macau,28,3.1,28,28,32,Economy
Macau,28,3.2,28,28,32,Economy
Macau,29,3.3,29,29,32,Economy
Macau,29,3.4,29,29,32,Economy
Macau,29,3.5,29,29,32,Economy
Macau,31,3.6,31,31,34,Economy
Macau,31,3.7,31,31,34,Economy
Macau,31,3.8,31,31,34,Economy
Macau,31,3.9,31,31,34,Economy
Macau,32,4,32,32,34,Economy
Macau,33,4.1,33,33,36,Economy
Macau,33,4.2,33,33,36,Economy
Macau,34,4.3,34,34,36,Economy
Macau,34,4.4,34,34,36,Economy
Macau,34,4.5,34,34,36,Economy
Macau,36,4.6,36,36,38,Economy
Macau,36,4.7,36,36,38,Economy
Macau,36,4.8,36,36,38,Economy
Macau,36,4.9,36,36,38,Economy
Macau,37,5,37,37,38,Economy
Macau,38,5.1,38,38,62,Economy
Macau,38,5.2,38,38,62,Economy
Macau,38,5.3,38,38,62,Economy
Macau,39,5.4,39,39,62,Economy
Macau,39,5.5,39,39,62,Economy
Macau,40,5.6,40,40,64,Economy
Macau,41,5.7,41,41,64,Economy
Macau,41,5.8,41,41,64,Economy
Macau,41,5.9,41,41,64,Economy
Macau,41,6,41,41,64,Economy
Macau,43,6.1,43,43,67,Economy
Macau,43,6.2,43,43,67,Economy
Macau,43,6.3,43,43,67,Economy
Macau,44,6.4,44,44,67,Economy
Macau,44,6.5,44,44,67,Economy
Macau,45,6.6,45,45,69,Economy
Macau,46,6.7,46,46,69,Economy
Macau,46,6.8,46,46,69,Economy
Macau,46,6.9,46,46,69,Economy
Macau,46,7,46,46,69,Economy
Macau,48,7.1,48,48,70,Economy
Macau,48,7.2,48,48,70,Economy
Macau,49,7.3,49,49,70,Economy
Macau,49,7.4,49,49,70,Economy
Macau,49,7.5,49,49,70,Economy
Macau,51,7.6,51,51,73,Economy
Macau,51,7.7,51,51,73,Economy
Macau,51,7.8,51,51,73,Economy
Macau,52,7.9,52,52,73,Economy
Macau,52,8,52,52,73,Economy
Macau,53,8.1,53,53,74,Economy
Macau,54,8.2,54,54,74,Economy
Macau,54,8.3,54,54,74,Economy
Macau,54,8.4,54,54,74,Economy
Macau,54,8.5,54,54,74,Economy
Macau,56,8.6,56,56,76,Economy
Macau,56,8.7,56,56,76,Economy
Macau,57,8.8,57,57,76,Economy
Macau,57,8.9,57,57,76,Economy
Macau,57,9,57,57,76,Economy
Macau,59,9.1,59,59,78,Economy
Macau,59,9.2,59,59,78,Economy
Macau,59,9.3,59,59,78,Economy
Macau,60,9.4,60,60,78,Economy
Macau,60,9.5,60,60,78,Economy
Macau,62,9.6,62,62,80,Economy
Macau,62,9.7,62,62,80,Economy
Macau,62,9.8,62,62,80,Economy
Macau,63,9.9,63,63,80,Economy
Macau,63,10,63,63,80,Economy
Madagascar,47,0.1,47,,47,Express
Madagascar,47,0.2,47,,47,Express
Madagascar,47,0.3,47,,47,Express
Madagascar,48,0.4,48,,48,Express
Madagascar,48,0.5,48,,48,Express
Madagascar,58,0.6,58,,58,Express
Madagascar,58,0.7,58,,58,Express
Madagascar,58,0.8,58,,58,Express
Madagascar,58,0.9,58,,58,Express
Madagascar,58,1,58,,58,Express
Madagascar,69,1.1,69,,69,Express
Madagascar,69,1.2,69,,69,Express
Madagascar,69,1.3,69,,69,Express
Madagascar,69,1.4,69,,69,Express
Madagascar,69,1.5,69,,69,Express
Madagascar,78,1.6,78,,78,Express
Madagascar,78,1.7,78,,78,Express
Madagascar,79,1.8,79,,79,Express
Madagascar,79,1.9,79,,79,Express
Madagascar,79,2,79,,79,Express
Madagascar,89,2.1,89,,89,Express
Madagascar,89,2.2,89,,89,Express
Madagascar,89,2.3,89,,89,Express
Madagascar,89,2.4,89,,89,Express
Madagascar,89,2.5,89,,89,Express
Madagascar,99,2.6,99,,99,Express
Madagascar,100,2.7,100,,100,Express
Madagascar,100,2.8,100,,100,Express
Madagascar,100,2.9,100,,100,Express
Madagascar,100,3,100,,100,Express
Madagascar,110,3.1,110,,110,Express
Madagascar,110,3.2,110,,110,Express
Madagascar,110,3.3,110,,110,Express
Madagascar,110,3.4,110,,110,Express
Madagascar,111,3.5,111,,111,Express
Madagascar,120,3.6,120,,120,Express
Madagascar,120,3.7,120,,120,Express
Madagascar,120,3.8,120,,120,Express
Madagascar,120,3.9,120,,120,Express
Madagascar,120,4,120,,120,Express
Madagascar,130,4.1,130,,130,Express
Madagascar,131,4.2,131,,131,Express
Madagascar,131,4.3,131,,131,Express
Madagascar,131,4.4,131,,131,Express
Madagascar,131,4.5,131,,131,Express
Madagascar,140,4.6,140,,140,Express
Madagascar,140,4.7,140,,140,Express
Madagascar,141,4.8,141,,141,Express
Madagascar,141,4.9,141,,141,Express
Madagascar,141,5,141,,141,Express
Madagascar,293,5.1,293,,293,Express
Madagascar,293,5.2,293,,293,Express
Madagascar,293,5.3,293,,293,Express
Madagascar,293,5.4,293,,293,Express
Madagascar,294,5.5,294,,294,Express
Madagascar,311,5.6,311,,311,Express
Madagascar,311,5.7,311,,311,Express
Madagascar,312,5.8,312,,312,Express
Madagascar,312,5.9,312,,312,Express
Madagascar,312,6,312,,312,Express
Madagascar,330,6.1,330,,330,Express
Madagascar,330,6.2,330,,330,Express
Madagascar,330,6.3,330,,330,Express
Madagascar,330,6.4,330,,330,Express
Madagascar,331,6.5,331,,331,Express
Madagascar,348,6.6,348,,348,Express
Madagascar,348,6.7,348,,348,Express
Madagascar,348,6.8,348,,348,Express
Madagascar,348,6.9,348,,348,Express
Madagascar,349,7,349,,349,Express
Madagascar,366,7.1,366,,366,Express
Madagascar,367,7.2,367,,367,Express
Madagascar,367,7.3,367,,367,Express
Madagascar,367,7.4,367,,367,Express
Madagascar,367,7.5,367,,367,Express
Madagascar,383,7.6,383,,383,Express
Madagascar,383,7.7,383,,383,Express
Madagascar,383,7.8,383,,383,Express
Madagascar,383,7.9,383,,383,Express
Madagascar,384,8,384,,384,Express
Madagascar,399,8.1,399,,399,Express
Madagascar,400,8.2,400,,400,Express
Madagascar,400,8.3,400,,400,Express
Madagascar,400,8.4,400,,400,Express
Madagascar,400,8.5,400,,400,Express
Madagascar,416,8.6,416,,416,Express
Madagascar,416,8.7,416,,416,Express
Madagascar,416,8.8,416,,416,Express
Madagascar,417,8.9,417,,417,Express
Madagascar,417,9,417,,417,Express
Madagascar,433,9.1,433,,433,Express
Madagascar,433,9.2,433,,433,Express
Madagascar,433,9.3,433,,433,Express
Madagascar,433,9.4,433,,433,Express
Madagascar,433,9.5,433,,433,Express
Madagascar,453,9.6,453,,453,Express
Madagascar,453,9.7,453,,453,Express
Madagascar,454,9.8,454,,454,Express
Madagascar,454,9.9,454,,454,Express
Madagascar,454,10,454,,454,Express
Malawi,47,0.1,47,,47,Express
Malawi,47,0.2,47,,47,Express
Malawi,47,0.3,47,,47,Express
Malawi,48,0.4,48,,48,Express
Malawi,48,0.5,48,,48,Express
Malawi,58,0.6,58,,58,Express
Malawi,58,0.7,58,,58,Express
Malawi,58,0.8,58,,58,Express
Malawi,58,0.9,58,,58,Express
Malawi,58,1,58,,58,Express
Malawi,69,1.1,69,,69,Express
Malawi,69,1.2,69,,69,Express
Malawi,69,1.3,69,,69,Express
Malawi,69,1.4,69,,69,Express
Malawi,69,1.5,69,,69,Express
Malawi,78,1.6,78,,78,Express
Malawi,78,1.7,78,,78,Express
Malawi,79,1.8,79,,79,Express
Malawi,79,1.9,79,,79,Express
Malawi,79,2,79,,79,Express
Malawi,89,2.1,89,,89,Express
Malawi,89,2.2,89,,89,Express
Malawi,89,2.3,89,,89,Express
Malawi,89,2.4,89,,89,Express
Malawi,89,2.5,89,,89,Express
Malawi,99,2.6,99,,99,Express
Malawi,100,2.7,100,,100,Express
Malawi,100,2.8,100,,100,Express
Malawi,100,2.9,100,,100,Express
Malawi,100,3,100,,100,Express
Malawi,110,3.1,110,,110,Express
Malawi,110,3.2,110,,110,Express
Malawi,110,3.3,110,,110,Express
Malawi,110,3.4,110,,110,Express
Malawi,111,3.5,111,,111,Express
Malawi,120,3.6,120,,120,Express
Malawi,120,3.7,120,,120,Express
Malawi,120,3.8,120,,120,Express
Malawi,120,3.9,120,,120,Express
Malawi,120,4,120,,120,Express
Malawi,130,4.1,130,,130,Express
Malawi,131,4.2,131,,131,Express
Malawi,131,4.3,131,,131,Express
Malawi,131,4.4,131,,131,Express
Malawi,131,4.5,131,,131,Express
Malawi,140,4.6,140,,140,Express
Malawi,140,4.7,140,,140,Express
Malawi,141,4.8,141,,141,Express
Malawi,141,4.9,141,,141,Express
Malawi,141,5,141,,141,Express
Malawi,293,5.1,293,,293,Express
Malawi,293,5.2,293,,293,Express
Malawi,293,5.3,293,,293,Express
Malawi,293,5.4,293,,293,Express
Malawi,294,5.5,294,,294,Express
Malawi,311,5.6,311,,311,Express
Malawi,311,5.7,311,,311,Express
Malawi,312,5.8,312,,312,Express
Malawi,312,5.9,312,,312,Express
Malawi,312,6,312,,312,Express
Malawi,330,6.1,330,,330,Express
Malawi,330,6.2,330,,330,Express
Malawi,330,6.3,330,,330,Express
Malawi,330,6.4,330,,330,Express
Malawi,331,6.5,331,,331,Express
Malawi,348,6.6,348,,348,Express
Malawi,348,6.7,348,,348,Express
Malawi,348,6.8,348,,348,Express
Malawi,348,6.9,348,,348,Express
Malawi,349,7,349,,349,Express
Malawi,366,7.1,366,,366,Express
Malawi,367,7.2,367,,367,Express
Malawi,367,7.3,367,,367,Express
Malawi,367,7.4,367,,367,Express
Malawi,367,7.5,367,,367,Express
Malawi,383,7.6,383,,383,Express
Malawi,383,7.7,383,,383,Express
Malawi,383,7.8,383,,383,Express
Malawi,383,7.9,383,,383,Express
Malawi,384,8,384,,384,Express
Malawi,399,8.1,399,,399,Express
Malawi,400,8.2,400,,400,Express
Malawi,400,8.3,400,,400,Express
Malawi,400,8.4,400,,400,Express
Malawi,400,8.5,400,,400,Express
Malawi,416,8.6,416,,416,Express
Malawi,416,8.7,416,,416,Express
Malawi,416,8.8,416,,416,Express
Malawi,417,8.9,417,,417,Express
Malawi,417,9,417,,417,Express
Malawi,433,9.1,433,,433,Express
Malawi,433,9.2,433,,433,Express
Malawi,433,9.3,433,,433,Express
Malawi,433,9.4,433,,433,Express
Malawi,433,9.5,433,,433,Express
Malawi,453,9.6,453,,453,Express
Malawi,453,9.7,453,,453,Express
Malawi,454,9.8,454,,454,Express
Malawi,454,9.9,454,,454,Express
Malawi,454,10,454,,454,Express
Malaysia,4,0.1,4,11,25,Standard
Malaysia,4,0.2,4,11,25,Standard
Malaysia,5,0.3,5,11,25,Standard
Malaysia,6,0.4,6,11,25,Standard
Malaysia,7,0.5,7,11,25,Standard
Malaysia,8,0.6,8,12,27,Standard
Malaysia,9,0.7,9,12,27,Standard
Malaysia,10,0.8,10,13,27,Standard
Malaysia,11,0.9,11,13,27,Standard
Malaysia,12,1,12,13,27,Standard
Malaysia,12,1.1,12,13,29,Standard
Malaysia,13,1.2,13,13,29,Standard
Malaysia,14,1.3,14,14,29,Standard
Malaysia,14,1.4,14,14,29,Standard
Malaysia,14,1.5,14,14,29,Standard
Malaysia,15,1.6,15,15,30,Standard
Malaysia,15,1.7,15,15,30,Standard
Malaysia,15,1.8,15,15,30,Standard
Malaysia,15,1.9,15,15,30,Standard
Malaysia,15,2,15,15,30,Standard
Malaysia,16,2.1,16,16,32,Standard
Malaysia,16,2.2,16,16,32,Standard
Malaysia,16,2.3,16,16,32,Standard
Malaysia,16,2.4,16,16,32,Standard
Malaysia,16,2.5,16,16,32,Standard
Malaysia,17,2.6,17,17,34,Standard
Malaysia,17,2.7,17,17,34,Standard
Malaysia,17,2.8,17,17,34,Standard
Malaysia,17,2.9,17,17,34,Standard
Malaysia,17,3,17,17,34,Standard
Malaysia,18,3.1,18,18,36,Standard
Malaysia,18,3.2,18,18,36,Standard
Malaysia,18,3.3,18,18,36,Standard
Malaysia,18,3.4,18,18,36,Standard
Malaysia,18,3.5,18,18,36,Standard
Malaysia,20,3.6,20,20,38,Standard
Malaysia,20,3.7,20,20,38,Standard
Malaysia,20,3.8,20,20,38,Standard
Malaysia,20,3.9,20,20,38,Standard
Malaysia,20,4,20,20,38,Standard
Malaysia,22,4.1,22,22,41,Standard
Malaysia,22,4.2,22,22,41,Standard
Malaysia,22,4.3,22,22,41,Standard
Malaysia,22,4.4,22,22,41,Standard
Malaysia,22,4.5,22,22,41,Standard
Malaysia,24,4.6,24,24,43,Standard
Malaysia,24,4.7,24,24,43,Standard
Malaysia,24,4.8,24,24,43,Standard
Malaysia,24,4.9,24,24,43,Standard
Malaysia,24,5,24,24,43,Standard
Malaysia,26,5.1,26,26,78,Standard
Malaysia,26,5.2,26,26,78,Standard
Malaysia,26,5.3,26,26,78,Standard
Malaysia,26,5.4,26,26,78,Standard
Malaysia,26,5.5,26,26,78,Standard
Malaysia,28,5.6,28,28,82,Standard
Malaysia,28,5.7,28,28,82,Standard
Malaysia,28,5.8,28,28,82,Standard
Malaysia,28,5.9,28,28,82,Standard
Malaysia,28,6,28,28,82,Standard
Malaysia,30,6.1,30,30,86,Standard
Malaysia,30,6.2,30,30,86,Standard
Malaysia,30,6.3,30,30,86,Standard
Malaysia,30,6.4,30,30,86,Standard
Malaysia,30,6.5,30,30,86,Standard
Malaysia,31,6.6,31,31,90,Standard
Malaysia,31,6.7,31,31,90,Standard
Malaysia,31,6.8,31,31,90,Standard
Malaysia,31,6.9,31,31,90,Standard
Malaysia,31,7,31,31,90,Standard
Malaysia,33,7.1,33,33,93,Standard
Malaysia,33,7.2,33,33,93,Standard
Malaysia,33,7.3,33,33,93,Standard
Malaysia,33,7.4,33,33,93,Standard
Malaysia,33,7.5,33,33,93,Standard
Malaysia,35,7.6,35,35,97,Standard
Malaysia,35,7.7,35,35,97,Standard
Malaysia,35,7.8,35,35,97,Standard
Malaysia,35,7.9,35,35,97,Standard
Malaysia,35,8,35,35,97,Standard
Malaysia,37,8.1,37,37,100,Standard
Malaysia,37,8.2,37,37,100,Standard
Malaysia,37,8.3,37,37,100,Standard
Malaysia,37,8.4,37,37,100,Standard
Malaysia,37,8.5,37,37,100,Standard
Malaysia,38,8.6,38,38,104,Standard
Malaysia,38,8.7,38,38,104,Standard
Malaysia,38,8.8,38,38,104,Standard
Malaysia,38,8.9,38,38,104,Standard
Malaysia,38,9,38,38,104,Standard
Malaysia,40,9.1,40,40,107,Standard
Malaysia,40,9.2,40,40,107,Standard
Malaysia,40,9.3,40,40,107,Standard
Malaysia,40,9.4,40,40,107,Standard
Malaysia,40,9.5,40,40,107,Standard
Malaysia,42,9.6,42,42,111,Standard
Malaysia,42,9.7,42,42,111,Standard
Malaysia,42,9.8,42,42,111,Standard
Malaysia,42,9.9,42,42,111,Standard
Malaysia,42,10,42,42,111,Standard
Maldives,47,0.1,47,,47,Express
Maldives,47,0.2,47,,47,Express
Maldives,47,0.3,47,,47,Express
Maldives,48,0.4,48,,48,Express
Maldives,48,0.5,48,,48,Express
Maldives,58,0.6,58,,58,Express
Maldives,58,0.7,58,,58,Express
Maldives,58,0.8,58,,58,Express
Maldives,58,0.9,58,,58,Express
Maldives,58,1,58,,58,Express
Maldives,69,1.1,69,,69,Express
Maldives,69,1.2,69,,69,Express
Maldives,69,1.3,69,,69,Express
Maldives,69,1.4,69,,69,Express
Maldives,69,1.5,69,,69,Express
Maldives,78,1.6,78,,78,Express
Maldives,78,1.7,78,,78,Express
Maldives,79,1.8,79,,79,Express
Maldives,79,1.9,79,,79,Express
Maldives,79,2,79,,79,Express
Maldives,89,2.1,89,,89,Express
Maldives,89,2.2,89,,89,Express
Maldives,89,2.3,89,,89,Express
Maldives,89,2.4,89,,89,Express
Maldives,89,2.5,89,,89,Express
Maldives,99,2.6,99,,99,Express
Maldives,100,2.7,100,,100,Express
Maldives,100,2.8,100,,100,Express
Maldives,100,2.9,100,,100,Express
Maldives,100,3,100,,100,Express
Maldives,110,3.1,110,,110,Express
Maldives,110,3.2,110,,110,Express
Maldives,110,3.3,110,,110,Express
Maldives,110,3.4,110,,110,Express
Maldives,111,3.5,111,,111,Express
Maldives,120,3.6,120,,120,Express
Maldives,120,3.7,120,,120,Express
Maldives,120,3.8,120,,120,Express
Maldives,120,3.9,120,,120,Express
Maldives,120,4,120,,120,Express
Maldives,130,4.1,130,,130,Express
Maldives,131,4.2,131,,131,Express
Maldives,131,4.3,131,,131,Express
Maldives,131,4.4,131,,131,Express
Maldives,131,4.5,131,,131,Express
Maldives,140,4.6,140,,140,Express
Maldives,140,4.7,140,,140,Express
Maldives,141,4.8,141,,141,Express
Maldives,141,4.9,141,,141,Express
Maldives,141,5,141,,141,Express
Maldives,293,5.1,293,,293,Express
Maldives,293,5.2,293,,293,Express
Maldives,293,5.3,293,,293,Express
Maldives,293,5.4,293,,293,Express
Maldives,294,5.5,294,,294,Express
Maldives,311,5.6,311,,311,Express
Maldives,311,5.7,311,,311,Express
Maldives,312,5.8,312,,312,Express
Maldives,312,5.9,312,,312,Express
Maldives,312,6,312,,312,Express
Maldives,330,6.1,330,,330,Express
Maldives,330,6.2,330,,330,Express
Maldives,330,6.3,330,,330,Express
Maldives,330,6.4,330,,330,Express
Maldives,331,6.5,331,,331,Express
Maldives,348,6.6,348,,348,Express
Maldives,348,6.7,348,,348,Express
Maldives,348,6.8,348,,348,Express
Maldives,348,6.9,348,,348,Express
Maldives,349,7,349,,349,Express
Maldives,366,7.1,366,,366,Express
Maldives,367,7.2,367,,367,Express
Maldives,367,7.3,367,,367,Express
Maldives,367,7.4,367,,367,Express
Maldives,367,7.5,367,,367,Express
Maldives,383,7.6,383,,383,Express
Maldives,383,7.7,383,,383,Express
Maldives,383,7.8,383,,383,Express
Maldives,383,7.9,383,,383,Express
Maldives,384,8,384,,384,Express
Maldives,399,8.1,399,,399,Express
Maldives,400,8.2,400,,400,Express
Maldives,400,8.3,400,,400,Express
Maldives,400,8.4,400,,400,Express
Maldives,400,8.5,400,,400,Express
Maldives,416,8.6,416,,416,Express
Maldives,416,8.7,416,,416,Express
Maldives,416,8.8,416,,416,Express
Maldives,417,8.9,417,,417,Express
Maldives,417,9,417,,417,Express
Maldives,433,9.1,433,,433,Express
Maldives,433,9.2,433,,433,Express
Maldives,433,9.3,433,,433,Express
Maldives,433,9.4,433,,433,Express
Maldives,433,9.5,433,,433,Express
Maldives,453,9.6,453,,453,Express
Maldives,453,9.7,453,,453,Express
Maldives,454,9.8,454,,454,Express
Maldives,454,9.9,454,,454,Express
Maldives,454,10,454,,454,Express
Mali,47,0.1,47,,47,Express
Mali,47,0.2,47,,47,Express
Mali,47,0.3,47,,47,Express
Mali,48,0.4,48,,48,Express
Mali,48,0.5,48,,48,Express
Mali,58,0.6,58,,58,Express
Mali,58,0.7,58,,58,Express
Mali,58,0.8,58,,58,Express
Mali,58,0.9,58,,58,Express
Mali,58,1,58,,58,Express
Mali,69,1.1,69,,69,Express
Mali,69,1.2,69,,69,Express
Mali,69,1.3,69,,69,Express
Mali,69,1.4,69,,69,Express
Mali,69,1.5,69,,69,Express
Mali,78,1.6,78,,78,Express
Mali,78,1.7,78,,78,Express
Mali,79,1.8,79,,79,Express
Mali,79,1.9,79,,79,Express
Mali,79,2,79,,79,Express
Mali,89,2.1,89,,89,Express
Mali,89,2.2,89,,89,Express
Mali,89,2.3,89,,89,Express
Mali,89,2.4,89,,89,Express
Mali,89,2.5,89,,89,Express
Mali,99,2.6,99,,99,Express
Mali,100,2.7,100,,100,Express
Mali,100,2.8,100,,100,Express
Mali,100,2.9,100,,100,Express
Mali,100,3,100,,100,Express
Mali,110,3.1,110,,110,Express
Mali,110,3.2,110,,110,Express
Mali,110,3.3,110,,110,Express
Mali,110,3.4,110,,110,Express
Mali,111,3.5,111,,111,Express
Mali,120,3.6,120,,120,Express
Mali,120,3.7,120,,120,Express
Mali,120,3.8,120,,120,Express
Mali,120,3.9,120,,120,Express
Mali,120,4,120,,120,Express
Mali,130,4.1,130,,130,Express
Mali,131,4.2,131,,131,Express
Mali,131,4.3,131,,131,Express
Mali,131,4.4,131,,131,Express
Mali,131,4.5,131,,131,Express
Mali,140,4.6,140,,140,Express
Mali,140,4.7,140,,140,Express
Mali,141,4.8,141,,141,Express
Mali,141,4.9,141,,141,Express
Mali,141,5,141,,141,Express
Mali,293,5.1,293,,293,Express
Mali,293,5.2,293,,293,Express
Mali,293,5.3,293,,293,Express
Mali,293,5.4,293,,293,Express
Mali,294,5.5,294,,294,Express
Mali,311,5.6,311,,311,Express
Mali,311,5.7,311,,311,Express
Mali,312,5.8,312,,312,Express
Mali,312,5.9,312,,312,Express
Mali,312,6,312,,312,Express
Mali,330,6.1,330,,330,Express
Mali,330,6.2,330,,330,Express
Mali,330,6.3,330,,330,Express
Mali,330,6.4,330,,330,Express
Mali,331,6.5,331,,331,Express
Mali,348,6.6,348,,348,Express
Mali,348,6.7,348,,348,Express
Mali,348,6.8,348,,348,Express
Mali,348,6.9,348,,348,Express
Mali,349,7,349,,349,Express
Mali,366,7.1,366,,366,Express
Mali,367,7.2,367,,367,Express
Mali,367,7.3,367,,367,Express
Mali,367,7.4,367,,367,Express
Mali,367,7.5,367,,367,Express
Mali,383,7.6,383,,383,Express
Mali,383,7.7,383,,383,Express
Mali,383,7.8,383,,383,Express
Mali,383,7.9,383,,383,Express
Mali,384,8,384,,384,Express
Mali,399,8.1,399,,399,Express
Mali,400,8.2,400,,400,Express
Mali,400,8.3,400,,400,Express
Mali,400,8.4,400,,400,Express
Mali,400,8.5,400,,400,Express
Mali,416,8.6,416,,416,Express
Mali,416,8.7,416,,416,Express
Mali,416,8.8,416,,416,Express
Mali,417,8.9,417,,417,Express
Mali,417,9,417,,417,Express
Mali,433,9.1,433,,433,Express
Mali,433,9.2,433,,433,Express
Mali,433,9.3,433,,433,Express
Mali,433,9.4,433,,433,Express
Mali,433,9.5,433,,433,Express
Mali,453,9.6,453,,453,Express
Mali,453,9.7,453,,453,Express
Mali,454,9.8,454,,454,Express
Mali,454,9.9,454,,454,Express
Mali,454,10,454,,454,Express
Malta,32,0.1,32,,32,Express
Malta,32,0.2,32,,32,Express
Malta,33,0.3,33,,33,Express
Malta,33,0.4,33,,33,Express
Malta,33,0.5,33,,33,Express
Malta,45,0.6,45,,45,Express
Malta,45,0.7,45,,45,Express
Malta,46,0.8,46,,46,Express
Malta,46,0.9,46,,46,Express
Malta,46,1,46,,46,Express
Malta,54,1.1,54,,54,Express
Malta,54,1.2,54,,54,Express
Malta,54,1.3,54,,54,Express
Malta,54,1.4,54,,54,Express
Malta,54,1.5,54,,54,Express
Malta,62,1.6,62,,62,Express
Malta,62,1.7,62,,62,Express
Malta,62,1.8,62,,62,Express
Malta,62,1.9,62,,62,Express
Malta,62,2,62,,62,Express
Malta,70,2.1,70,,70,Express
Malta,70,2.2,70,,70,Express
Malta,70,2.3,70,,70,Express
Malta,70,2.4,70,,70,Express
Malta,70,2.5,70,,70,Express
Malta,74,2.6,74,,74,Express
Malta,74,2.7,74,,74,Express
Malta,75,2.8,75,,75,Express
Malta,75,2.9,75,,75,Express
Malta,75,3,75,,75,Express
Malta,82,3.1,82,,82,Express
Malta,82,3.2,82,,82,Express
Malta,82,3.3,82,,82,Express
Malta,83,3.4,83,,83,Express
Malta,83,3.5,83,,83,Express
Malta,90,3.6,90,,90,Express
Malta,91,3.7,91,,91,Express
Malta,91,3.8,91,,91,Express
Malta,91,3.9,91,,91,Express
Malta,91,4,91,,91,Express
Malta,98,4.1,98,,98,Express
Malta,98,4.2,98,,98,Express
Malta,98,4.3,98,,98,Express
Malta,98,4.4,98,,98,Express
Malta,99,4.5,99,,99,Express
Malta,108,4.6,108,,108,Express
Malta,108,4.7,108,,108,Express
Malta,108,4.8,108,,108,Express
Malta,108,4.9,108,,108,Express
Malta,109,5,109,,109,Express
Malta,223,5.1,223,,223,Express
Malta,223,5.2,223,,223,Express
Malta,223,5.3,223,,223,Express
Malta,224,5.4,224,,224,Express
Malta,224,5.5,224,,224,Express
Malta,239,5.6,239,,239,Express
Malta,239,5.7,239,,239,Express
Malta,239,5.8,239,,239,Express
Malta,239,5.9,239,,239,Express
Malta,239,6,239,,239,Express
Malta,255,6.1,255,,255,Express
Malta,255,6.2,255,,255,Express
Malta,255,6.3,255,,255,Express
Malta,255,6.4,255,,255,Express
Malta,255,6.5,255,,255,Express
Malta,270,6.6,270,,270,Express
Malta,271,6.7,271,,271,Express
Malta,271,6.8,271,,271,Express
Malta,271,6.9,271,,271,Express
Malta,271,7,271,,271,Express
Malta,286,7.1,286,,286,Express
Malta,286,7.2,286,,286,Express
Malta,287,7.3,287,,287,Express
Malta,287,7.4,287,,287,Express
Malta,287,7.5,287,,287,Express
Malta,301,7.6,301,,301,Express
Malta,301,7.7,301,,301,Express
Malta,301,7.8,301,,301,Express
Malta,302,7.9,302,,302,Express
Malta,302,8,302,,302,Express
Malta,316,8.1,316,,316,Express
Malta,316,8.2,316,,316,Express
Malta,316,8.3,316,,316,Express
Malta,317,8.4,317,,317,Express
Malta,317,8.5,317,,317,Express
Malta,331,8.6,331,,331,Express
Malta,331,8.7,331,,331,Express
Malta,331,8.8,331,,331,Express
Malta,332,8.9,332,,332,Express
Malta,332,9,332,,332,Express
Malta,346,9.1,346,,346,Express
Malta,346,9.2,346,,346,Express
Malta,346,9.3,346,,346,Express
Malta,346,9.4,346,,346,Express
Malta,347,9.5,347,,347,Express
Malta,355,9.6,355,,355,Express
Malta,356,9.7,356,,356,Express
Malta,356,9.8,356,,356,Express
Malta,356,9.9,356,,356,Express
Malta,356,10,356,,356,Express
Marshall Islands,47,0.1,47,,47,Express
Marshall Islands,47,0.2,47,,47,Express
Marshall Islands,47,0.3,47,,47,Express
Marshall Islands,48,0.4,48,,48,Express
Marshall Islands,48,0.5,48,,48,Express
Marshall Islands,58,0.6,58,,58,Express
Marshall Islands,58,0.7,58,,58,Express
Marshall Islands,58,0.8,58,,58,Express
Marshall Islands,58,0.9,58,,58,Express
Marshall Islands,58,1,58,,58,Express
Marshall Islands,69,1.1,69,,69,Express
Marshall Islands,69,1.2,69,,69,Express
Marshall Islands,69,1.3,69,,69,Express
Marshall Islands,69,1.4,69,,69,Express
Marshall Islands,69,1.5,69,,69,Express
Marshall Islands,78,1.6,78,,78,Express
Marshall Islands,78,1.7,78,,78,Express
Marshall Islands,79,1.8,79,,79,Express
Marshall Islands,79,1.9,79,,79,Express
Marshall Islands,79,2,79,,79,Express
Marshall Islands,89,2.1,89,,89,Express
Marshall Islands,89,2.2,89,,89,Express
Marshall Islands,89,2.3,89,,89,Express
Marshall Islands,89,2.4,89,,89,Express
Marshall Islands,89,2.5,89,,89,Express
Marshall Islands,99,2.6,99,,99,Express
Marshall Islands,100,2.7,100,,100,Express
Marshall Islands,100,2.8,100,,100,Express
Marshall Islands,100,2.9,100,,100,Express
Marshall Islands,100,3,100,,100,Express
Marshall Islands,110,3.1,110,,110,Express
Marshall Islands,110,3.2,110,,110,Express
Marshall Islands,110,3.3,110,,110,Express
Marshall Islands,110,3.4,110,,110,Express
Marshall Islands,111,3.5,111,,111,Express
Marshall Islands,120,3.6,120,,120,Express
Marshall Islands,120,3.7,120,,120,Express
Marshall Islands,120,3.8,120,,120,Express
Marshall Islands,120,3.9,120,,120,Express
Marshall Islands,120,4,120,,120,Express
Marshall Islands,130,4.1,130,,130,Express
Marshall Islands,131,4.2,131,,131,Express
Marshall Islands,131,4.3,131,,131,Express
Marshall Islands,131,4.4,131,,131,Express
Marshall Islands,131,4.5,131,,131,Express
Marshall Islands,140,4.6,140,,140,Express
Marshall Islands,140,4.7,140,,140,Express
Marshall Islands,141,4.8,141,,141,Express
Marshall Islands,141,4.9,141,,141,Express
Marshall Islands,141,5,141,,141,Express
Marshall Islands,293,5.1,293,,293,Express
Marshall Islands,293,5.2,293,,293,Express
Marshall Islands,293,5.3,293,,293,Express
Marshall Islands,293,5.4,293,,293,Express
Marshall Islands,294,5.5,294,,294,Express
Marshall Islands,311,5.6,311,,311,Express
Marshall Islands,311,5.7,311,,311,Express
Marshall Islands,312,5.8,312,,312,Express
Marshall Islands,312,5.9,312,,312,Express
Marshall Islands,312,6,312,,312,Express
Marshall Islands,330,6.1,330,,330,Express
Marshall Islands,330,6.2,330,,330,Express
Marshall Islands,330,6.3,330,,330,Express
Marshall Islands,330,6.4,330,,330,Express
Marshall Islands,331,6.5,331,,331,Express
Marshall Islands,348,6.6,348,,348,Express
Marshall Islands,348,6.7,348,,348,Express
Marshall Islands,348,6.8,348,,348,Express
Marshall Islands,348,6.9,348,,348,Express
Marshall Islands,349,7,349,,349,Express
Marshall Islands,366,7.1,366,,366,Express
Marshall Islands,367,7.2,367,,367,Express
Marshall Islands,367,7.3,367,,367,Express
Marshall Islands,367,7.4,367,,367,Express
Marshall Islands,367,7.5,367,,367,Express
Marshall Islands,383,7.6,383,,383,Express
Marshall Islands,383,7.7,383,,383,Express
Marshall Islands,383,7.8,383,,383,Express
Marshall Islands,383,7.9,383,,383,Express
Marshall Islands,384,8,384,,384,Express
Marshall Islands,399,8.1,399,,399,Express
Marshall Islands,400,8.2,400,,400,Express
Marshall Islands,400,8.3,400,,400,Express
Marshall Islands,400,8.4,400,,400,Express
Marshall Islands,400,8.5,400,,400,Express
Marshall Islands,416,8.6,416,,416,Express
Marshall Islands,416,8.7,416,,416,Express
Marshall Islands,416,8.8,416,,416,Express
Marshall Islands,417,8.9,417,,417,Express
Marshall Islands,417,9,417,,417,Express
Marshall Islands,433,9.1,433,,433,Express
Marshall Islands,433,9.2,433,,433,Express
Marshall Islands,433,9.3,433,,433,Express
Marshall Islands,433,9.4,433,,433,Express
Marshall Islands,433,9.5,433,,433,Express
Marshall Islands,453,9.6,453,,453,Express
Marshall Islands,453,9.7,453,,453,Express
Marshall Islands,454,9.8,454,,454,Express
Marshall Islands,454,9.9,454,,454,Express
Marshall Islands,454,10,454,,454,Express
Martinique,47,0.1,47,,47,Express
Martinique,47,0.2,47,,47,Express
Martinique,47,0.3,47,,47,Express
Martinique,48,0.4,48,,48,Express
Martinique,48,0.5,48,,48,Express
Martinique,58,0.6,58,,58,Express
Martinique,58,0.7,58,,58,Express
Martinique,58,0.8,58,,58,Express
Martinique,58,0.9,58,,58,Express
Martinique,58,1,58,,58,Express
Martinique,69,1.1,69,,69,Express
Martinique,69,1.2,69,,69,Express
Martinique,69,1.3,69,,69,Express
Martinique,69,1.4,69,,69,Express
Martinique,69,1.5,69,,69,Express
Martinique,78,1.6,78,,78,Express
Martinique,78,1.7,78,,78,Express
Martinique,79,1.8,79,,79,Express
Martinique,79,1.9,79,,79,Express
Martinique,79,2,79,,79,Express
Martinique,89,2.1,89,,89,Express
Martinique,89,2.2,89,,89,Express
Martinique,89,2.3,89,,89,Express
Martinique,89,2.4,89,,89,Express
Martinique,89,2.5,89,,89,Express
Martinique,99,2.6,99,,99,Express
Martinique,100,2.7,100,,100,Express
Martinique,100,2.8,100,,100,Express
Martinique,100,2.9,100,,100,Express
Martinique,100,3,100,,100,Express
Martinique,110,3.1,110,,110,Express
Martinique,110,3.2,110,,110,Express
Martinique,110,3.3,110,,110,Express
Martinique,110,3.4,110,,110,Express
Martinique,111,3.5,111,,111,Express
Martinique,120,3.6,120,,120,Express
Martinique,120,3.7,120,,120,Express
Martinique,120,3.8,120,,120,Express
Martinique,120,3.9,120,,120,Express
Martinique,120,4,120,,120,Express
Martinique,130,4.1,130,,130,Express
Martinique,131,4.2,131,,131,Express
Martinique,131,4.3,131,,131,Express
Martinique,131,4.4,131,,131,Express
Martinique,131,4.5,131,,131,Express
Martinique,140,4.6,140,,140,Express
Martinique,140,4.7,140,,140,Express
Martinique,141,4.8,141,,141,Express
Martinique,141,4.9,141,,141,Express
Martinique,141,5,141,,141,Express
Martinique,293,5.1,293,,293,Express
Martinique,293,5.2,293,,293,Express
Martinique,293,5.3,293,,293,Express
Martinique,293,5.4,293,,293,Express
Martinique,294,5.5,294,,294,Express
Martinique,311,5.6,311,,311,Express
Martinique,311,5.7,311,,311,Express
Martinique,312,5.8,312,,312,Express
Martinique,312,5.9,312,,312,Express
Martinique,312,6,312,,312,Express
Martinique,330,6.1,330,,330,Express
Martinique,330,6.2,330,,330,Express
Martinique,330,6.3,330,,330,Express
Martinique,330,6.4,330,,330,Express
Martinique,331,6.5,331,,331,Express
Martinique,348,6.6,348,,348,Express
Martinique,348,6.7,348,,348,Express
Martinique,348,6.8,348,,348,Express
Martinique,348,6.9,348,,348,Express
Martinique,349,7,349,,349,Express
Martinique,366,7.1,366,,366,Express
Martinique,367,7.2,367,,367,Express
Martinique,367,7.3,367,,367,Express
Martinique,367,7.4,367,,367,Express
Martinique,367,7.5,367,,367,Express
Martinique,383,7.6,383,,383,Express
Martinique,383,7.7,383,,383,Express
Martinique,383,7.8,383,,383,Express
Martinique,383,7.9,383,,383,Express
Martinique,384,8,384,,384,Express
Martinique,399,8.1,399,,399,Express
Martinique,400,8.2,400,,400,Express
Martinique,400,8.3,400,,400,Express
Martinique,400,8.4,400,,400,Express
Martinique,400,8.5,400,,400,Express
Martinique,416,8.6,416,,416,Express
Martinique,416,8.7,416,,416,Express
Martinique,416,8.8,416,,416,Express
Martinique,417,8.9,417,,417,Express
Martinique,417,9,417,,417,Express
Martinique,433,9.1,433,,433,Express
Martinique,433,9.2,433,,433,Express
Martinique,433,9.3,433,,433,Express
Martinique,433,9.4,433,,433,Express
Martinique,433,9.5,433,,433,Express
Martinique,453,9.6,453,,453,Express
Martinique,453,9.7,453,,453,Express
Martinique,454,9.8,454,,454,Express
Martinique,454,9.9,454,,454,Express
Martinique,454,10,454,,454,Express
Mauritania,47,0.1,47,,47,Express
Mauritania,47,0.2,47,,47,Express
Mauritania,47,0.3,47,,47,Express
Mauritania,48,0.4,48,,48,Express
Mauritania,48,0.5,48,,48,Express
Mauritania,58,0.6,58,,58,Express
Mauritania,58,0.7,58,,58,Express
Mauritania,58,0.8,58,,58,Express
Mauritania,58,0.9,58,,58,Express
Mauritania,58,1,58,,58,Express
Mauritania,69,1.1,69,,69,Express
Mauritania,69,1.2,69,,69,Express
Mauritania,69,1.3,69,,69,Express
Mauritania,69,1.4,69,,69,Express
Mauritania,69,1.5,69,,69,Express
Mauritania,78,1.6,78,,78,Express
Mauritania,78,1.7,78,,78,Express
Mauritania,79,1.8,79,,79,Express
Mauritania,79,1.9,79,,79,Express
Mauritania,79,2,79,,79,Express
Mauritania,89,2.1,89,,89,Express
Mauritania,89,2.2,89,,89,Express
Mauritania,89,2.3,89,,89,Express
Mauritania,89,2.4,89,,89,Express
Mauritania,89,2.5,89,,89,Express
Mauritania,99,2.6,99,,99,Express
Mauritania,100,2.7,100,,100,Express
Mauritania,100,2.8,100,,100,Express
Mauritania,100,2.9,100,,100,Express
Mauritania,100,3,100,,100,Express
Mauritania,110,3.1,110,,110,Express
Mauritania,110,3.2,110,,110,Express
Mauritania,110,3.3,110,,110,Express
Mauritania,110,3.4,110,,110,Express
Mauritania,111,3.5,111,,111,Express
Mauritania,120,3.6,120,,120,Express
Mauritania,120,3.7,120,,120,Express
Mauritania,120,3.8,120,,120,Express
Mauritania,120,3.9,120,,120,Express
Mauritania,120,4,120,,120,Express
Mauritania,130,4.1,130,,130,Express
Mauritania,131,4.2,131,,131,Express
Mauritania,131,4.3,131,,131,Express
Mauritania,131,4.4,131,,131,Express
Mauritania,131,4.5,131,,131,Express
Mauritania,140,4.6,140,,140,Express
Mauritania,140,4.7,140,,140,Express
Mauritania,141,4.8,141,,141,Express
Mauritania,141,4.9,141,,141,Express
Mauritania,141,5,141,,141,Express
Mauritania,293,5.1,293,,293,Express
Mauritania,293,5.2,293,,293,Express
Mauritania,293,5.3,293,,293,Express
Mauritania,293,5.4,293,,293,Express
Mauritania,294,5.5,294,,294,Express
Mauritania,311,5.6,311,,311,Express
Mauritania,311,5.7,311,,311,Express
Mauritania,312,5.8,312,,312,Express
Mauritania,312,5.9,312,,312,Express
Mauritania,312,6,312,,312,Express
Mauritania,330,6.1,330,,330,Express
Mauritania,330,6.2,330,,330,Express
Mauritania,330,6.3,330,,330,Express
Mauritania,330,6.4,330,,330,Express
Mauritania,331,6.5,331,,331,Express
Mauritania,348,6.6,348,,348,Express
Mauritania,348,6.7,348,,348,Express
Mauritania,348,6.8,348,,348,Express
Mauritania,348,6.9,348,,348,Express
Mauritania,349,7,349,,349,Express
Mauritania,366,7.1,366,,366,Express
Mauritania,367,7.2,367,,367,Express
Mauritania,367,7.3,367,,367,Express
Mauritania,367,7.4,367,,367,Express
Mauritania,367,7.5,367,,367,Express
Mauritania,383,7.6,383,,383,Express
Mauritania,383,7.7,383,,383,Express
Mauritania,383,7.8,383,,383,Express
Mauritania,383,7.9,383,,383,Express
Mauritania,384,8,384,,384,Express
Mauritania,399,8.1,399,,399,Express
Mauritania,400,8.2,400,,400,Express
Mauritania,400,8.3,400,,400,Express
Mauritania,400,8.4,400,,400,Express
Mauritania,400,8.5,400,,400,Express
Mauritania,416,8.6,416,,416,Express
Mauritania,416,8.7,416,,416,Express
Mauritania,416,8.8,416,,416,Express
Mauritania,417,8.9,417,,417,Express
Mauritania,417,9,417,,417,Express
Mauritania,433,9.1,433,,433,Express
Mauritania,433,9.2,433,,433,Express
Mauritania,433,9.3,433,,433,Express
Mauritania,433,9.4,433,,433,Express
Mauritania,433,9.5,433,,433,Express
Mauritania,453,9.6,453,,453,Express
Mauritania,453,9.7,453,,453,Express
Mauritania,454,9.8,454,,454,Express
Mauritania,454,9.9,454,,454,Express
Mauritania,454,10,454,,454,Express
Mauritius,47,0.1,47,,47,Express
Mauritius,47,0.2,47,,47,Express
Mauritius,47,0.3,47,,47,Express
Mauritius,48,0.4,48,,48,Express
Mauritius,48,0.5,48,,48,Express
Mauritius,58,0.6,58,,58,Express
Mauritius,58,0.7,58,,58,Express
Mauritius,58,0.8,58,,58,Express
Mauritius,58,0.9,58,,58,Express
Mauritius,58,1,58,,58,Express
Mauritius,69,1.1,69,,69,Express
Mauritius,69,1.2,69,,69,Express
Mauritius,69,1.3,69,,69,Express
Mauritius,69,1.4,69,,69,Express
Mauritius,69,1.5,69,,69,Express
Mauritius,78,1.6,78,,78,Express
Mauritius,78,1.7,78,,78,Express
Mauritius,79,1.8,79,,79,Express
Mauritius,79,1.9,79,,79,Express
Mauritius,79,2,79,,79,Express
Mauritius,89,2.1,89,,89,Express
Mauritius,89,2.2,89,,89,Express
Mauritius,89,2.3,89,,89,Express
Mauritius,89,2.4,89,,89,Express
Mauritius,89,2.5,89,,89,Express
Mauritius,99,2.6,99,,99,Express
Mauritius,100,2.7,100,,100,Express
Mauritius,100,2.8,100,,100,Express
Mauritius,100,2.9,100,,100,Express
Mauritius,100,3,100,,100,Express
Mauritius,110,3.1,110,,110,Express
Mauritius,110,3.2,110,,110,Express
Mauritius,110,3.3,110,,110,Express
Mauritius,110,3.4,110,,110,Express
Mauritius,111,3.5,111,,111,Express
Mauritius,120,3.6,120,,120,Express
Mauritius,120,3.7,120,,120,Express
Mauritius,120,3.8,120,,120,Express
Mauritius,120,3.9,120,,120,Express
Mauritius,120,4,120,,120,Express
Mauritius,130,4.1,130,,130,Express
Mauritius,131,4.2,131,,131,Express
Mauritius,131,4.3,131,,131,Express
Mauritius,131,4.4,131,,131,Express
Mauritius,131,4.5,131,,131,Express
Mauritius,140,4.6,140,,140,Express
Mauritius,140,4.7,140,,140,Express
Mauritius,141,4.8,141,,141,Express
Mauritius,141,4.9,141,,141,Express
Mauritius,141,5,141,,141,Express
Mauritius,293,5.1,293,,293,Express
Mauritius,293,5.2,293,,293,Express
Mauritius,293,5.3,293,,293,Express
Mauritius,293,5.4,293,,293,Express
Mauritius,294,5.5,294,,294,Express
Mauritius,311,5.6,311,,311,Express
Mauritius,311,5.7,311,,311,Express
Mauritius,312,5.8,312,,312,Express
Mauritius,312,5.9,312,,312,Express
Mauritius,312,6,312,,312,Express
Mauritius,330,6.1,330,,330,Express
Mauritius,330,6.2,330,,330,Express
Mauritius,330,6.3,330,,330,Express
Mauritius,330,6.4,330,,330,Express
Mauritius,331,6.5,331,,331,Express
Mauritius,348,6.6,348,,348,Express
Mauritius,348,6.7,348,,348,Express
Mauritius,348,6.8,348,,348,Express
Mauritius,348,6.9,348,,348,Express
Mauritius,349,7,349,,349,Express
Mauritius,366,7.1,366,,366,Express
Mauritius,367,7.2,367,,367,Express
Mauritius,367,7.3,367,,367,Express
Mauritius,367,7.4,367,,367,Express
Mauritius,367,7.5,367,,367,Express
Mauritius,383,7.6,383,,383,Express
Mauritius,383,7.7,383,,383,Express
Mauritius,383,7.8,383,,383,Express
Mauritius,383,7.9,383,,383,Express
Mauritius,384,8,384,,384,Express
Mauritius,399,8.1,399,,399,Express
Mauritius,400,8.2,400,,400,Express
Mauritius,400,8.3,400,,400,Express
Mauritius,400,8.4,400,,400,Express
Mauritius,400,8.5,400,,400,Express
Mauritius,416,8.6,416,,416,Express
Mauritius,416,8.7,416,,416,Express
Mauritius,416,8.8,416,,416,Express
Mauritius,417,8.9,417,,417,Express
Mauritius,417,9,417,,417,Express
Mauritius,433,9.1,433,,433,Express
Mauritius,433,9.2,433,,433,Express
Mauritius,433,9.3,433,,433,Express
Mauritius,433,9.4,433,,433,Express
Mauritius,433,9.5,433,,433,Express
Mauritius,453,9.6,453,,453,Express
Mauritius,453,9.7,453,,453,Express
Mauritius,454,9.8,454,,454,Express
Mauritius,454,9.9,454,,454,Express
Mauritius,454,10,454,,454,Express
Mayotte,47,0.1,47,,47,Express
Mayotte,47,0.2,47,,47,Express
Mayotte,47,0.3,47,,47,Express
Mayotte,48,0.4,48,,48,Express
Mayotte,48,0.5,48,,48,Express
Mayotte,58,0.6,58,,58,Express
Mayotte,58,0.7,58,,58,Express
Mayotte,58,0.8,58,,58,Express
Mayotte,58,0.9,58,,58,Express
Mayotte,58,1,58,,58,Express
Mayotte,69,1.1,69,,69,Express
Mayotte,69,1.2,69,,69,Express
Mayotte,69,1.3,69,,69,Express
Mayotte,69,1.4,69,,69,Express
Mayotte,69,1.5,69,,69,Express
Mayotte,78,1.6,78,,78,Express
Mayotte,78,1.7,78,,78,Express
Mayotte,79,1.8,79,,79,Express
Mayotte,79,1.9,79,,79,Express
Mayotte,79,2,79,,79,Express
Mayotte,89,2.1,89,,89,Express
Mayotte,89,2.2,89,,89,Express
Mayotte,89,2.3,89,,89,Express
Mayotte,89,2.4,89,,89,Express
Mayotte,89,2.5,89,,89,Express
Mayotte,99,2.6,99,,99,Express
Mayotte,100,2.7,100,,100,Express
Mayotte,100,2.8,100,,100,Express
Mayotte,100,2.9,100,,100,Express
Mayotte,100,3,100,,100,Express
Mayotte,110,3.1,110,,110,Express
Mayotte,110,3.2,110,,110,Express
Mayotte,110,3.3,110,,110,Express
Mayotte,110,3.4,110,,110,Express
Mayotte,111,3.5,111,,111,Express
Mayotte,120,3.6,120,,120,Express
Mayotte,120,3.7,120,,120,Express
Mayotte,120,3.8,120,,120,Express
Mayotte,120,3.9,120,,120,Express
Mayotte,120,4,120,,120,Express
Mayotte,130,4.1,130,,130,Express
Mayotte,131,4.2,131,,131,Express
Mayotte,131,4.3,131,,131,Express
Mayotte,131,4.4,131,,131,Express
Mayotte,131,4.5,131,,131,Express
Mayotte,140,4.6,140,,140,Express
Mayotte,140,4.7,140,,140,Express
Mayotte,141,4.8,141,,141,Express
Mayotte,141,4.9,141,,141,Express
Mayotte,141,5,141,,141,Express
Mayotte,293,5.1,293,,293,Express
Mayotte,293,5.2,293,,293,Express
Mayotte,293,5.3,293,,293,Express
Mayotte,293,5.4,293,,293,Express
Mayotte,294,5.5,294,,294,Express
Mayotte,311,5.6,311,,311,Express
Mayotte,311,5.7,311,,311,Express
Mayotte,312,5.8,312,,312,Express
Mayotte,312,5.9,312,,312,Express
Mayotte,312,6,312,,312,Express
Mayotte,330,6.1,330,,330,Express
Mayotte,330,6.2,330,,330,Express
Mayotte,330,6.3,330,,330,Express
Mayotte,330,6.4,330,,330,Express
Mayotte,331,6.5,331,,331,Express
Mayotte,348,6.6,348,,348,Express
Mayotte,348,6.7,348,,348,Express
Mayotte,348,6.8,348,,348,Express
Mayotte,348,6.9,348,,348,Express
Mayotte,349,7,349,,349,Express
Mayotte,366,7.1,366,,366,Express
Mayotte,367,7.2,367,,367,Express
Mayotte,367,7.3,367,,367,Express
Mayotte,367,7.4,367,,367,Express
Mayotte,367,7.5,367,,367,Express
Mayotte,383,7.6,383,,383,Express
Mayotte,383,7.7,383,,383,Express
Mayotte,383,7.8,383,,383,Express
Mayotte,383,7.9,383,,383,Express
Mayotte,384,8,384,,384,Express
Mayotte,399,8.1,399,,399,Express
Mayotte,400,8.2,400,,400,Express
Mayotte,400,8.3,400,,400,Express
Mayotte,400,8.4,400,,400,Express
Mayotte,400,8.5,400,,400,Express
Mayotte,416,8.6,416,,416,Express
Mayotte,416,8.7,416,,416,Express
Mayotte,416,8.8,416,,416,Express
Mayotte,417,8.9,417,,417,Express
Mayotte,417,9,417,,417,Express
Mayotte,433,9.1,433,,433,Express
Mayotte,433,9.2,433,,433,Express
Mayotte,433,9.3,433,,433,Express
Mayotte,433,9.4,433,,433,Express
Mayotte,433,9.5,433,,433,Express
Mayotte,453,9.6,453,,453,Express
Mayotte,453,9.7,453,,453,Express
Mayotte,454,9.8,454,,454,Express
Mayotte,454,9.9,454,,454,Express
Mayotte,454,10,454,,454,Express
Mexico,3,0.1,3,23,34,Standard
Mexico,5,0.2,5,23,34,Standard
Mexico,7,0.3,7,23,34,Standard
Mexico,9,0.4,9,23,34,Standard
Mexico,12,0.5,12,23,34,Standard
Mexico,14,0.6,14,25,41,Standard
Mexico,16,0.7,16,25,41,Standard
Mexico,18,0.8,18,27,41,Standard
Mexico,20,0.9,20,27,41,Standard
Mexico,22,1,22,27,41,Standard
Mexico,24,1.1,24,29,43,Standard
Mexico,27,1.2,27,29,43,Standard
Mexico,29,1.3,29,31,43,Standard
Mexico,31,1.4,31,31,43,Standard
Mexico,31,1.5,31,31,44,Standard
Mexico,33,1.6,33,33,48,Standard
Mexico,33,1.7,33,33,48,Standard
Mexico,35,1.8,35,35,48,Standard
Mexico,35,1.9,35,35,48,Standard
Mexico,35,2,35,35,49,Standard
Mexico,38,2.1,38,38,54,Standard
Mexico,38,2.2,38,38,54,Standard
Mexico,38,2.3,38,38,54,Standard
Mexico,38,2.4,38,38,54,Standard
Mexico,38,2.5,38,38,54,Standard
Mexico,42,2.6,42,42,61,Standard
Mexico,42,2.7,42,42,61,Standard
Mexico,42,2.8,42,42,61,Standard
Mexico,42,2.9,42,42,61,Standard
Mexico,42,3,42,42,61,Standard
Mexico,48,3.1,48,48,66,Standard
Mexico,48,3.2,48,48,66,Standard
Mexico,48,3.3,48,48,66,Standard
Mexico,48,3.4,48,48,66,Standard
Mexico,48,3.5,48,48,66,Standard
Mexico,54,3.6,54,54,71,Standard
Mexico,54,3.7,54,54,71,Standard
Mexico,54,3.8,54,54,71,Standard
Mexico,54,3.9,54,54,71,Standard
Mexico,54,4,54,54,71,Standard
Mexico,59,4.1,59,59,76,Standard
Mexico,59,4.2,59,59,76,Standard
Mexico,59,4.3,59,59,76,Standard
Mexico,59,4.4,59,59,76,Standard
Mexico,59,4.5,59,59,76,Standard
Mexico,65,4.6,65,65,81,Standard
Mexico,65,4.7,65,65,81,Standard
Mexico,65,4.8,65,65,81,Standard
Mexico,65,4.9,65,65,81,Standard
Mexico,65,5,65,65,81,Standard
Mexico,71,5.1,71,71,106,Standard
Mexico,71,5.2,71,71,106,Standard
Mexico,71,5.3,71,71,106,Standard
Mexico,71,5.4,71,71,106,Standard
Mexico,71,5.5,71,71,106,Standard
Mexico,76,5.6,76,76,112,Standard
Mexico,76,5.7,76,76,112,Standard
Mexico,76,5.8,76,76,112,Standard
Mexico,76,5.9,76,76,112,Standard
Mexico,76,6,76,76,112,Standard
Mexico,82,6.1,82,82,117,Standard
Mexico,82,6.2,82,82,118,Standard
Mexico,82,6.3,82,82,118,Standard
Mexico,82,6.4,82,82,118,Standard
Mexico,82,6.5,82,82,118,Standard
Mexico,87,6.6,87,87,123,Standard
Mexico,87,6.7,87,87,124,Standard
Mexico,87,6.8,87,87,124,Standard
Mexico,87,6.9,87,87,124,Standard
Mexico,87,7,87,87,124,Standard
Mexico,93,7.1,93,93,128,Standard
Mexico,93,7.2,93,93,129,Standard
Mexico,93,7.3,93,93,129,Standard
Mexico,93,7.4,93,93,129,Standard
Mexico,93,7.5,93,93,129,Standard
Mexico,99,7.6,99,99,134,Standard
Mexico,99,7.7,99,99,134,Standard
Mexico,99,7.8,99,99,135,Standard
Mexico,99,7.9,99,99,135,Standard
Mexico,99,8,99,99,135,Standard
Mexico,104,8.1,104,104,140,Standard
Mexico,104,8.2,104,104,140,Standard
Mexico,104,8.3,104,104,140,Standard
Mexico,104,8.4,104,104,140,Standard
Mexico,104,8.5,104,104,140,Standard
Mexico,110,8.6,110,110,146,Standard
Mexico,110,8.7,110,110,146,Standard
Mexico,110,8.8,110,110,146,Standard
Mexico,110,8.9,110,110,146,Standard
Mexico,110,9,110,110,146,Standard
Mexico,115,9.1,115,115,152,Standard
Mexico,115,9.2,115,115,152,Standard
Mexico,115,9.3,115,115,152,Standard
Mexico,115,9.4,115,115,152,Standard
Mexico,115,9.5,115,115,152,Standard
Mexico,122,9.6,122,122,158,Standard
Mexico,122,9.7,122,122,158,Standard
Mexico,122,9.8,122,122,158,Standard
Mexico,122,9.9,122,122,158,Standard
Mexico,122,10,122,122,158,Standard
Micronesia,32,0.1,32,,32,Express
Micronesia,32,0.2,32,,32,Express
Micronesia,32,0.3,32,,32,Express
Micronesia,32,0.4,32,,32,Express
Micronesia,32,0.5,32,,32,Express
Micronesia,44,0.6,44,,44,Express
Micronesia,44,0.7,44,,44,Express
Micronesia,44,0.8,44,,44,Express
Micronesia,44,0.9,44,,44,Express
Micronesia,44,1,44,,44,Express
Micronesia,52,1.1,52,,52,Express
Micronesia,52,1.2,52,,52,Express
Micronesia,52,1.3,52,,52,Express
Micronesia,52,1.4,52,,52,Express
Micronesia,52,1.5,52,,52,Express
Micronesia,59,1.6,59,,59,Express
Micronesia,59,1.7,59,,59,Express
Micronesia,59,1.8,59,,59,Express
Micronesia,59,1.9,59,,59,Express
Micronesia,59,2,59,,59,Express
Micronesia,66,2.1,66,,66,Express
Micronesia,66,2.2,66,,66,Express
Micronesia,66,2.3,66,,66,Express
Micronesia,66,2.4,66,,66,Express
Micronesia,66,2.5,66,,66,Express
Micronesia,69,2.6,69,,69,Express
Micronesia,69,2.7,69,,69,Express
Micronesia,69,2.8,69,,69,Express
Micronesia,69,2.9,69,,69,Express
Micronesia,69,3,69,,69,Express
Micronesia,76,3.1,76,,76,Express
Micronesia,76,3.2,76,,76,Express
Micronesia,76,3.3,76,,76,Express
Micronesia,76,3.4,76,,76,Express
Micronesia,76,3.5,76,,76,Express
Micronesia,84,3.6,84,,84,Express
Micronesia,84,3.7,84,,84,Express
Micronesia,84,3.8,84,,84,Express
Micronesia,84,3.9,84,,84,Express
Micronesia,84,4,84,,84,Express
Micronesia,90,4.1,90,,90,Express
Micronesia,90,4.2,90,,90,Express
Micronesia,90,4.3,90,,90,Express
Micronesia,90,4.4,90,,90,Express
Micronesia,90,4.5,90,,90,Express
Micronesia,99,4.6,99,,99,Express
Micronesia,99,4.7,99,,99,Express
Micronesia,99,4.8,99,,99,Express
Micronesia,99,4.9,99,,99,Express
Micronesia,99,5,99,,99,Express
Micronesia,213,5.1,213,,213,Express
Micronesia,213,5.2,213,,213,Express
Micronesia,213,5.3,213,,213,Express
Micronesia,213,5.4,213,,213,Express
Micronesia,213,5.5,213,,213,Express
Micronesia,228,5.6,228,,228,Express
Micronesia,228,5.7,228,,228,Express
Micronesia,228,5.8,228,,228,Express
Micronesia,228,5.9,228,,228,Express
Micronesia,228,6,228,,228,Express
Micronesia,243,6.1,243,,243,Express
Micronesia,243,6.2,243,,243,Express
Micronesia,243,6.3,243,,243,Express
Micronesia,243,6.4,243,,243,Express
Micronesia,243,6.5,243,,243,Express
Micronesia,258,6.6,258,,258,Express
Micronesia,258,6.7,258,,258,Express
Micronesia,258,6.8,258,,258,Express
Micronesia,258,6.9,258,,258,Express
Micronesia,258,7,258,,258,Express
Micronesia,273,7.1,273,,273,Express
Micronesia,273,7.2,273,,273,Express
Micronesia,273,7.3,273,,273,Express
Micronesia,273,7.4,273,,273,Express
Micronesia,273,7.5,273,,273,Express
Micronesia,287,7.6,287,,287,Express
Micronesia,287,7.7,287,,287,Express
Micronesia,287,7.8,287,,287,Express
Micronesia,287,7.9,287,,287,Express
Micronesia,287,8,287,,287,Express
Micronesia,301,8.1,301,,301,Express
Micronesia,301,8.2,301,,301,Express
Micronesia,301,8.3,301,,301,Express
Micronesia,301,8.4,301,,301,Express
Micronesia,301,8.5,301,,301,Express
Micronesia,315,8.6,315,,315,Express
Micronesia,315,8.7,315,,315,Express
Micronesia,315,8.8,315,,315,Express
Micronesia,315,8.9,315,,315,Express
Micronesia,315,9,315,,315,Express
Micronesia,328,9.1,328,,328,Express
Micronesia,328,9.2,328,,328,Express
Micronesia,328,9.3,328,,328,Express
Micronesia,328,9.4,328,,328,Express
Micronesia,328,9.5,328,,328,Express
Micronesia,337,9.6,337,,337,Express
Micronesia,337,9.7,337,,337,Express
Micronesia,337,9.8,337,,337,Express
Micronesia,337,9.9,337,,337,Express
Micronesia,337,10,337,,337,Express
Moldova,47,0.1,47,,47,Express
Moldova,47,0.2,47,,47,Express
Moldova,47,0.3,47,,47,Express
Moldova,48,0.4,48,,48,Express
Moldova,48,0.5,48,,48,Express
Moldova,58,0.6,58,,58,Express
Moldova,58,0.7,58,,58,Express
Moldova,58,0.8,58,,58,Express
Moldova,58,0.9,58,,58,Express
Moldova,58,1,58,,58,Express
Moldova,69,1.1,69,,69,Express
Moldova,69,1.2,69,,69,Express
Moldova,69,1.3,69,,69,Express
Moldova,69,1.4,69,,69,Express
Moldova,69,1.5,69,,69,Express
Moldova,78,1.6,78,,78,Express
Moldova,78,1.7,78,,78,Express
Moldova,79,1.8,79,,79,Express
Moldova,79,1.9,79,,79,Express
Moldova,79,2,79,,79,Express
Moldova,89,2.1,89,,89,Express
Moldova,89,2.2,89,,89,Express
Moldova,89,2.3,89,,89,Express
Moldova,89,2.4,89,,89,Express
Moldova,89,2.5,89,,89,Express
Moldova,99,2.6,99,,99,Express
Moldova,100,2.7,100,,100,Express
Moldova,100,2.8,100,,100,Express
Moldova,100,2.9,100,,100,Express
Moldova,100,3,100,,100,Express
Moldova,110,3.1,110,,110,Express
Moldova,110,3.2,110,,110,Express
Moldova,110,3.3,110,,110,Express
Moldova,110,3.4,110,,110,Express
Moldova,111,3.5,111,,111,Express
Moldova,120,3.6,120,,120,Express
Moldova,120,3.7,120,,120,Express
Moldova,120,3.8,120,,120,Express
Moldova,120,3.9,120,,120,Express
Moldova,120,4,120,,120,Express
Moldova,130,4.1,130,,130,Express
Moldova,131,4.2,131,,131,Express
Moldova,131,4.3,131,,131,Express
Moldova,131,4.4,131,,131,Express
Moldova,131,4.5,131,,131,Express
Moldova,140,4.6,140,,140,Express
Moldova,140,4.7,140,,140,Express
Moldova,141,4.8,141,,141,Express
Moldova,141,4.9,141,,141,Express
Moldova,141,5,141,,141,Express
Moldova,293,5.1,293,,293,Express
Moldova,293,5.2,293,,293,Express
Moldova,293,5.3,293,,293,Express
Moldova,293,5.4,293,,293,Express
Moldova,294,5.5,294,,294,Express
Moldova,311,5.6,311,,311,Express
Moldova,311,5.7,311,,311,Express
Moldova,312,5.8,312,,312,Express
Moldova,312,5.9,312,,312,Express
Moldova,312,6,312,,312,Express
Moldova,330,6.1,330,,330,Express
Moldova,330,6.2,330,,330,Express
Moldova,330,6.3,330,,330,Express
Moldova,330,6.4,330,,330,Express
Moldova,331,6.5,331,,331,Express
Moldova,348,6.6,348,,348,Express
Moldova,348,6.7,348,,348,Express
Moldova,348,6.8,348,,348,Express
Moldova,348,6.9,348,,348,Express
Moldova,349,7,349,,349,Express
Moldova,366,7.1,366,,366,Express
Moldova,367,7.2,367,,367,Express
Moldova,367,7.3,367,,367,Express
Moldova,367,7.4,367,,367,Express
Moldova,367,7.5,367,,367,Express
Moldova,383,7.6,383,,383,Express
Moldova,383,7.7,383,,383,Express
Moldova,383,7.8,383,,383,Express
Moldova,383,7.9,383,,383,Express
Moldova,384,8,384,,384,Express
Moldova,399,8.1,399,,399,Express
Moldova,400,8.2,400,,400,Express
Moldova,400,8.3,400,,400,Express
Moldova,400,8.4,400,,400,Express
Moldova,400,8.5,400,,400,Express
Moldova,416,8.6,416,,416,Express
Moldova,416,8.7,416,,416,Express
Moldova,416,8.8,416,,416,Express
Moldova,417,8.9,417,,417,Express
Moldova,417,9,417,,417,Express
Moldova,433,9.1,433,,433,Express
Moldova,433,9.2,433,,433,Express
Moldova,433,9.3,433,,433,Express
Moldova,433,9.4,433,,433,Express
Moldova,433,9.5,433,,433,Express
Moldova,453,9.6,453,,453,Express
Moldova,453,9.7,453,,453,Express
Moldova,454,9.8,454,,454,Express
Moldova,454,9.9,454,,454,Express
Moldova,454,10,454,,454,Express
Monaco,31,0.1,31,,31,Express
Monaco,31,0.2,31,,31,Express
Monaco,31,0.3,31,,31,Express
Monaco,31,0.4,31,,31,Express
Monaco,31,0.5,31,,31,Express
Monaco,36,0.6,36,,36,Express
Monaco,36,0.7,36,,36,Express
Monaco,36,0.8,36,,36,Express
Monaco,36,0.9,36,,36,Express
Monaco,36,1,36,,36,Express
Monaco,41,1.1,41,,41,Express
Monaco,41,1.2,41,,41,Express
Monaco,41,1.3,41,,41,Express
Monaco,41,1.4,41,,41,Express
Monaco,41,1.5,41,,41,Express
Monaco,48,1.6,48,,48,Express
Monaco,48,1.7,48,,48,Express
Monaco,48,1.8,48,,48,Express
Monaco,48,1.9,48,,48,Express
Monaco,48,2,48,,48,Express
Monaco,54,2.1,54,,54,Express
Monaco,54,2.2,54,,54,Express
Monaco,54,2.3,54,,54,Express
Monaco,54,2.4,54,,54,Express
Monaco,54,2.5,54,,54,Express
Monaco,59,2.6,59,,59,Express
Monaco,59,2.7,59,,59,Express
Monaco,59,2.8,59,,59,Express
Monaco,59,2.9,59,,59,Express
Monaco,59,3,59,,59,Express
Monaco,65,3.1,65,,65,Express
Monaco,65,3.2,65,,65,Express
Monaco,65,3.3,65,,65,Express
Monaco,65,3.4,65,,65,Express
Monaco,65,3.5,65,,65,Express
Monaco,70,3.6,70,,70,Express
Monaco,70,3.7,70,,70,Express
Monaco,70,3.8,70,,70,Express
Monaco,70,3.9,70,,70,Express
Monaco,70,4,70,,70,Express
Monaco,75,4.1,75,,75,Express
Monaco,75,4.2,75,,75,Express
Monaco,75,4.3,75,,75,Express
Monaco,75,4.4,75,,75,Express
Monaco,75,4.5,75,,75,Express
Monaco,80,4.6,80,,80,Express
Monaco,80,4.7,80,,80,Express
Monaco,80,4.8,80,,80,Express
Monaco,80,4.9,80,,80,Express
Monaco,80,5,80,,80,Express
Monaco,125,5.1,125,,125,Express
Monaco,125,5.2,125,,125,Express
Monaco,125,5.3,125,,125,Express
Monaco,125,5.4,125,,125,Express
Monaco,125,5.5,125,,125,Express
Monaco,132,5.6,132,,132,Express
Monaco,132,5.7,132,,132,Express
Monaco,132,5.8,132,,132,Express
Monaco,132,5.9,132,,132,Express
Monaco,132,6,132,,132,Express
Monaco,140,6.1,140,,140,Express
Monaco,140,6.2,140,,140,Express
Monaco,140,6.3,140,,140,Express
Monaco,140,6.4,140,,140,Express
Monaco,140,6.5,140,,140,Express
Monaco,148,6.6,148,,148,Express
Monaco,148,6.7,148,,148,Express
Monaco,148,6.8,148,,148,Express
Monaco,148,6.9,148,,148,Express
Monaco,148,7,148,,148,Express
Monaco,156,7.1,156,,156,Express
Monaco,156,7.2,156,,156,Express
Monaco,156,7.3,156,,156,Express
Monaco,156,7.4,156,,156,Express
Monaco,156,7.5,156,,156,Express
Monaco,164,7.6,164,,164,Express
Monaco,164,7.7,164,,164,Express
Monaco,164,7.8,164,,164,Express
Monaco,164,7.9,164,,164,Express
Monaco,164,8,164,,164,Express
Monaco,172,8.1,172,,172,Express
Monaco,172,8.2,172,,172,Express
Monaco,172,8.3,172,,172,Express
Monaco,172,8.4,172,,172,Express
Monaco,172,8.5,172,,172,Express
Monaco,180,8.6,180,,180,Express
Monaco,180,8.7,180,,180,Express
Monaco,180,8.8,180,,180,Express
Monaco,180,8.9,180,,180,Express
Monaco,180,9,180,,180,Express
Monaco,189,9.1,189,,189,Express
Monaco,189,9.2,189,,189,Express
Monaco,189,9.3,189,,189,Express
Monaco,189,9.4,189,,189,Express
Monaco,189,9.5,189,,189,Express
Monaco,197,9.6,197,,197,Express
Monaco,197,9.7,197,,197,Express
Monaco,197,9.8,197,,197,Express
Monaco,197,9.9,197,,197,Express
Monaco,197,10,197,,197,Express
Mongolia,4,0.1,4,14,32,Standard
Mongolia,5,0.2,5,14,32,Standard
Mongolia,6,0.3,6,14,33,Standard
Mongolia,8,0.4,8,14,33,Standard
Mongolia,9,0.5,9,14,33,Standard
Mongolia,10,0.6,10,14,45,Standard
Mongolia,11,0.7,11,14,45,Standard
Mongolia,12,0.8,12,15,46,Standard
Mongolia,14,0.9,14,15,46,Standard
Mongolia,15,1,15,15,46,Standard
Mongolia,16,1.1,16,16,54,Standard
Mongolia,16,1.2,16,16,54,Standard
Mongolia,17,1.3,17,17,54,Standard
Mongolia,17,1.4,17,17,54,Standard
Mongolia,17,1.5,17,17,54,Standard
Mongolia,18,1.6,18,18,62,Standard
Mongolia,18,1.7,18,18,62,Standard
Mongolia,18,1.8,18,18,62,Standard
Mongolia,18,1.9,18,18,62,Standard
Mongolia,18,2,18,18,62,Standard
Mongolia,19,2.1,19,19,70,Standard
Mongolia,19,2.2,19,19,70,Standard
Mongolia,19,2.3,19,19,70,Standard
Mongolia,19,2.4,19,19,70,Standard
Mongolia,19,2.5,19,19,70,Standard
Mongolia,21,2.6,21,21,74,Standard
Mongolia,21,2.7,21,21,74,Standard
Mongolia,21,2.8,21,21,75,Standard
Mongolia,21,2.9,21,21,75,Standard
Mongolia,21,3,21,21,75,Standard
Mongolia,22,3.1,22,22,82,Standard
Mongolia,22,3.2,22,22,82,Standard
Mongolia,22,3.3,22,22,82,Standard
Mongolia,22,3.4,22,22,83,Standard
Mongolia,22,3.5,22,22,83,Standard
Mongolia,24,3.6,24,24,90,Standard
Mongolia,24,3.7,24,24,91,Standard
Mongolia,24,3.8,24,24,91,Standard
Mongolia,24,3.9,24,24,91,Standard
Mongolia,24,4,24,24,91,Standard
Mongolia,26,4.1,26,26,98,Standard
Mongolia,26,4.2,26,26,98,Standard
Mongolia,26,4.3,26,26,98,Standard
Mongolia,26,4.4,26,26,98,Standard
Mongolia,26,4.5,26,26,99,Standard
Mongolia,27,4.6,27,27,108,Standard
Mongolia,27,4.7,27,27,108,Standard
Mongolia,27,4.8,27,27,108,Standard
Mongolia,27,4.9,27,27,108,Standard
Mongolia,27,5,27,27,109,Standard
Mongolia,28,5.1,28,28,223,Standard
Mongolia,28,5.2,28,28,223,Standard
Mongolia,28,5.3,28,28,223,Standard
Mongolia,28,5.4,28,28,224,Standard
Mongolia,28,5.5,28,28,224,Standard
Mongolia,30,5.6,30,30,239,Standard
Mongolia,30,5.7,30,30,239,Standard
Mongolia,30,5.8,30,30,239,Standard
Mongolia,30,5.9,30,30,239,Standard
Mongolia,30,6,30,30,239,Standard
Mongolia,32,6.1,32,32,255,Standard
Mongolia,32,6.2,32,32,255,Standard
Mongolia,32,6.3,32,32,255,Standard
Mongolia,32,6.4,32,32,255,Standard
Mongolia,32,6.5,32,32,255,Standard
Mongolia,33,6.6,33,33,270,Standard
Mongolia,33,6.7,33,33,271,Standard
Mongolia,33,6.8,33,33,271,Standard
Mongolia,33,6.9,33,33,271,Standard
Mongolia,33,7,33,33,271,Standard
Mongolia,35,7.1,35,35,286,Standard
Mongolia,35,7.2,35,35,286,Standard
Mongolia,35,7.3,35,35,287,Standard
Mongolia,35,7.4,35,35,287,Standard
Mongolia,35,7.5,35,35,287,Standard
Mongolia,36,7.6,36,36,301,Standard
Mongolia,36,7.7,36,36,301,Standard
Mongolia,36,7.8,36,36,301,Standard
Mongolia,36,7.9,36,36,302,Standard
Mongolia,36,8,36,36,302,Standard
Mongolia,38,8.1,38,38,316,Standard
Mongolia,38,8.2,38,38,316,Standard
Mongolia,38,8.3,38,38,316,Standard
Mongolia,38,8.4,38,38,317,Standard
Mongolia,38,8.5,38,38,317,Standard
Mongolia,39,8.6,39,39,331,Standard
Mongolia,39,8.7,39,39,331,Standard
Mongolia,39,8.8,39,39,331,Standard
Mongolia,39,8.9,39,39,332,Standard
Mongolia,39,9,39,39,332,Standard
Mongolia,40,9.1,40,40,346,Standard
Mongolia,40,9.2,40,40,346,Standard
Mongolia,40,9.3,40,40,346,Standard
Mongolia,40,9.4,40,40,346,Standard
Mongolia,40,9.5,40,40,347,Standard
Mongolia,42,9.6,42,42,355,Standard
Mongolia,42,9.7,42,42,356,Standard
Mongolia,42,9.8,42,42,356,Standard
Mongolia,42,9.9,42,42,356,Standard
Mongolia,42,10,42,42,356,Standard
Montenegro,47,0.1,47,,47,Express
Montenegro,47,0.2,47,,47,Express
Montenegro,47,0.3,47,,47,Express
Montenegro,48,0.4,48,,48,Express
Montenegro,48,0.5,48,,48,Express
Montenegro,58,0.6,58,,58,Express
Montenegro,58,0.7,58,,58,Express
Montenegro,58,0.8,58,,58,Express
Montenegro,58,0.9,58,,58,Express
Montenegro,58,1,58,,58,Express
Montenegro,69,1.1,69,,69,Express
Montenegro,69,1.2,69,,69,Express
Montenegro,69,1.3,69,,69,Express
Montenegro,69,1.4,69,,69,Express
Montenegro,69,1.5,69,,69,Express
Montenegro,78,1.6,78,,78,Express
Montenegro,78,1.7,78,,78,Express
Montenegro,79,1.8,79,,79,Express
Montenegro,79,1.9,79,,79,Express
Montenegro,79,2,79,,79,Express
Montenegro,89,2.1,89,,89,Express
Montenegro,89,2.2,89,,89,Express
Montenegro,89,2.3,89,,89,Express
Montenegro,89,2.4,89,,89,Express
Montenegro,89,2.5,89,,89,Express
Montenegro,99,2.6,99,,99,Express
Montenegro,100,2.7,100,,100,Express
Montenegro,100,2.8,100,,100,Express
Montenegro,100,2.9,100,,100,Express
Montenegro,100,3,100,,100,Express
Montenegro,110,3.1,110,,110,Express
Montenegro,110,3.2,110,,110,Express
Montenegro,110,3.3,110,,110,Express
Montenegro,110,3.4,110,,110,Express
Montenegro,111,3.5,111,,111,Express
Montenegro,120,3.6,120,,120,Express
Montenegro,120,3.7,120,,120,Express
Montenegro,120,3.8,120,,120,Express
Montenegro,120,3.9,120,,120,Express
Montenegro,120,4,120,,120,Express
Montenegro,130,4.1,130,,130,Express
Montenegro,131,4.2,131,,131,Express
Montenegro,131,4.3,131,,131,Express
Montenegro,131,4.4,131,,131,Express
Montenegro,131,4.5,131,,131,Express
Montenegro,140,4.6,140,,140,Express
Montenegro,140,4.7,140,,140,Express
Montenegro,141,4.8,141,,141,Express
Montenegro,141,4.9,141,,141,Express
Montenegro,141,5,141,,141,Express
Montenegro,293,5.1,293,,293,Express
Montenegro,293,5.2,293,,293,Express
Montenegro,293,5.3,293,,293,Express
Montenegro,293,5.4,293,,293,Express
Montenegro,294,5.5,294,,294,Express
Montenegro,311,5.6,311,,311,Express
Montenegro,311,5.7,311,,311,Express
Montenegro,312,5.8,312,,312,Express
Montenegro,312,5.9,312,,312,Express
Montenegro,312,6,312,,312,Express
Montenegro,330,6.1,330,,330,Express
Montenegro,330,6.2,330,,330,Express
Montenegro,330,6.3,330,,330,Express
Montenegro,330,6.4,330,,330,Express
Montenegro,331,6.5,331,,331,Express
Montenegro,348,6.6,348,,348,Express
Montenegro,348,6.7,348,,348,Express
Montenegro,348,6.8,348,,348,Express
Montenegro,348,6.9,348,,348,Express
Montenegro,349,7,349,,349,Express
Montenegro,366,7.1,366,,366,Express
Montenegro,367,7.2,367,,367,Express
Montenegro,367,7.3,367,,367,Express
Montenegro,367,7.4,367,,367,Express
Montenegro,367,7.5,367,,367,Express
Montenegro,383,7.6,383,,383,Express
Montenegro,383,7.7,383,,383,Express
Montenegro,383,7.8,383,,383,Express
Montenegro,383,7.9,383,,383,Express
Montenegro,384,8,384,,384,Express
Montenegro,399,8.1,399,,399,Express
Montenegro,400,8.2,400,,400,Express
Montenegro,400,8.3,400,,400,Express
Montenegro,400,8.4,400,,400,Express
Montenegro,400,8.5,400,,400,Express
Montenegro,416,8.6,416,,416,Express
Montenegro,416,8.7,416,,416,Express
Montenegro,416,8.8,416,,416,Express
Montenegro,417,8.9,417,,417,Express
Montenegro,417,9,417,,417,Express
Montenegro,433,9.1,433,,433,Express
Montenegro,433,9.2,433,,433,Express
Montenegro,433,9.3,433,,433,Express
Montenegro,433,9.4,433,,433,Express
Montenegro,433,9.5,433,,433,Express
Montenegro,453,9.6,453,,453,Express
Montenegro,453,9.7,453,,453,Express
Montenegro,454,9.8,454,,454,Express
Montenegro,454,9.9,454,,454,Express
Montenegro,454,10,454,,454,Express
Montserrat,47,0.1,47,,47,Express
Montserrat,47,0.2,47,,47,Express
Montserrat,47,0.3,47,,47,Express
Montserrat,48,0.4,48,,48,Express
Montserrat,48,0.5,48,,48,Express
Montserrat,58,0.6,58,,58,Express
Montserrat,58,0.7,58,,58,Express
Montserrat,58,0.8,58,,58,Express
Montserrat,58,0.9,58,,58,Express
Montserrat,58,1,58,,58,Express
Montserrat,69,1.1,69,,69,Express
Montserrat,69,1.2,69,,69,Express
Montserrat,69,1.3,69,,69,Express
Montserrat,69,1.4,69,,69,Express
Montserrat,69,1.5,69,,69,Express
Montserrat,78,1.6,78,,78,Express
Montserrat,78,1.7,78,,78,Express
Montserrat,79,1.8,79,,79,Express
Montserrat,79,1.9,79,,79,Express
Montserrat,79,2,79,,79,Express
Montserrat,89,2.1,89,,89,Express
Montserrat,89,2.2,89,,89,Express
Montserrat,89,2.3,89,,89,Express
Montserrat,89,2.4,89,,89,Express
Montserrat,89,2.5,89,,89,Express
Montserrat,99,2.6,99,,99,Express
Montserrat,100,2.7,100,,100,Express
Montserrat,100,2.8,100,,100,Express
Montserrat,100,2.9,100,,100,Express
Montserrat,100,3,100,,100,Express
Montserrat,110,3.1,110,,110,Express
Montserrat,110,3.2,110,,110,Express
Montserrat,110,3.3,110,,110,Express
Montserrat,110,3.4,110,,110,Express
Montserrat,111,3.5,111,,111,Express
Montserrat,120,3.6,120,,120,Express
Montserrat,120,3.7,120,,120,Express
Montserrat,120,3.8,120,,120,Express
Montserrat,120,3.9,120,,120,Express
Montserrat,120,4,120,,120,Express
Montserrat,130,4.1,130,,130,Express
Montserrat,131,4.2,131,,131,Express
Montserrat,131,4.3,131,,131,Express
Montserrat,131,4.4,131,,131,Express
Montserrat,131,4.5,131,,131,Express
Montserrat,140,4.6,140,,140,Express
Montserrat,140,4.7,140,,140,Express
Montserrat,141,4.8,141,,141,Express
Montserrat,141,4.9,141,,141,Express
Montserrat,141,5,141,,141,Express
Montserrat,293,5.1,293,,293,Express
Montserrat,293,5.2,293,,293,Express
Montserrat,293,5.3,293,,293,Express
Montserrat,293,5.4,293,,293,Express
Montserrat,294,5.5,294,,294,Express
Montserrat,311,5.6,311,,311,Express
Montserrat,311,5.7,311,,311,Express
Montserrat,312,5.8,312,,312,Express
Montserrat,312,5.9,312,,312,Express
Montserrat,312,6,312,,312,Express
Montserrat,330,6.1,330,,330,Express
Montserrat,330,6.2,330,,330,Express
Montserrat,330,6.3,330,,330,Express
Montserrat,330,6.4,330,,330,Express
Montserrat,331,6.5,331,,331,Express
Montserrat,348,6.6,348,,348,Express
Montserrat,348,6.7,348,,348,Express
Montserrat,348,6.8,348,,348,Express
Montserrat,348,6.9,348,,348,Express
Montserrat,349,7,349,,349,Express
Montserrat,366,7.1,366,,366,Express
Montserrat,367,7.2,367,,367,Express
Montserrat,367,7.3,367,,367,Express
Montserrat,367,7.4,367,,367,Express
Montserrat,367,7.5,367,,367,Express
Montserrat,383,7.6,383,,383,Express
Montserrat,383,7.7,383,,383,Express
Montserrat,383,7.8,383,,383,Express
Montserrat,383,7.9,383,,383,Express
Montserrat,384,8,384,,384,Express
Montserrat,399,8.1,399,,399,Express
Montserrat,400,8.2,400,,400,Express
Montserrat,400,8.3,400,,400,Express
Montserrat,400,8.4,400,,400,Express
Montserrat,400,8.5,400,,400,Express
Montserrat,416,8.6,416,,416,Express
Montserrat,416,8.7,416,,416,Express
Montserrat,416,8.8,416,,416,Express
Montserrat,417,8.9,417,,417,Express
Montserrat,417,9,417,,417,Express
Montserrat,433,9.1,433,,433,Express
Montserrat,433,9.2,433,,433,Express
Montserrat,433,9.3,433,,433,Express
Montserrat,433,9.4,433,,433,Express
Montserrat,433,9.5,433,,433,Express
Montserrat,453,9.6,453,,453,Express
Montserrat,453,9.7,453,,453,Express
Montserrat,454,9.8,454,,454,Express
Montserrat,454,9.9,454,,454,Express
Montserrat,454,10,454,,454,Express
Morocco,47,0.1,47,,47,Express
Morocco,47,0.2,47,,47,Express
Morocco,47,0.3,47,,47,Express
Morocco,48,0.4,48,,48,Express
Morocco,48,0.5,48,,48,Express
Morocco,58,0.6,58,,58,Express
Morocco,58,0.7,58,,58,Express
Morocco,58,0.8,58,,58,Express
Morocco,58,0.9,58,,58,Express
Morocco,58,1,58,,58,Express
Morocco,69,1.1,69,,69,Express
Morocco,69,1.2,69,,69,Express
Morocco,69,1.3,69,,69,Express
Morocco,69,1.4,69,,69,Express
Morocco,69,1.5,69,,69,Express
Morocco,78,1.6,78,,78,Express
Morocco,78,1.7,78,,78,Express
Morocco,79,1.8,79,,79,Express
Morocco,79,1.9,79,,79,Express
Morocco,79,2,79,,79,Express
Morocco,89,2.1,89,,89,Express
Morocco,89,2.2,89,,89,Express
Morocco,89,2.3,89,,89,Express
Morocco,89,2.4,89,,89,Express
Morocco,89,2.5,89,,89,Express
Morocco,99,2.6,99,,99,Express
Morocco,100,2.7,100,,100,Express
Morocco,100,2.8,100,,100,Express
Morocco,100,2.9,100,,100,Express
Morocco,100,3,100,,100,Express
Morocco,110,3.1,110,,110,Express
Morocco,110,3.2,110,,110,Express
Morocco,110,3.3,110,,110,Express
Morocco,110,3.4,110,,110,Express
Morocco,111,3.5,111,,111,Express
Morocco,120,3.6,120,,120,Express
Morocco,120,3.7,120,,120,Express
Morocco,120,3.8,120,,120,Express
Morocco,120,3.9,120,,120,Express
Morocco,120,4,120,,120,Express
Morocco,130,4.1,130,,130,Express
Morocco,131,4.2,131,,131,Express
Morocco,131,4.3,131,,131,Express
Morocco,131,4.4,131,,131,Express
Morocco,131,4.5,131,,131,Express
Morocco,140,4.6,140,,140,Express
Morocco,140,4.7,140,,140,Express
Morocco,141,4.8,141,,141,Express
Morocco,141,4.9,141,,141,Express
Morocco,141,5,141,,141,Express
Morocco,293,5.1,293,,293,Express
Morocco,293,5.2,293,,293,Express
Morocco,293,5.3,293,,293,Express
Morocco,293,5.4,293,,293,Express
Morocco,294,5.5,294,,294,Express
Morocco,311,5.6,311,,311,Express
Morocco,311,5.7,311,,311,Express
Morocco,312,5.8,312,,312,Express
Morocco,312,5.9,312,,312,Express
Morocco,312,6,312,,312,Express
Morocco,330,6.1,330,,330,Express
Morocco,330,6.2,330,,330,Express
Morocco,330,6.3,330,,330,Express
Morocco,330,6.4,330,,330,Express
Morocco,331,6.5,331,,331,Express
Morocco,348,6.6,348,,348,Express
Morocco,348,6.7,348,,348,Express
Morocco,348,6.8,348,,348,Express
Morocco,348,6.9,348,,348,Express
Morocco,349,7,349,,349,Express
Morocco,366,7.1,366,,366,Express
Morocco,367,7.2,367,,367,Express
Morocco,367,7.3,367,,367,Express
Morocco,367,7.4,367,,367,Express
Morocco,367,7.5,367,,367,Express
Morocco,383,7.6,383,,383,Express
Morocco,383,7.7,383,,383,Express
Morocco,383,7.8,383,,383,Express
Morocco,383,7.9,383,,383,Express
Morocco,384,8,384,,384,Express
Morocco,399,8.1,399,,399,Express
Morocco,400,8.2,400,,400,Express
Morocco,400,8.3,400,,400,Express
Morocco,400,8.4,400,,400,Express
Morocco,400,8.5,400,,400,Express
Morocco,416,8.6,416,,416,Express
Morocco,416,8.7,416,,416,Express
Morocco,416,8.8,416,,416,Express
Morocco,417,8.9,417,,417,Express
Morocco,417,9,417,,417,Express
Morocco,433,9.1,433,,433,Express
Morocco,433,9.2,433,,433,Express
Morocco,433,9.3,433,,433,Express
Morocco,433,9.4,433,,433,Express
Morocco,433,9.5,433,,433,Express
Morocco,453,9.6,453,,453,Express
Morocco,453,9.7,453,,453,Express
Morocco,454,9.8,454,,454,Express
Morocco,454,9.9,454,,454,Express
Morocco,454,10,454,,454,Express
Mozambique,47,0.1,47,,47,Express
Mozambique,47,0.2,47,,47,Express
Mozambique,47,0.3,47,,47,Express
Mozambique,48,0.4,48,,48,Express
Mozambique,48,0.5,48,,48,Express
Mozambique,58,0.6,58,,58,Express
Mozambique,58,0.7,58,,58,Express
Mozambique,58,0.8,58,,58,Express
Mozambique,58,0.9,58,,58,Express
Mozambique,58,1,58,,58,Express
Mozambique,69,1.1,69,,69,Express
Mozambique,69,1.2,69,,69,Express
Mozambique,69,1.3,69,,69,Express
Mozambique,69,1.4,69,,69,Express
Mozambique,69,1.5,69,,69,Express
Mozambique,78,1.6,78,,78,Express
Mozambique,78,1.7,78,,78,Express
Mozambique,79,1.8,79,,79,Express
Mozambique,79,1.9,79,,79,Express
Mozambique,79,2,79,,79,Express
Mozambique,89,2.1,89,,89,Express
Mozambique,89,2.2,89,,89,Express
Mozambique,89,2.3,89,,89,Express
Mozambique,89,2.4,89,,89,Express
Mozambique,89,2.5,89,,89,Express
Mozambique,99,2.6,99,,99,Express
Mozambique,100,2.7,100,,100,Express
Mozambique,100,2.8,100,,100,Express
Mozambique,100,2.9,100,,100,Express
Mozambique,100,3,100,,100,Express
Mozambique,110,3.1,110,,110,Express
Mozambique,110,3.2,110,,110,Express
Mozambique,110,3.3,110,,110,Express
Mozambique,110,3.4,110,,110,Express
Mozambique,111,3.5,111,,111,Express
Mozambique,120,3.6,120,,120,Express
Mozambique,120,3.7,120,,120,Express
Mozambique,120,3.8,120,,120,Express
Mozambique,120,3.9,120,,120,Express
Mozambique,120,4,120,,120,Express
Mozambique,130,4.1,130,,130,Express
Mozambique,131,4.2,131,,131,Express
Mozambique,131,4.3,131,,131,Express
Mozambique,131,4.4,131,,131,Express
Mozambique,131,4.5,131,,131,Express
Mozambique,140,4.6,140,,140,Express
Mozambique,140,4.7,140,,140,Express
Mozambique,141,4.8,141,,141,Express
Mozambique,141,4.9,141,,141,Express
Mozambique,141,5,141,,141,Express
Mozambique,293,5.1,293,,293,Express
Mozambique,293,5.2,293,,293,Express
Mozambique,293,5.3,293,,293,Express
Mozambique,293,5.4,293,,293,Express
Mozambique,294,5.5,294,,294,Express
Mozambique,311,5.6,311,,311,Express
Mozambique,311,5.7,311,,311,Express
Mozambique,312,5.8,312,,312,Express
Mozambique,312,5.9,312,,312,Express
Mozambique,312,6,312,,312,Express
Mozambique,330,6.1,330,,330,Express
Mozambique,330,6.2,330,,330,Express
Mozambique,330,6.3,330,,330,Express
Mozambique,330,6.4,330,,330,Express
Mozambique,331,6.5,331,,331,Express
Mozambique,348,6.6,348,,348,Express
Mozambique,348,6.7,348,,348,Express
Mozambique,348,6.8,348,,348,Express
Mozambique,348,6.9,348,,348,Express
Mozambique,349,7,349,,349,Express
Mozambique,366,7.1,366,,366,Express
Mozambique,367,7.2,367,,367,Express
Mozambique,367,7.3,367,,367,Express
Mozambique,367,7.4,367,,367,Express
Mozambique,367,7.5,367,,367,Express
Mozambique,383,7.6,383,,383,Express
Mozambique,383,7.7,383,,383,Express
Mozambique,383,7.8,383,,383,Express
Mozambique,383,7.9,383,,383,Express
Mozambique,384,8,384,,384,Express
Mozambique,399,8.1,399,,399,Express
Mozambique,400,8.2,400,,400,Express
Mozambique,400,8.3,400,,400,Express
Mozambique,400,8.4,400,,400,Express
Mozambique,400,8.5,400,,400,Express
Mozambique,416,8.6,416,,416,Express
Mozambique,416,8.7,416,,416,Express
Mozambique,416,8.8,416,,416,Express
Mozambique,417,8.9,417,,417,Express
Mozambique,417,9,417,,417,Express
Mozambique,433,9.1,433,,433,Express
Mozambique,433,9.2,433,,433,Express
Mozambique,433,9.3,433,,433,Express
Mozambique,433,9.4,433,,433,Express
Mozambique,433,9.5,433,,433,Express
Mozambique,453,9.6,453,,453,Express
Mozambique,453,9.7,453,,453,Express
Mozambique,454,9.8,454,,454,Express
Mozambique,454,9.9,454,,454,Express
Mozambique,454,10,454,,454,Express
Myanmar,32,0.1,32,,32,Express
Myanmar,32,0.2,32,,32,Express
Myanmar,32,0.3,32,,32,Express
Myanmar,32,0.4,32,,32,Express
Myanmar,32,0.5,32,,32,Express
Myanmar,44,0.6,44,,44,Express
Myanmar,44,0.7,44,,44,Express
Myanmar,44,0.8,44,,44,Express
Myanmar,44,0.9,44,,44,Express
Myanmar,44,1,44,,44,Express
Myanmar,52,1.1,52,,52,Express
Myanmar,52,1.2,52,,52,Express
Myanmar,52,1.3,52,,52,Express
Myanmar,52,1.4,52,,52,Express
Myanmar,52,1.5,52,,52,Express
Myanmar,59,1.6,59,,59,Express
Myanmar,59,1.7,59,,59,Express
Myanmar,59,1.8,59,,59,Express
Myanmar,59,1.9,59,,59,Express
Myanmar,59,2,59,,59,Express
Myanmar,66,2.1,66,,66,Express
Myanmar,66,2.2,66,,66,Express
Myanmar,66,2.3,66,,66,Express
Myanmar,66,2.4,66,,66,Express
Myanmar,66,2.5,66,,66,Express
Myanmar,69,2.6,69,,69,Express
Myanmar,69,2.7,69,,69,Express
Myanmar,69,2.8,69,,69,Express
Myanmar,69,2.9,69,,69,Express
Myanmar,69,3,69,,69,Express
Myanmar,76,3.1,76,,76,Express
Myanmar,76,3.2,76,,76,Express
Myanmar,76,3.3,76,,76,Express
Myanmar,76,3.4,76,,76,Express
Myanmar,76,3.5,76,,76,Express
Myanmar,84,3.6,84,,84,Express
Myanmar,84,3.7,84,,84,Express
Myanmar,84,3.8,84,,84,Express
Myanmar,84,3.9,84,,84,Express
Myanmar,84,4,84,,84,Express
Myanmar,90,4.1,90,,90,Express
Myanmar,90,4.2,90,,90,Express
Myanmar,90,4.3,90,,90,Express
Myanmar,90,4.4,90,,90,Express
Myanmar,90,4.5,90,,90,Express
Myanmar,99,4.6,99,,99,Express
Myanmar,99,4.7,99,,99,Express
Myanmar,99,4.8,99,,99,Express
Myanmar,99,4.9,99,,99,Express
Myanmar,99,5,99,,99,Express
Myanmar,213,5.1,213,,213,Express
Myanmar,213,5.2,213,,213,Express
Myanmar,213,5.3,213,,213,Express
Myanmar,213,5.4,213,,213,Express
Myanmar,213,5.5,213,,213,Express
Myanmar,228,5.6,228,,228,Express
Myanmar,228,5.7,228,,228,Express
Myanmar,228,5.8,228,,228,Express
Myanmar,228,5.9,228,,228,Express
Myanmar,228,6,228,,228,Express
Myanmar,243,6.1,243,,243,Express
Myanmar,243,6.2,243,,243,Express
Myanmar,243,6.3,243,,243,Express
Myanmar,243,6.4,243,,243,Express
Myanmar,243,6.5,243,,243,Express
Myanmar,258,6.6,258,,258,Express
Myanmar,258,6.7,258,,258,Express
Myanmar,258,6.8,258,,258,Express
Myanmar,258,6.9,258,,258,Express
Myanmar,258,7,258,,258,Express
Myanmar,273,7.1,273,,273,Express
Myanmar,273,7.2,273,,273,Express
Myanmar,273,7.3,273,,273,Express
Myanmar,273,7.4,273,,273,Express
Myanmar,273,7.5,273,,273,Express
Myanmar,287,7.6,287,,287,Express
Myanmar,287,7.7,287,,287,Express
Myanmar,287,7.8,287,,287,Express
Myanmar,287,7.9,287,,287,Express
Myanmar,287,8,287,,287,Express
Myanmar,301,8.1,301,,301,Express
Myanmar,301,8.2,301,,301,Express
Myanmar,301,8.3,301,,301,Express
Myanmar,301,8.4,301,,301,Express
Myanmar,301,8.5,301,,301,Express
Myanmar,315,8.6,315,,315,Express
Myanmar,315,8.7,315,,315,Express
Myanmar,315,8.8,315,,315,Express
Myanmar,315,8.9,315,,315,Express
Myanmar,315,9,315,,315,Express
Myanmar,328,9.1,328,,328,Express
Myanmar,328,9.2,328,,328,Express
Myanmar,328,9.3,328,,328,Express
Myanmar,328,9.4,328,,328,Express
Myanmar,328,9.5,328,,328,Express
Myanmar,337,9.6,337,,337,Express
Myanmar,337,9.7,337,,337,Express
Myanmar,337,9.8,337,,337,Express
Myanmar,337,9.9,337,,337,Express
Myanmar,337,10,337,,337,Express
Namibia,47,0.1,47,,47,Express
Namibia,47,0.2,47,,47,Express
Namibia,47,0.3,47,,47,Express
Namibia,48,0.4,48,,48,Express
Namibia,48,0.5,48,,48,Express
Namibia,58,0.6,58,,58,Express
Namibia,58,0.7,58,,58,Express
Namibia,58,0.8,58,,58,Express
Namibia,58,0.9,58,,58,Express
Namibia,58,1,58,,58,Express
Namibia,69,1.1,69,,69,Express
Namibia,69,1.2,69,,69,Express
Namibia,69,1.3,69,,69,Express
Namibia,69,1.4,69,,69,Express
Namibia,69,1.5,69,,69,Express
Namibia,78,1.6,78,,78,Express
Namibia,78,1.7,78,,78,Express
Namibia,79,1.8,79,,79,Express
Namibia,79,1.9,79,,79,Express
Namibia,79,2,79,,79,Express
Namibia,89,2.1,89,,89,Express
Namibia,89,2.2,89,,89,Express
Namibia,89,2.3,89,,89,Express
Namibia,89,2.4,89,,89,Express
Namibia,89,2.5,89,,89,Express
Namibia,99,2.6,99,,99,Express
Namibia,100,2.7,100,,100,Express
Namibia,100,2.8,100,,100,Express
Namibia,100,2.9,100,,100,Express
Namibia,100,3,100,,100,Express
Namibia,110,3.1,110,,110,Express
Namibia,110,3.2,110,,110,Express
Namibia,110,3.3,110,,110,Express
Namibia,110,3.4,110,,110,Express
Namibia,111,3.5,111,,111,Express
Namibia,120,3.6,120,,120,Express
Namibia,120,3.7,120,,120,Express
Namibia,120,3.8,120,,120,Express
Namibia,120,3.9,120,,120,Express
Namibia,120,4,120,,120,Express
Namibia,130,4.1,130,,130,Express
Namibia,131,4.2,131,,131,Express
Namibia,131,4.3,131,,131,Express
Namibia,131,4.4,131,,131,Express
Namibia,131,4.5,131,,131,Express
Namibia,140,4.6,140,,140,Express
Namibia,140,4.7,140,,140,Express
Namibia,141,4.8,141,,141,Express
Namibia,141,4.9,141,,141,Express
Namibia,141,5,141,,141,Express
Namibia,293,5.1,293,,293,Express
Namibia,293,5.2,293,,293,Express
Namibia,293,5.3,293,,293,Express
Namibia,293,5.4,293,,293,Express
Namibia,294,5.5,294,,294,Express
Namibia,311,5.6,311,,311,Express
Namibia,311,5.7,311,,311,Express
Namibia,312,5.8,312,,312,Express
Namibia,312,5.9,312,,312,Express
Namibia,312,6,312,,312,Express
Namibia,330,6.1,330,,330,Express
Namibia,330,6.2,330,,330,Express
Namibia,330,6.3,330,,330,Express
Namibia,330,6.4,330,,330,Express
Namibia,331,6.5,331,,331,Express
Namibia,348,6.6,348,,348,Express
Namibia,348,6.7,348,,348,Express
Namibia,348,6.8,348,,348,Express
Namibia,348,6.9,348,,348,Express
Namibia,349,7,349,,349,Express
Namibia,366,7.1,366,,366,Express
Namibia,367,7.2,367,,367,Express
Namibia,367,7.3,367,,367,Express
Namibia,367,7.4,367,,367,Express
Namibia,367,7.5,367,,367,Express
Namibia,383,7.6,383,,383,Express
Namibia,383,7.7,383,,383,Express
Namibia,383,7.8,383,,383,Express
Namibia,383,7.9,383,,383,Express
Namibia,384,8,384,,384,Express
Namibia,399,8.1,399,,399,Express
Namibia,400,8.2,400,,400,Express
Namibia,400,8.3,400,,400,Express
Namibia,400,8.4,400,,400,Express
Namibia,400,8.5,400,,400,Express
Namibia,416,8.6,416,,416,Express
Namibia,416,8.7,416,,416,Express
Namibia,416,8.8,416,,416,Express
Namibia,417,8.9,417,,417,Express
Namibia,417,9,417,,417,Express
Namibia,433,9.1,433,,433,Express
Namibia,433,9.2,433,,433,Express
Namibia,433,9.3,433,,433,Express
Namibia,433,9.4,433,,433,Express
Namibia,433,9.5,433,,433,Express
Namibia,453,9.6,453,,453,Express
Namibia,453,9.7,453,,453,Express
Namibia,454,9.8,454,,454,Express
Namibia,454,9.9,454,,454,Express
Namibia,454,10,454,,454,Express
Nauru,47,0.1,47,,47,Express
Nauru,47,0.2,47,,47,Express
Nauru,47,0.3,47,,47,Express
Nauru,48,0.4,48,,48,Express
Nauru,48,0.5,48,,48,Express
Nauru,58,0.6,58,,58,Express
Nauru,58,0.7,58,,58,Express
Nauru,58,0.8,58,,58,Express
Nauru,58,0.9,58,,58,Express
Nauru,58,1,58,,58,Express
Nauru,69,1.1,69,,69,Express
Nauru,69,1.2,69,,69,Express
Nauru,69,1.3,69,,69,Express
Nauru,69,1.4,69,,69,Express
Nauru,69,1.5,69,,69,Express
Nauru,78,1.6,78,,78,Express
Nauru,78,1.7,78,,78,Express
Nauru,79,1.8,79,,79,Express
Nauru,79,1.9,79,,79,Express
Nauru,79,2,79,,79,Express
Nauru,89,2.1,89,,89,Express
Nauru,89,2.2,89,,89,Express
Nauru,89,2.3,89,,89,Express
Nauru,89,2.4,89,,89,Express
Nauru,89,2.5,89,,89,Express
Nauru,99,2.6,99,,99,Express
Nauru,100,2.7,100,,100,Express
Nauru,100,2.8,100,,100,Express
Nauru,100,2.9,100,,100,Express
Nauru,100,3,100,,100,Express
Nauru,110,3.1,110,,110,Express
Nauru,110,3.2,110,,110,Express
Nauru,110,3.3,110,,110,Express
Nauru,110,3.4,110,,110,Express
Nauru,111,3.5,111,,111,Express
Nauru,120,3.6,120,,120,Express
Nauru,120,3.7,120,,120,Express
Nauru,120,3.8,120,,120,Express
Nauru,120,3.9,120,,120,Express
Nauru,120,4,120,,120,Express
Nauru,130,4.1,130,,130,Express
Nauru,131,4.2,131,,131,Express
Nauru,131,4.3,131,,131,Express
Nauru,131,4.4,131,,131,Express
Nauru,131,4.5,131,,131,Express
Nauru,140,4.6,140,,140,Express
Nauru,140,4.7,140,,140,Express
Nauru,141,4.8,141,,141,Express
Nauru,141,4.9,141,,141,Express
Nauru,141,5,141,,141,Express
Nauru,293,5.1,293,,293,Express
Nauru,293,5.2,293,,293,Express
Nauru,293,5.3,293,,293,Express
Nauru,293,5.4,293,,293,Express
Nauru,294,5.5,294,,294,Express
Nauru,311,5.6,311,,311,Express
Nauru,311,5.7,311,,311,Express
Nauru,312,5.8,312,,312,Express
Nauru,312,5.9,312,,312,Express
Nauru,312,6,312,,312,Express
Nauru,330,6.1,330,,330,Express
Nauru,330,6.2,330,,330,Express
Nauru,330,6.3,330,,330,Express
Nauru,330,6.4,330,,330,Express
Nauru,331,6.5,331,,331,Express
Nauru,348,6.6,348,,348,Express
Nauru,348,6.7,348,,348,Express
Nauru,348,6.8,348,,348,Express
Nauru,348,6.9,348,,348,Express
Nauru,349,7,349,,349,Express
Nauru,366,7.1,366,,366,Express
Nauru,367,7.2,367,,367,Express
Nauru,367,7.3,367,,367,Express
Nauru,367,7.4,367,,367,Express
Nauru,367,7.5,367,,367,Express
Nauru,383,7.6,383,,383,Express
Nauru,383,7.7,383,,383,Express
Nauru,383,7.8,383,,383,Express
Nauru,383,7.9,383,,383,Express
Nauru,384,8,384,,384,Express
Nauru,399,8.1,399,,399,Express
Nauru,400,8.2,400,,400,Express
Nauru,400,8.3,400,,400,Express
Nauru,400,8.4,400,,400,Express
Nauru,400,8.5,400,,400,Express
Nauru,416,8.6,416,,416,Express
Nauru,416,8.7,416,,416,Express
Nauru,416,8.8,416,,416,Express
Nauru,417,8.9,417,,417,Express
Nauru,417,9,417,,417,Express
Nauru,433,9.1,433,,433,Express
Nauru,433,9.2,433,,433,Express
Nauru,433,9.3,433,,433,Express
Nauru,433,9.4,433,,433,Express
Nauru,433,9.5,433,,433,Express
Nauru,453,9.6,453,,453,Express
Nauru,453,9.7,453,,453,Express
Nauru,454,9.8,454,,454,Express
Nauru,454,9.9,454,,454,Express
Nauru,454,10,454,,454,Express
Nepal,47,0.1,47,,47,Express
Nepal,47,0.2,47,,47,Express
Nepal,47,0.3,47,,47,Express
Nepal,48,0.4,48,,48,Express
Nepal,48,0.5,48,,48,Express
Nepal,58,0.6,58,,58,Express
Nepal,58,0.7,58,,58,Express
Nepal,58,0.8,58,,58,Express
Nepal,58,0.9,58,,58,Express
Nepal,58,1,58,,58,Express
Nepal,69,1.1,69,,69,Express
Nepal,69,1.2,69,,69,Express
Nepal,69,1.3,69,,69,Express
Nepal,69,1.4,69,,69,Express
Nepal,69,1.5,69,,69,Express
Nepal,78,1.6,78,,78,Express
Nepal,78,1.7,78,,78,Express
Nepal,79,1.8,79,,79,Express
Nepal,79,1.9,79,,79,Express
Nepal,79,2,79,,79,Express
Nepal,89,2.1,89,,89,Express
Nepal,89,2.2,89,,89,Express
Nepal,89,2.3,89,,89,Express
Nepal,89,2.4,89,,89,Express
Nepal,89,2.5,89,,89,Express
Nepal,99,2.6,99,,99,Express
Nepal,100,2.7,100,,100,Express
Nepal,100,2.8,100,,100,Express
Nepal,100,2.9,100,,100,Express
Nepal,100,3,100,,100,Express
Nepal,110,3.1,110,,110,Express
Nepal,110,3.2,110,,110,Express
Nepal,110,3.3,110,,110,Express
Nepal,110,3.4,110,,110,Express
Nepal,111,3.5,111,,111,Express
Nepal,120,3.6,120,,120,Express
Nepal,120,3.7,120,,120,Express
Nepal,120,3.8,120,,120,Express
Nepal,120,3.9,120,,120,Express
Nepal,120,4,120,,120,Express
Nepal,130,4.1,130,,130,Express
Nepal,131,4.2,131,,131,Express
Nepal,131,4.3,131,,131,Express
Nepal,131,4.4,131,,131,Express
Nepal,131,4.5,131,,131,Express
Nepal,140,4.6,140,,140,Express
Nepal,140,4.7,140,,140,Express
Nepal,141,4.8,141,,141,Express
Nepal,141,4.9,141,,141,Express
Nepal,141,5,141,,141,Express
Nepal,293,5.1,293,,293,Express
Nepal,293,5.2,293,,293,Express
Nepal,293,5.3,293,,293,Express
Nepal,293,5.4,293,,293,Express
Nepal,294,5.5,294,,294,Express
Nepal,311,5.6,311,,311,Express
Nepal,311,5.7,311,,311,Express
Nepal,312,5.8,312,,312,Express
Nepal,312,5.9,312,,312,Express
Nepal,312,6,312,,312,Express
Nepal,330,6.1,330,,330,Express
Nepal,330,6.2,330,,330,Express
Nepal,330,6.3,330,,330,Express
Nepal,330,6.4,330,,330,Express
Nepal,331,6.5,331,,331,Express
Nepal,348,6.6,348,,348,Express
Nepal,348,6.7,348,,348,Express
Nepal,348,6.8,348,,348,Express
Nepal,348,6.9,348,,348,Express
Nepal,349,7,349,,349,Express
Nepal,366,7.1,366,,366,Express
Nepal,367,7.2,367,,367,Express
Nepal,367,7.3,367,,367,Express
Nepal,367,7.4,367,,367,Express
Nepal,367,7.5,367,,367,Express
Nepal,383,7.6,383,,383,Express
Nepal,383,7.7,383,,383,Express
Nepal,383,7.8,383,,383,Express
Nepal,383,7.9,383,,383,Express
Nepal,384,8,384,,384,Express
Nepal,399,8.1,399,,399,Express
Nepal,400,8.2,400,,400,Express
Nepal,400,8.3,400,,400,Express
Nepal,400,8.4,400,,400,Express
Nepal,400,8.5,400,,400,Express
Nepal,416,8.6,416,,416,Express
Nepal,416,8.7,416,,416,Express
Nepal,416,8.8,416,,416,Express
Nepal,417,8.9,417,,417,Express
Nepal,417,9,417,,417,Express
Nepal,433,9.1,433,,433,Express
Nepal,433,9.2,433,,433,Express
Nepal,433,9.3,433,,433,Express
Nepal,433,9.4,433,,433,Express
Nepal,433,9.5,433,,433,Express
Nepal,453,9.6,453,,453,Express
Nepal,453,9.7,453,,453,Express
Nepal,454,9.8,454,,454,Express
Nepal,454,9.9,454,,454,Express
Nepal,454,10,454,,454,Express
Netherlands,9,0.1,9,26,30,Standard
Netherlands,12,0.2,12,26,30,Standard
Netherlands,14,0.3,14,26,31,Standard
Netherlands,17,0.4,17,26,31,Standard
Netherlands,20,0.5,20,26,31,Standard
Netherlands,23,0.6,23,28,35,Standard
Netherlands,26,0.7,26,28,35,Standard
Netherlands,28,0.8,28,29,36,Standard
Netherlands,29,0.9,29,29,36,Standard
Netherlands,29,1,29,29,36,Standard
Netherlands,30,1.1,30,30,40,Standard
Netherlands,30,1.2,30,30,41,Standard
Netherlands,31,1.3,31,31,41,Standard
Netherlands,31,1.4,31,31,41,Standard
Netherlands,31,1.5,31,31,41,Standard
Netherlands,33,1.6,33,33,47,Standard
Netherlands,33,1.7,33,33,47,Standard
Netherlands,35,1.8,35,35,47,Standard
Netherlands,35,1.9,35,35,47,Standard
Netherlands,35,2,35,35,47,Standard
Netherlands,38,2.1,38,38,53,Standard
Netherlands,38,2.2,38,38,54,Standard
Netherlands,38,2.3,38,38,54,Standard
Netherlands,38,2.4,38,38,54,Standard
Netherlands,38,2.5,38,38,54,Standard
Netherlands,41,2.6,41,41,58,Standard
Netherlands,41,2.7,41,41,58,Standard
Netherlands,41,2.8,41,41,58,Standard
Netherlands,41,2.9,41,41,58,Standard
Netherlands,41,3,41,41,59,Standard
Netherlands,43,3.1,43,43,64,Standard
Netherlands,43,3.2,43,43,64,Standard
Netherlands,43,3.3,43,43,64,Standard
Netherlands,43,3.4,43,43,65,Standard
Netherlands,43,3.5,43,43,65,Standard
Netherlands,46,3.6,46,46,70,Standard
Netherlands,46,3.7,46,46,70,Standard
Netherlands,46,3.8,46,46,70,Standard
Netherlands,46,3.9,46,46,70,Standard
Netherlands,46,4,46,46,70,Standard
Netherlands,49,4.1,49,49,76,Standard
Netherlands,49,4.2,49,49,76,Standard
Netherlands,49,4.3,49,49,76,Standard
Netherlands,49,4.4,49,49,76,Standard
Netherlands,49,4.5,49,49,76,Standard
Netherlands,52,4.6,52,52,81,Standard
Netherlands,52,4.7,52,52,81,Standard
Netherlands,52,4.8,52,52,81,Standard
Netherlands,52,4.9,52,52,82,Standard
Netherlands,52,5,52,52,82,Standard
Netherlands,55,5.1,55,55,126,Standard
Netherlands,55,5.2,55,55,127,Standard
Netherlands,55,5.3,55,55,127,Standard
Netherlands,55,5.4,55,55,127,Standard
Netherlands,55,5.5,55,55,127,Standard
Netherlands,58,5.6,58,58,135,Standard
Netherlands,58,5.7,58,58,135,Standard
Netherlands,58,5.8,58,58,135,Standard
Netherlands,58,5.9,58,58,135,Standard
Netherlands,58,6,58,58,136,Standard
Netherlands,61,6.1,61,61,144,Standard
Netherlands,61,6.2,61,61,144,Standard
Netherlands,61,6.3,61,61,144,Standard
Netherlands,61,6.4,61,61,144,Standard
Netherlands,61,6.5,61,61,145,Standard
Netherlands,65,6.6,65,65,153,Standard
Netherlands,65,6.7,65,65,153,Standard
Netherlands,65,6.8,65,65,153,Standard
Netherlands,65,6.9,65,65,153,Standard
Netherlands,65,7,65,65,153,Standard
Netherlands,69,7.1,69,69,162,Standard
Netherlands,69,7.2,69,69,162,Standard
Netherlands,69,7.3,69,69,162,Standard
Netherlands,69,7.4,69,69,162,Standard
Netherlands,69,7.5,69,69,162,Standard
Netherlands,72,7.6,72,72,169,Standard
Netherlands,72,7.7,72,72,170,Standard
Netherlands,72,7.8,72,72,170,Standard
Netherlands,72,7.9,72,72,170,Standard
Netherlands,72,8,72,72,170,Standard
Netherlands,76,8.1,76,76,177,Standard
Netherlands,76,8.2,76,76,177,Standard
Netherlands,76,8.3,76,76,177,Standard
Netherlands,76,8.4,76,76,177,Standard
Netherlands,76,8.5,76,76,177,Standard
Netherlands,80,8.6,80,80,185,Standard
Netherlands,80,8.7,80,80,185,Standard
Netherlands,80,8.8,80,80,185,Standard
Netherlands,80,8.9,80,80,185,Standard
Netherlands,80,9,80,80,185,Standard
Netherlands,84,9.1,84,84,192,Standard
Netherlands,84,9.2,84,84,192,Standard
Netherlands,84,9.3,84,84,192,Standard
Netherlands,84,9.4,84,84,193,Standard
Netherlands,84,9.5,84,84,193,Standard
Netherlands,88,9.6,88,88,198,Standard
Netherlands,88,9.7,88,88,199,Standard
Netherlands,88,9.8,88,88,199,Standard
Netherlands,88,9.9,88,88,199,Standard
Netherlands,88,10,88,88,199,Standard
Nevis,47,0.1,47,,47,Express
Nevis,47,0.2,47,,47,Express
Nevis,47,0.3,47,,47,Express
Nevis,48,0.4,48,,48,Express
Nevis,48,0.5,48,,48,Express
Nevis,58,0.6,58,,58,Express
Nevis,58,0.7,58,,58,Express
Nevis,58,0.8,58,,58,Express
Nevis,58,0.9,58,,58,Express
Nevis,58,1,58,,58,Express
Nevis,69,1.1,69,,69,Express
Nevis,69,1.2,69,,69,Express
Nevis,69,1.3,69,,69,Express
Nevis,69,1.4,69,,69,Express
Nevis,69,1.5,69,,69,Express
Nevis,78,1.6,78,,78,Express
Nevis,78,1.7,78,,78,Express
Nevis,79,1.8,79,,79,Express
Nevis,79,1.9,79,,79,Express
Nevis,79,2,79,,79,Express
Nevis,89,2.1,89,,89,Express
Nevis,89,2.2,89,,89,Express
Nevis,89,2.3,89,,89,Express
Nevis,89,2.4,89,,89,Express
Nevis,89,2.5,89,,89,Express
Nevis,99,2.6,99,,99,Express
Nevis,100,2.7,100,,100,Express
Nevis,100,2.8,100,,100,Express
Nevis,100,2.9,100,,100,Express
Nevis,100,3,100,,100,Express
Nevis,110,3.1,110,,110,Express
Nevis,110,3.2,110,,110,Express
Nevis,110,3.3,110,,110,Express
Nevis,110,3.4,110,,110,Express
Nevis,111,3.5,111,,111,Express
Nevis,120,3.6,120,,120,Express
Nevis,120,3.7,120,,120,Express
Nevis,120,3.8,120,,120,Express
Nevis,120,3.9,120,,120,Express
Nevis,120,4,120,,120,Express
Nevis,130,4.1,130,,130,Express
Nevis,131,4.2,131,,131,Express
Nevis,131,4.3,131,,131,Express
Nevis,131,4.4,131,,131,Express
Nevis,131,4.5,131,,131,Express
Nevis,140,4.6,140,,140,Express
Nevis,140,4.7,140,,140,Express
Nevis,141,4.8,141,,141,Express
Nevis,141,4.9,141,,141,Express
Nevis,141,5,141,,141,Express
Nevis,293,5.1,293,,293,Express
Nevis,293,5.2,293,,293,Express
Nevis,293,5.3,293,,293,Express
Nevis,293,5.4,293,,293,Express
Nevis,294,5.5,294,,294,Express
Nevis,311,5.6,311,,311,Express
Nevis,311,5.7,311,,311,Express
Nevis,312,5.8,312,,312,Express
Nevis,312,5.9,312,,312,Express
Nevis,312,6,312,,312,Express
Nevis,330,6.1,330,,330,Express
Nevis,330,6.2,330,,330,Express
Nevis,330,6.3,330,,330,Express
Nevis,330,6.4,330,,330,Express
Nevis,331,6.5,331,,331,Express
Nevis,348,6.6,348,,348,Express
Nevis,348,6.7,348,,348,Express
Nevis,348,6.8,348,,348,Express
Nevis,348,6.9,348,,348,Express
Nevis,349,7,349,,349,Express
Nevis,366,7.1,366,,366,Express
Nevis,367,7.2,367,,367,Express
Nevis,367,7.3,367,,367,Express
Nevis,367,7.4,367,,367,Express
Nevis,367,7.5,367,,367,Express
Nevis,383,7.6,383,,383,Express
Nevis,383,7.7,383,,383,Express
Nevis,383,7.8,383,,383,Express
Nevis,383,7.9,383,,383,Express
Nevis,384,8,384,,384,Express
Nevis,399,8.1,399,,399,Express
Nevis,400,8.2,400,,400,Express
Nevis,400,8.3,400,,400,Express
Nevis,400,8.4,400,,400,Express
Nevis,400,8.5,400,,400,Express
Nevis,416,8.6,416,,416,Express
Nevis,416,8.7,416,,416,Express
Nevis,416,8.8,416,,416,Express
Nevis,417,8.9,417,,417,Express
Nevis,417,9,417,,417,Express
Nevis,433,9.1,433,,433,Express
Nevis,433,9.2,433,,433,Express
Nevis,433,9.3,433,,433,Express
Nevis,433,9.4,433,,433,Express
Nevis,433,9.5,433,,433,Express
Nevis,453,9.6,453,,453,Express
Nevis,453,9.7,453,,453,Express
Nevis,454,9.8,454,,454,Express
Nevis,454,9.9,454,,454,Express
Nevis,454,10,454,,454,Express
New Caledonia,47,0.1,47,,47,Express
New Caledonia,47,0.2,47,,47,Express
New Caledonia,47,0.3,47,,47,Express
New Caledonia,48,0.4,48,,48,Express
New Caledonia,48,0.5,48,,48,Express
New Caledonia,58,0.6,58,,58,Express
New Caledonia,58,0.7,58,,58,Express
New Caledonia,58,0.8,58,,58,Express
New Caledonia,58,0.9,58,,58,Express
New Caledonia,58,1,58,,58,Express
New Caledonia,69,1.1,69,,69,Express
New Caledonia,69,1.2,69,,69,Express
New Caledonia,69,1.3,69,,69,Express
New Caledonia,69,1.4,69,,69,Express
New Caledonia,69,1.5,69,,69,Express
New Caledonia,78,1.6,78,,78,Express
New Caledonia,78,1.7,78,,78,Express
New Caledonia,79,1.8,79,,79,Express
New Caledonia,79,1.9,79,,79,Express
New Caledonia,79,2,79,,79,Express
New Caledonia,89,2.1,89,,89,Express
New Caledonia,89,2.2,89,,89,Express
New Caledonia,89,2.3,89,,89,Express
New Caledonia,89,2.4,89,,89,Express
New Caledonia,89,2.5,89,,89,Express
New Caledonia,99,2.6,99,,99,Express
New Caledonia,100,2.7,100,,100,Express
New Caledonia,100,2.8,100,,100,Express
New Caledonia,100,2.9,100,,100,Express
New Caledonia,100,3,100,,100,Express
New Caledonia,110,3.1,110,,110,Express
New Caledonia,110,3.2,110,,110,Express
New Caledonia,110,3.3,110,,110,Express
New Caledonia,110,3.4,110,,110,Express
New Caledonia,111,3.5,111,,111,Express
New Caledonia,120,3.6,120,,120,Express
New Caledonia,120,3.7,120,,120,Express
New Caledonia,120,3.8,120,,120,Express
New Caledonia,120,3.9,120,,120,Express
New Caledonia,120,4,120,,120,Express
New Caledonia,130,4.1,130,,130,Express
New Caledonia,131,4.2,131,,131,Express
New Caledonia,131,4.3,131,,131,Express
New Caledonia,131,4.4,131,,131,Express
New Caledonia,131,4.5,131,,131,Express
New Caledonia,140,4.6,140,,140,Express
New Caledonia,140,4.7,140,,140,Express
New Caledonia,141,4.8,141,,141,Express
New Caledonia,141,4.9,141,,141,Express
New Caledonia,141,5,141,,141,Express
New Caledonia,293,5.1,293,,293,Express
New Caledonia,293,5.2,293,,293,Express
New Caledonia,293,5.3,293,,293,Express
New Caledonia,293,5.4,293,,293,Express
New Caledonia,294,5.5,294,,294,Express
New Caledonia,311,5.6,311,,311,Express
New Caledonia,311,5.7,311,,311,Express
New Caledonia,312,5.8,312,,312,Express
New Caledonia,312,5.9,312,,312,Express
New Caledonia,312,6,312,,312,Express
New Caledonia,330,6.1,330,,330,Express
New Caledonia,330,6.2,330,,330,Express
New Caledonia,330,6.3,330,,330,Express
New Caledonia,330,6.4,330,,330,Express
New Caledonia,331,6.5,331,,331,Express
New Caledonia,348,6.6,348,,348,Express
New Caledonia,348,6.7,348,,348,Express
New Caledonia,348,6.8,348,,348,Express
New Caledonia,348,6.9,348,,348,Express
New Caledonia,349,7,349,,349,Express
New Caledonia,366,7.1,366,,366,Express
New Caledonia,367,7.2,367,,367,Express
New Caledonia,367,7.3,367,,367,Express
New Caledonia,367,7.4,367,,367,Express
New Caledonia,367,7.5,367,,367,Express
New Caledonia,383,7.6,383,,383,Express
New Caledonia,383,7.7,383,,383,Express
New Caledonia,383,7.8,383,,383,Express
New Caledonia,383,7.9,383,,383,Express
New Caledonia,384,8,384,,384,Express
New Caledonia,399,8.1,399,,399,Express
New Caledonia,400,8.2,400,,400,Express
New Caledonia,400,8.3,400,,400,Express
New Caledonia,400,8.4,400,,400,Express
New Caledonia,400,8.5,400,,400,Express
New Caledonia,416,8.6,416,,416,Express
New Caledonia,416,8.7,416,,416,Express
New Caledonia,416,8.8,416,,416,Express
New Caledonia,417,8.9,417,,417,Express
New Caledonia,417,9,417,,417,Express
New Caledonia,433,9.1,433,,433,Express
New Caledonia,433,9.2,433,,433,Express
New Caledonia,433,9.3,433,,433,Express
New Caledonia,433,9.4,433,,433,Express
New Caledonia,433,9.5,433,,433,Express
New Caledonia,453,9.6,453,,453,Express
New Caledonia,453,9.7,453,,453,Express
New Caledonia,454,9.8,454,,454,Express
New Caledonia,454,9.9,454,,454,Express
New Caledonia,454,10,454,,454,Express
New Zealand,4,0.1,4,17,32,Standard
New Zealand,5,0.2,5,17,32,Standard
New Zealand,6,0.3,6,17,32,Standard
New Zealand,7,0.4,7,17,32,Standard
New Zealand,9,0.5,9,17,32,Standard
New Zealand,10,0.6,10,19,40,Standard
New Zealand,11,0.7,11,19,40,Standard
New Zealand,12,0.8,12,20,40,Standard
New Zealand,13,0.9,13,20,40,Standard
New Zealand,14,1,14,20,40,Standard
New Zealand,16,1.1,16,22,44,Standard
New Zealand,17,1.2,17,22,44,Standard
New Zealand,18,1.3,18,24,44,Standard
New Zealand,20,1.4,20,24,44,Standard
New Zealand,21,1.5,21,24,44,Standard
New Zealand,23,1.6,23,26,49,Standard
New Zealand,24,1.7,24,26,49,Standard
New Zealand,25,1.8,25,28,49,Standard
New Zealand,27,1.9,27,28,49,Standard
New Zealand,28,2,28,28,49,Standard
New Zealand,31,2.1,31,31,54,Standard
New Zealand,31,2.2,31,31,54,Standard
New Zealand,31,2.3,31,31,54,Standard
New Zealand,31,2.4,31,31,54,Standard
New Zealand,31,2.5,31,31,54,Standard
New Zealand,34,2.6,34,34,60,Standard
New Zealand,34,2.7,34,34,60,Standard
New Zealand,34,2.8,34,34,60,Standard
New Zealand,34,2.9,34,34,60,Standard
New Zealand,34,3,34,34,60,Standard
New Zealand,38,3.1,38,38,65,Standard
New Zealand,38,3.2,38,38,65,Standard
New Zealand,38,3.3,38,38,65,Standard
New Zealand,38,3.4,38,38,65,Standard
New Zealand,38,3.5,38,38,65,Standard
New Zealand,41,3.6,41,41,69,Standard
New Zealand,41,3.7,41,41,69,Standard
New Zealand,41,3.8,41,41,69,Standard
New Zealand,41,3.9,41,41,69,Standard
New Zealand,41,4,41,41,69,Standard
New Zealand,45,4.1,45,45,73,Standard
New Zealand,45,4.2,45,45,73,Standard
New Zealand,45,4.3,45,45,73,Standard
New Zealand,45,4.4,45,45,73,Standard
New Zealand,45,4.5,45,45,73,Standard
New Zealand,48,4.6,48,48,78,Standard
New Zealand,48,4.7,48,48,78,Standard
New Zealand,48,4.8,48,48,78,Standard
New Zealand,48,4.9,48,48,78,Standard
New Zealand,48,5,48,48,78,Standard
New Zealand,50,5.1,50,50,127,Standard
New Zealand,50,5.2,50,50,127,Standard
New Zealand,50,5.3,50,50,127,Standard
New Zealand,50,5.4,50,50,127,Standard
New Zealand,50,5.5,50,50,127,Standard
New Zealand,53,5.6,53,53,133,Standard
New Zealand,53,5.7,53,53,133,Standard
New Zealand,53,5.8,53,53,133,Standard
New Zealand,53,5.9,53,53,133,Standard
New Zealand,53,6,53,53,133,Standard
New Zealand,56,6.1,56,56,139,Standard
New Zealand,56,6.2,56,56,139,Standard
New Zealand,56,6.3,56,56,139,Standard
New Zealand,56,6.4,56,56,139,Standard
New Zealand,56,6.5,56,56,139,Standard
New Zealand,59,6.6,59,59,146,Standard
New Zealand,59,6.7,59,59,146,Standard
New Zealand,59,6.8,59,59,146,Standard
New Zealand,59,6.9,59,59,146,Standard
New Zealand,59,7,59,59,146,Standard
New Zealand,63,7.1,63,63,152,Standard
New Zealand,63,7.2,63,63,152,Standard
New Zealand,63,7.3,63,63,152,Standard
New Zealand,63,7.4,63,63,152,Standard
New Zealand,63,7.5,63,63,152,Standard
New Zealand,67,7.6,67,67,158,Standard
New Zealand,67,7.7,67,67,158,Standard
New Zealand,67,7.8,67,67,158,Standard
New Zealand,67,7.9,67,67,158,Standard
New Zealand,67,8,67,67,158,Standard
New Zealand,72,8.1,72,72,164,Standard
New Zealand,72,8.2,72,72,164,Standard
New Zealand,72,8.3,72,72,164,Standard
New Zealand,72,8.4,72,72,164,Standard
New Zealand,72,8.5,72,72,164,Standard
New Zealand,75,8.6,75,75,170,Standard
New Zealand,75,8.7,75,75,170,Standard
New Zealand,75,8.8,75,75,170,Standard
New Zealand,75,8.9,75,75,170,Standard
New Zealand,75,9,75,75,170,Standard
New Zealand,78,9.1,78,78,177,Standard
New Zealand,78,9.2,78,78,177,Standard
New Zealand,78,9.3,78,78,177,Standard
New Zealand,78,9.4,78,78,177,Standard
New Zealand,78,9.5,78,78,177,Standard
New Zealand,82,9.6,82,82,183,Standard
New Zealand,82,9.7,82,82,183,Standard
New Zealand,82,9.8,82,82,183,Standard
New Zealand,82,9.9,82,82,183,Standard
New Zealand,82,10,82,82,183,Standard
Nicaragua,47,0.1,47,,47,Express
Nicaragua,47,0.2,47,,47,Express
Nicaragua,47,0.3,47,,47,Express
Nicaragua,48,0.4,48,,48,Express
Nicaragua,48,0.5,48,,48,Express
Nicaragua,58,0.6,58,,58,Express
Nicaragua,58,0.7,58,,58,Express
Nicaragua,58,0.8,58,,58,Express
Nicaragua,58,0.9,58,,58,Express
Nicaragua,58,1,58,,58,Express
Nicaragua,69,1.1,69,,69,Express
Nicaragua,69,1.2,69,,69,Express
Nicaragua,69,1.3,69,,69,Express
Nicaragua,69,1.4,69,,69,Express
Nicaragua,69,1.5,69,,69,Express
Nicaragua,78,1.6,78,,78,Express
Nicaragua,78,1.7,78,,78,Express
Nicaragua,79,1.8,79,,79,Express
Nicaragua,79,1.9,79,,79,Express
Nicaragua,79,2,79,,79,Express
Nicaragua,89,2.1,89,,89,Express
Nicaragua,89,2.2,89,,89,Express
Nicaragua,89,2.3,89,,89,Express
Nicaragua,89,2.4,89,,89,Express
Nicaragua,89,2.5,89,,89,Express
Nicaragua,99,2.6,99,,99,Express
Nicaragua,100,2.7,100,,100,Express
Nicaragua,100,2.8,100,,100,Express
Nicaragua,100,2.9,100,,100,Express
Nicaragua,100,3,100,,100,Express
Nicaragua,110,3.1,110,,110,Express
Nicaragua,110,3.2,110,,110,Express
Nicaragua,110,3.3,110,,110,Express
Nicaragua,110,3.4,110,,110,Express
Nicaragua,111,3.5,111,,111,Express
Nicaragua,120,3.6,120,,120,Express
Nicaragua,120,3.7,120,,120,Express
Nicaragua,120,3.8,120,,120,Express
Nicaragua,120,3.9,120,,120,Express
Nicaragua,120,4,120,,120,Express
Nicaragua,130,4.1,130,,130,Express
Nicaragua,131,4.2,131,,131,Express
Nicaragua,131,4.3,131,,131,Express
Nicaragua,131,4.4,131,,131,Express
Nicaragua,131,4.5,131,,131,Express
Nicaragua,140,4.6,140,,140,Express
Nicaragua,140,4.7,140,,140,Express
Nicaragua,141,4.8,141,,141,Express
Nicaragua,141,4.9,141,,141,Express
Nicaragua,141,5,141,,141,Express
Nicaragua,293,5.1,293,,293,Express
Nicaragua,293,5.2,293,,293,Express
Nicaragua,293,5.3,293,,293,Express
Nicaragua,293,5.4,293,,293,Express
Nicaragua,294,5.5,294,,294,Express
Nicaragua,311,5.6,311,,311,Express
Nicaragua,311,5.7,311,,311,Express
Nicaragua,312,5.8,312,,312,Express
Nicaragua,312,5.9,312,,312,Express
Nicaragua,312,6,312,,312,Express
Nicaragua,330,6.1,330,,330,Express
Nicaragua,330,6.2,330,,330,Express
Nicaragua,330,6.3,330,,330,Express
Nicaragua,330,6.4,330,,330,Express
Nicaragua,331,6.5,331,,331,Express
Nicaragua,348,6.6,348,,348,Express
Nicaragua,348,6.7,348,,348,Express
Nicaragua,348,6.8,348,,348,Express
Nicaragua,348,6.9,348,,348,Express
Nicaragua,349,7,349,,349,Express
Nicaragua,366,7.1,366,,366,Express
Nicaragua,367,7.2,367,,367,Express
Nicaragua,367,7.3,367,,367,Express
Nicaragua,367,7.4,367,,367,Express
Nicaragua,367,7.5,367,,367,Express
Nicaragua,383,7.6,383,,383,Express
Nicaragua,383,7.7,383,,383,Express
Nicaragua,383,7.8,383,,383,Express
Nicaragua,383,7.9,383,,383,Express
Nicaragua,384,8,384,,384,Express
Nicaragua,399,8.1,399,,399,Express
Nicaragua,400,8.2,400,,400,Express
Nicaragua,400,8.3,400,,400,Express
Nicaragua,400,8.4,400,,400,Express
Nicaragua,400,8.5,400,,400,Express
Nicaragua,416,8.6,416,,416,Express
Nicaragua,416,8.7,416,,416,Express
Nicaragua,416,8.8,416,,416,Express
Nicaragua,417,8.9,417,,417,Express
Nicaragua,417,9,417,,417,Express
Nicaragua,433,9.1,433,,433,Express
Nicaragua,433,9.2,433,,433,Express
Nicaragua,433,9.3,433,,433,Express
Nicaragua,433,9.4,433,,433,Express
Nicaragua,433,9.5,433,,433,Express
Nicaragua,453,9.6,453,,453,Express
Nicaragua,453,9.7,453,,453,Express
Nicaragua,454,9.8,454,,454,Express
Nicaragua,454,9.9,454,,454,Express
Nicaragua,454,10,454,,454,Express
Niger,47,0.1,47,,47,Express
Niger,47,0.2,47,,47,Express
Niger,47,0.3,47,,47,Express
Niger,48,0.4,48,,48,Express
Niger,48,0.5,48,,48,Express
Niger,58,0.6,58,,58,Express
Niger,58,0.7,58,,58,Express
Niger,58,0.8,58,,58,Express
Niger,58,0.9,58,,58,Express
Niger,58,1,58,,58,Express
Niger,69,1.1,69,,69,Express
Niger,69,1.2,69,,69,Express
Niger,69,1.3,69,,69,Express
Niger,69,1.4,69,,69,Express
Niger,69,1.5,69,,69,Express
Niger,78,1.6,78,,78,Express
Niger,78,1.7,78,,78,Express
Niger,79,1.8,79,,79,Express
Niger,79,1.9,79,,79,Express
Niger,79,2,79,,79,Express
Niger,89,2.1,89,,89,Express
Niger,89,2.2,89,,89,Express
Niger,89,2.3,89,,89,Express
Niger,89,2.4,89,,89,Express
Niger,89,2.5,89,,89,Express
Niger,99,2.6,99,,99,Express
Niger,100,2.7,100,,100,Express
Niger,100,2.8,100,,100,Express
Niger,100,2.9,100,,100,Express
Niger,100,3,100,,100,Express
Niger,110,3.1,110,,110,Express
Niger,110,3.2,110,,110,Express
Niger,110,3.3,110,,110,Express
Niger,110,3.4,110,,110,Express
Niger,111,3.5,111,,111,Express
Niger,120,3.6,120,,120,Express
Niger,120,3.7,120,,120,Express
Niger,120,3.8,120,,120,Express
Niger,120,3.9,120,,120,Express
Niger,120,4,120,,120,Express
Niger,130,4.1,130,,130,Express
Niger,131,4.2,131,,131,Express
Niger,131,4.3,131,,131,Express
Niger,131,4.4,131,,131,Express
Niger,131,4.5,131,,131,Express
Niger,140,4.6,140,,140,Express
Niger,140,4.7,140,,140,Express
Niger,141,4.8,141,,141,Express
Niger,141,4.9,141,,141,Express
Niger,141,5,141,,141,Express
Niger,293,5.1,293,,293,Express
Niger,293,5.2,293,,293,Express
Niger,293,5.3,293,,293,Express
Niger,293,5.4,293,,293,Express
Niger,294,5.5,294,,294,Express
Niger,311,5.6,311,,311,Express
Niger,311,5.7,311,,311,Express
Niger,312,5.8,312,,312,Express
Niger,312,5.9,312,,312,Express
Niger,312,6,312,,312,Express
Niger,330,6.1,330,,330,Express
Niger,330,6.2,330,,330,Express
Niger,330,6.3,330,,330,Express
Niger,330,6.4,330,,330,Express
Niger,331,6.5,331,,331,Express
Niger,348,6.6,348,,348,Express
Niger,348,6.7,348,,348,Express
Niger,348,6.8,348,,348,Express
Niger,348,6.9,348,,348,Express
Niger,349,7,349,,349,Express
Niger,366,7.1,366,,366,Express
Niger,367,7.2,367,,367,Express
Niger,367,7.3,367,,367,Express
Niger,367,7.4,367,,367,Express
Niger,367,7.5,367,,367,Express
Niger,383,7.6,383,,383,Express
Niger,383,7.7,383,,383,Express
Niger,383,7.8,383,,383,Express
Niger,383,7.9,383,,383,Express
Niger,384,8,384,,384,Express
Niger,399,8.1,399,,399,Express
Niger,400,8.2,400,,400,Express
Niger,400,8.3,400,,400,Express
Niger,400,8.4,400,,400,Express
Niger,400,8.5,400,,400,Express
Niger,416,8.6,416,,416,Express
Niger,416,8.7,416,,416,Express
Niger,416,8.8,416,,416,Express
Niger,417,8.9,417,,417,Express
Niger,417,9,417,,417,Express
Niger,433,9.1,433,,433,Express
Niger,433,9.2,433,,433,Express
Niger,433,9.3,433,,433,Express
Niger,433,9.4,433,,433,Express
Niger,433,9.5,433,,433,Express
Niger,453,9.6,453,,453,Express
Niger,453,9.7,453,,453,Express
Niger,454,9.8,454,,454,Express
Niger,454,9.9,454,,454,Express
Niger,454,10,454,,454,Express
Nigeria,47,0.1,47,,47,Express
Nigeria,47,0.2,47,,47,Express
Nigeria,47,0.3,47,,47,Express
Nigeria,48,0.4,48,,48,Express
Nigeria,48,0.5,48,,48,Express
Nigeria,58,0.6,58,,58,Express
Nigeria,58,0.7,58,,58,Express
Nigeria,58,0.8,58,,58,Express
Nigeria,58,0.9,58,,58,Express
Nigeria,58,1,58,,58,Express
Nigeria,69,1.1,69,,69,Express
Nigeria,69,1.2,69,,69,Express
Nigeria,69,1.3,69,,69,Express
Nigeria,69,1.4,69,,69,Express
Nigeria,69,1.5,69,,69,Express
Nigeria,78,1.6,78,,78,Express
Nigeria,78,1.7,78,,78,Express
Nigeria,79,1.8,79,,79,Express
Nigeria,79,1.9,79,,79,Express
Nigeria,79,2,79,,79,Express
Nigeria,89,2.1,89,,89,Express
Nigeria,89,2.2,89,,89,Express
Nigeria,89,2.3,89,,89,Express
Nigeria,89,2.4,89,,89,Express
Nigeria,89,2.5,89,,89,Express
Nigeria,99,2.6,99,,99,Express
Nigeria,100,2.7,100,,100,Express
Nigeria,100,2.8,100,,100,Express
Nigeria,100,2.9,100,,100,Express
Nigeria,100,3,100,,100,Express
Nigeria,110,3.1,110,,110,Express
Nigeria,110,3.2,110,,110,Express
Nigeria,110,3.3,110,,110,Express
Nigeria,110,3.4,110,,110,Express
Nigeria,111,3.5,111,,111,Express
Nigeria,120,3.6,120,,120,Express
Nigeria,120,3.7,120,,120,Express
Nigeria,120,3.8,120,,120,Express
Nigeria,120,3.9,120,,120,Express
Nigeria,120,4,120,,120,Express
Nigeria,130,4.1,130,,130,Express
Nigeria,131,4.2,131,,131,Express
Nigeria,131,4.3,131,,131,Express
Nigeria,131,4.4,131,,131,Express
Nigeria,131,4.5,131,,131,Express
Nigeria,140,4.6,140,,140,Express
Nigeria,140,4.7,140,,140,Express
Nigeria,141,4.8,141,,141,Express
Nigeria,141,4.9,141,,141,Express
Nigeria,141,5,141,,141,Express
Nigeria,293,5.1,293,,293,Express
Nigeria,293,5.2,293,,293,Express
Nigeria,293,5.3,293,,293,Express
Nigeria,293,5.4,293,,293,Express
Nigeria,294,5.5,294,,294,Express
Nigeria,311,5.6,311,,311,Express
Nigeria,311,5.7,311,,311,Express
Nigeria,312,5.8,312,,312,Express
Nigeria,312,5.9,312,,312,Express
Nigeria,312,6,312,,312,Express
Nigeria,330,6.1,330,,330,Express
Nigeria,330,6.2,330,,330,Express
Nigeria,330,6.3,330,,330,Express
Nigeria,330,6.4,330,,330,Express
Nigeria,331,6.5,331,,331,Express
Nigeria,348,6.6,348,,348,Express
Nigeria,348,6.7,348,,348,Express
Nigeria,348,6.8,348,,348,Express
Nigeria,348,6.9,348,,348,Express
Nigeria,349,7,349,,349,Express
Nigeria,366,7.1,366,,366,Express
Nigeria,367,7.2,367,,367,Express
Nigeria,367,7.3,367,,367,Express
Nigeria,367,7.4,367,,367,Express
Nigeria,367,7.5,367,,367,Express
Nigeria,383,7.6,383,,383,Express
Nigeria,383,7.7,383,,383,Express
Nigeria,383,7.8,383,,383,Express
Nigeria,383,7.9,383,,383,Express
Nigeria,384,8,384,,384,Express
Nigeria,399,8.1,399,,399,Express
Nigeria,400,8.2,400,,400,Express
Nigeria,400,8.3,400,,400,Express
Nigeria,400,8.4,400,,400,Express
Nigeria,400,8.5,400,,400,Express
Nigeria,416,8.6,416,,416,Express
Nigeria,416,8.7,416,,416,Express
Nigeria,416,8.8,416,,416,Express
Nigeria,417,8.9,417,,417,Express
Nigeria,417,9,417,,417,Express
Nigeria,433,9.1,433,,433,Express
Nigeria,433,9.2,433,,433,Express
Nigeria,433,9.3,433,,433,Express
Nigeria,433,9.4,433,,433,Express
Nigeria,433,9.5,433,,433,Express
Nigeria,453,9.6,453,,453,Express
Nigeria,453,9.7,453,,453,Express
Nigeria,454,9.8,454,,454,Express
Nigeria,454,9.9,454,,454,Express
Nigeria,454,10,454,,454,Express
Niue,47,0.1,47,,47,Express
Niue,47,0.2,47,,47,Express
Niue,47,0.3,47,,47,Express
Niue,48,0.4,48,,48,Express
Niue,48,0.5,48,,48,Express
Niue,58,0.6,58,,58,Express
Niue,58,0.7,58,,58,Express
Niue,58,0.8,58,,58,Express
Niue,58,0.9,58,,58,Express
Niue,58,1,58,,58,Express
Niue,69,1.1,69,,69,Express
Niue,69,1.2,69,,69,Express
Niue,69,1.3,69,,69,Express
Niue,69,1.4,69,,69,Express
Niue,69,1.5,69,,69,Express
Niue,78,1.6,78,,78,Express
Niue,78,1.7,78,,78,Express
Niue,79,1.8,79,,79,Express
Niue,79,1.9,79,,79,Express
Niue,79,2,79,,79,Express
Niue,89,2.1,89,,89,Express
Niue,89,2.2,89,,89,Express
Niue,89,2.3,89,,89,Express
Niue,89,2.4,89,,89,Express
Niue,89,2.5,89,,89,Express
Niue,99,2.6,99,,99,Express
Niue,100,2.7,100,,100,Express
Niue,100,2.8,100,,100,Express
Niue,100,2.9,100,,100,Express
Niue,100,3,100,,100,Express
Niue,110,3.1,110,,110,Express
Niue,110,3.2,110,,110,Express
Niue,110,3.3,110,,110,Express
Niue,110,3.4,110,,110,Express
Niue,111,3.5,111,,111,Express
Niue,120,3.6,120,,120,Express
Niue,120,3.7,120,,120,Express
Niue,120,3.8,120,,120,Express
Niue,120,3.9,120,,120,Express
Niue,120,4,120,,120,Express
Niue,130,4.1,130,,130,Express
Niue,131,4.2,131,,131,Express
Niue,131,4.3,131,,131,Express
Niue,131,4.4,131,,131,Express
Niue,131,4.5,131,,131,Express
Niue,140,4.6,140,,140,Express
Niue,140,4.7,140,,140,Express
Niue,141,4.8,141,,141,Express
Niue,141,4.9,141,,141,Express
Niue,141,5,141,,141,Express
Niue,293,5.1,293,,293,Express
Niue,293,5.2,293,,293,Express
Niue,293,5.3,293,,293,Express
Niue,293,5.4,293,,293,Express
Niue,294,5.5,294,,294,Express
Niue,311,5.6,311,,311,Express
Niue,311,5.7,311,,311,Express
Niue,312,5.8,312,,312,Express
Niue,312,5.9,312,,312,Express
Niue,312,6,312,,312,Express
Niue,330,6.1,330,,330,Express
Niue,330,6.2,330,,330,Express
Niue,330,6.3,330,,330,Express
Niue,330,6.4,330,,330,Express
Niue,331,6.5,331,,331,Express
Niue,348,6.6,348,,348,Express
Niue,348,6.7,348,,348,Express
Niue,348,6.8,348,,348,Express
Niue,348,6.9,348,,348,Express
Niue,349,7,349,,349,Express
Niue,366,7.1,366,,366,Express
Niue,367,7.2,367,,367,Express
Niue,367,7.3,367,,367,Express
Niue,367,7.4,367,,367,Express
Niue,367,7.5,367,,367,Express
Niue,383,7.6,383,,383,Express
Niue,383,7.7,383,,383,Express
Niue,383,7.8,383,,383,Express
Niue,383,7.9,383,,383,Express
Niue,384,8,384,,384,Express
Niue,399,8.1,399,,399,Express
Niue,400,8.2,400,,400,Express
Niue,400,8.3,400,,400,Express
Niue,400,8.4,400,,400,Express
Niue,400,8.5,400,,400,Express
Niue,416,8.6,416,,416,Express
Niue,416,8.7,416,,416,Express
Niue,416,8.8,416,,416,Express
Niue,417,8.9,417,,417,Express
Niue,417,9,417,,417,Express
Niue,433,9.1,433,,433,Express
Niue,433,9.2,433,,433,Express
Niue,433,9.3,433,,433,Express
Niue,433,9.4,433,,433,Express
Niue,433,9.5,433,,433,Express
Niue,453,9.6,453,,453,Express
Niue,453,9.7,453,,453,Express
Niue,454,9.8,454,,454,Express
Niue,454,9.9,454,,454,Express
Niue,454,10,454,,454,Express
North Macedonia,47,0.1,47,,47,Express
North Macedonia,47,0.2,47,,47,Express
North Macedonia,47,0.3,47,,47,Express
North Macedonia,48,0.4,48,,48,Express
North Macedonia,48,0.5,48,,48,Express
North Macedonia,58,0.6,58,,58,Express
North Macedonia,58,0.7,58,,58,Express
North Macedonia,58,0.8,58,,58,Express
North Macedonia,58,0.9,58,,58,Express
North Macedonia,58,1,58,,58,Express
North Macedonia,69,1.1,69,,69,Express
North Macedonia,69,1.2,69,,69,Express
North Macedonia,69,1.3,69,,69,Express
North Macedonia,69,1.4,69,,69,Express
North Macedonia,69,1.5,69,,69,Express
North Macedonia,78,1.6,78,,78,Express
North Macedonia,78,1.7,78,,78,Express
North Macedonia,79,1.8,79,,79,Express
North Macedonia,79,1.9,79,,79,Express
North Macedonia,79,2,79,,79,Express
North Macedonia,89,2.1,89,,89,Express
North Macedonia,89,2.2,89,,89,Express
North Macedonia,89,2.3,89,,89,Express
North Macedonia,89,2.4,89,,89,Express
North Macedonia,89,2.5,89,,89,Express
North Macedonia,99,2.6,99,,99,Express
North Macedonia,100,2.7,100,,100,Express
North Macedonia,100,2.8,100,,100,Express
North Macedonia,100,2.9,100,,100,Express
North Macedonia,100,3,100,,100,Express
North Macedonia,110,3.1,110,,110,Express
North Macedonia,110,3.2,110,,110,Express
North Macedonia,110,3.3,110,,110,Express
North Macedonia,110,3.4,110,,110,Express
North Macedonia,111,3.5,111,,111,Express
North Macedonia,120,3.6,120,,120,Express
North Macedonia,120,3.7,120,,120,Express
North Macedonia,120,3.8,120,,120,Express
North Macedonia,120,3.9,120,,120,Express
North Macedonia,120,4,120,,120,Express
North Macedonia,130,4.1,130,,130,Express
North Macedonia,131,4.2,131,,131,Express
North Macedonia,131,4.3,131,,131,Express
North Macedonia,131,4.4,131,,131,Express
North Macedonia,131,4.5,131,,131,Express
North Macedonia,140,4.6,140,,140,Express
North Macedonia,140,4.7,140,,140,Express
North Macedonia,141,4.8,141,,141,Express
North Macedonia,141,4.9,141,,141,Express
North Macedonia,141,5,141,,141,Express
North Macedonia,293,5.1,293,,293,Express
North Macedonia,293,5.2,293,,293,Express
North Macedonia,293,5.3,293,,293,Express
North Macedonia,293,5.4,293,,293,Express
North Macedonia,294,5.5,294,,294,Express
North Macedonia,311,5.6,311,,311,Express
North Macedonia,311,5.7,311,,311,Express
North Macedonia,312,5.8,312,,312,Express
North Macedonia,312,5.9,312,,312,Express
North Macedonia,312,6,312,,312,Express
North Macedonia,330,6.1,330,,330,Express
North Macedonia,330,6.2,330,,330,Express
North Macedonia,330,6.3,330,,330,Express
North Macedonia,330,6.4,330,,330,Express
North Macedonia,331,6.5,331,,331,Express
North Macedonia,348,6.6,348,,348,Express
North Macedonia,348,6.7,348,,348,Express
North Macedonia,348,6.8,348,,348,Express
North Macedonia,348,6.9,348,,348,Express
North Macedonia,349,7,349,,349,Express
North Macedonia,366,7.1,366,,366,Express
North Macedonia,367,7.2,367,,367,Express
North Macedonia,367,7.3,367,,367,Express
North Macedonia,367,7.4,367,,367,Express
North Macedonia,367,7.5,367,,367,Express
North Macedonia,383,7.6,383,,383,Express
North Macedonia,383,7.7,383,,383,Express
North Macedonia,383,7.8,383,,383,Express
North Macedonia,383,7.9,383,,383,Express
North Macedonia,384,8,384,,384,Express
North Macedonia,399,8.1,399,,399,Express
North Macedonia,400,8.2,400,,400,Express
North Macedonia,400,8.3,400,,400,Express
North Macedonia,400,8.4,400,,400,Express
North Macedonia,400,8.5,400,,400,Express
North Macedonia,416,8.6,416,,416,Express
North Macedonia,416,8.7,416,,416,Express
North Macedonia,416,8.8,416,,416,Express
North Macedonia,417,8.9,417,,417,Express
North Macedonia,417,9,417,,417,Express
North Macedonia,433,9.1,433,,433,Express
North Macedonia,433,9.2,433,,433,Express
North Macedonia,433,9.3,433,,433,Express
North Macedonia,433,9.4,433,,433,Express
North Macedonia,433,9.5,433,,433,Express
North Macedonia,453,9.6,453,,453,Express
North Macedonia,453,9.7,453,,453,Express
North Macedonia,454,9.8,454,,454,Express
North Macedonia,454,9.9,454,,454,Express
North Macedonia,454,10,454,,454,Express
Northern Mariana Islands,47,0.1,47,,47,Express
Northern Mariana Islands,47,0.2,47,,47,Express
Northern Mariana Islands,47,0.3,47,,47,Express
Northern Mariana Islands,48,0.4,48,,48,Express
Northern Mariana Islands,48,0.5,48,,48,Express
Northern Mariana Islands,58,0.6,58,,58,Express
Northern Mariana Islands,58,0.7,58,,58,Express
Northern Mariana Islands,58,0.8,58,,58,Express
Northern Mariana Islands,58,0.9,58,,58,Express
Northern Mariana Islands,58,1,58,,58,Express
Northern Mariana Islands,69,1.1,69,,69,Express
Northern Mariana Islands,69,1.2,69,,69,Express
Northern Mariana Islands,69,1.3,69,,69,Express
Northern Mariana Islands,69,1.4,69,,69,Express
Northern Mariana Islands,69,1.5,69,,69,Express
Northern Mariana Islands,78,1.6,78,,78,Express
Northern Mariana Islands,78,1.7,78,,78,Express
Northern Mariana Islands,79,1.8,79,,79,Express
Northern Mariana Islands,79,1.9,79,,79,Express
Northern Mariana Islands,79,2,79,,79,Express
Northern Mariana Islands,89,2.1,89,,89,Express
Northern Mariana Islands,89,2.2,89,,89,Express
Northern Mariana Islands,89,2.3,89,,89,Express
Northern Mariana Islands,89,2.4,89,,89,Express
Northern Mariana Islands,89,2.5,89,,89,Express
Northern Mariana Islands,99,2.6,99,,99,Express
Northern Mariana Islands,100,2.7,100,,100,Express
Northern Mariana Islands,100,2.8,100,,100,Express
Northern Mariana Islands,100,2.9,100,,100,Express
Northern Mariana Islands,100,3,100,,100,Express
Northern Mariana Islands,110,3.1,110,,110,Express
Northern Mariana Islands,110,3.2,110,,110,Express
Northern Mariana Islands,110,3.3,110,,110,Express
Northern Mariana Islands,110,3.4,110,,110,Express
Northern Mariana Islands,111,3.5,111,,111,Express
Northern Mariana Islands,120,3.6,120,,120,Express
Northern Mariana Islands,120,3.7,120,,120,Express
Northern Mariana Islands,120,3.8,120,,120,Express
Northern Mariana Islands,120,3.9,120,,120,Express
Northern Mariana Islands,120,4,120,,120,Express
Northern Mariana Islands,130,4.1,130,,130,Express
Northern Mariana Islands,131,4.2,131,,131,Express
Northern Mariana Islands,131,4.3,131,,131,Express
Northern Mariana Islands,131,4.4,131,,131,Express
Northern Mariana Islands,131,4.5,131,,131,Express
Northern Mariana Islands,140,4.6,140,,140,Express
Northern Mariana Islands,140,4.7,140,,140,Express
Northern Mariana Islands,141,4.8,141,,141,Express
Northern Mariana Islands,141,4.9,141,,141,Express
Northern Mariana Islands,141,5,141,,141,Express
Northern Mariana Islands,293,5.1,293,,293,Express
Northern Mariana Islands,293,5.2,293,,293,Express
Northern Mariana Islands,293,5.3,293,,293,Express
Northern Mariana Islands,293,5.4,293,,293,Express
Northern Mariana Islands,294,5.5,294,,294,Express
Northern Mariana Islands,311,5.6,311,,311,Express
Northern Mariana Islands,311,5.7,311,,311,Express
Northern Mariana Islands,312,5.8,312,,312,Express
Northern Mariana Islands,312,5.9,312,,312,Express
Northern Mariana Islands,312,6,312,,312,Express
Northern Mariana Islands,330,6.1,330,,330,Express
Northern Mariana Islands,330,6.2,330,,330,Express
Northern Mariana Islands,330,6.3,330,,330,Express
Northern Mariana Islands,330,6.4,330,,330,Express
Northern Mariana Islands,331,6.5,331,,331,Express
Northern Mariana Islands,348,6.6,348,,348,Express
Northern Mariana Islands,348,6.7,348,,348,Express
Northern Mariana Islands,348,6.8,348,,348,Express
Northern Mariana Islands,348,6.9,348,,348,Express
Northern Mariana Islands,349,7,349,,349,Express
Northern Mariana Islands,366,7.1,366,,366,Express
Northern Mariana Islands,367,7.2,367,,367,Express
Northern Mariana Islands,367,7.3,367,,367,Express
Northern Mariana Islands,367,7.4,367,,367,Express
Northern Mariana Islands,367,7.5,367,,367,Express
Northern Mariana Islands,383,7.6,383,,383,Express
Northern Mariana Islands,383,7.7,383,,383,Express
Northern Mariana Islands,383,7.8,383,,383,Express
Northern Mariana Islands,383,7.9,383,,383,Express
Northern Mariana Islands,384,8,384,,384,Express
Northern Mariana Islands,399,8.1,399,,399,Express
Northern Mariana Islands,400,8.2,400,,400,Express
Northern Mariana Islands,400,8.3,400,,400,Express
Northern Mariana Islands,400,8.4,400,,400,Express
Northern Mariana Islands,400,8.5,400,,400,Express
Northern Mariana Islands,416,8.6,416,,416,Express
Northern Mariana Islands,416,8.7,416,,416,Express
Northern Mariana Islands,416,8.8,416,,416,Express
Northern Mariana Islands,417,8.9,417,,417,Express
Northern Mariana Islands,417,9,417,,417,Express
Northern Mariana Islands,433,9.1,433,,433,Express
Northern Mariana Islands,433,9.2,433,,433,Express
Northern Mariana Islands,433,9.3,433,,433,Express
Northern Mariana Islands,433,9.4,433,,433,Express
Northern Mariana Islands,433,9.5,433,,433,Express
Northern Mariana Islands,453,9.6,453,,453,Express
Northern Mariana Islands,453,9.7,453,,453,Express
Northern Mariana Islands,454,9.8,454,,454,Express
Northern Mariana Islands,454,9.9,454,,454,Express
Northern Mariana Islands,454,10,454,,454,Express
Norway,4,0.1,4,21,31,Standard
Norway,6,0.2,6,21,31,Standard
Norway,9,0.3,9,21,31,Standard
Norway,12,0.4,12,21,32,Standard
Norway,14,0.5,14,21,32,Standard
Norway,17,0.6,17,23,37,Standard
Norway,20,0.7,20,23,37,Standard
Norway,23,0.8,23,24,37,Standard
Norway,24,0.9,24,24,38,Standard
Norway,24,1,24,24,38,Standard
Norway,25,1.1,25,25,43,Standard
Norway,25,1.2,25,25,43,Standard
Norway,26,1.3,26,26,43,Standard
Norway,26,1.4,26,26,43,Standard
Norway,26,1.5,26,26,43,Standard
Norway,28,1.6,28,28,50,Standard
Norway,28,1.7,28,28,50,Standard
Norway,30,1.8,30,30,50,Standard
Norway,30,1.9,30,30,50,Standard
Norway,30,2,30,30,51,Standard
Norway,33,2.1,33,33,57,Standard
Norway,33,2.2,33,33,57,Standard
Norway,33,2.3,33,33,57,Standard
Norway,33,2.4,33,33,57,Standard
Norway,33,2.5,33,33,57,Standard
Norway,36,2.6,36,36,63,Standard
Norway,36,2.7,36,36,63,Standard
Norway,36,2.8,36,36,63,Standard
Norway,36,2.9,36,36,63,Standard
Norway,36,3,36,36,63,Standard
Norway,38,3.1,38,38,69,Standard
Norway,38,3.2,38,38,69,Standard
Norway,38,3.3,38,38,69,Standard
Norway,38,3.4,38,38,69,Standard
Norway,38,3.5,38,38,69,Standard
Norway,41,3.6,41,41,75,Standard
Norway,41,3.7,41,41,75,Standard
Norway,41,3.8,41,41,75,Standard
Norway,41,3.9,41,41,75,Standard
Norway,41,4,41,41,75,Standard
Norway,44,4.1,44,44,80,Standard
Norway,44,4.2,44,44,80,Standard
Norway,44,4.3,44,44,81,Standard
Norway,44,4.4,44,44,81,Standard
Norway,44,4.5,44,44,81,Standard
Norway,47,4.6,47,47,86,Standard
Norway,47,4.7,47,47,86,Standard
Norway,47,4.8,47,47,86,Standard
Norway,47,4.9,47,47,86,Standard
Norway,47,5,47,47,87,Standard
Norway,50,5.1,50,50,132,Standard
Norway,50,5.2,50,50,132,Standard
Norway,50,5.3,50,50,132,Standard
Norway,50,5.4,50,50,132,Standard
Norway,50,5.5,50,50,132,Standard
Norway,53,5.6,53,53,140,Standard
Norway,53,5.7,53,53,140,Standard
Norway,53,5.8,53,53,140,Standard
Norway,53,5.9,53,53,140,Standard
Norway,53,6,53,53,141,Standard
Norway,56,6.1,56,56,148,Standard
Norway,56,6.2,56,56,149,Standard
Norway,56,6.3,56,56,149,Standard
Norway,56,6.4,56,56,149,Standard
Norway,56,6.5,56,56,149,Standard
Norway,60,6.6,60,60,157,Standard
Norway,60,6.7,60,60,157,Standard
Norway,60,6.8,60,60,157,Standard
Norway,60,6.9,60,60,157,Standard
Norway,60,7,60,60,157,Standard
Norway,64,7.1,64,64,165,Standard
Norway,64,7.2,64,64,165,Standard
Norway,64,7.3,64,64,165,Standard
Norway,64,7.4,64,64,166,Standard
Norway,64,7.5,64,64,166,Standard
Norway,67,7.6,67,67,174,Standard
Norway,67,7.7,67,67,174,Standard
Norway,67,7.8,67,67,174,Standard
Norway,67,7.9,67,67,175,Standard
Norway,67,8,67,67,175,Standard
Norway,71,8.1,71,71,183,Standard
Norway,71,8.2,71,71,183,Standard
Norway,71,8.3,71,71,183,Standard
Norway,71,8.4,71,71,183,Standard
Norway,71,8.5,71,71,184,Standard
Norway,75,8.6,75,75,192,Standard
Norway,75,8.7,75,75,192,Standard
Norway,75,8.8,75,75,192,Standard
Norway,75,8.9,75,75,192,Standard
Norway,75,9,75,75,193,Standard
Norway,78,9.1,78,78,201,Standard
Norway,78,9.2,78,78,201,Standard
Norway,78,9.3,78,78,201,Standard
Norway,78,9.4,78,78,201,Standard
Norway,78,9.5,78,78,202,Standard
Norway,83,9.6,83,83,210,Standard
Norway,83,9.7,83,83,210,Standard
Norway,83,9.8,83,83,210,Standard
Norway,83,9.9,83,83,210,Standard
Norway,83,10,83,83,210,Standard
Oman,32,0.1,32,,32,Express
Oman,32,0.2,32,,32,Express
Oman,32,0.3,32,,32,Express
Oman,32,0.4,32,,32,Express
Oman,32,0.5,32,,32,Express
Oman,44,0.6,44,,44,Express
Oman,44,0.7,44,,44,Express
Oman,44,0.8,44,,44,Express
Oman,44,0.9,44,,44,Express
Oman,44,1,44,,44,Express
Oman,52,1.1,52,,52,Express
Oman,52,1.2,52,,52,Express
Oman,52,1.3,52,,52,Express
Oman,52,1.4,52,,52,Express
Oman,52,1.5,52,,52,Express
Oman,59,1.6,59,,59,Express
Oman,59,1.7,59,,59,Express
Oman,59,1.8,59,,59,Express
Oman,59,1.9,59,,59,Express
Oman,59,2,59,,59,Express
Oman,66,2.1,66,,66,Express
Oman,66,2.2,66,,66,Express
Oman,66,2.3,66,,66,Express
Oman,66,2.4,66,,66,Express
Oman,66,2.5,66,,66,Express
Oman,69,2.6,69,,69,Express
Oman,69,2.7,69,,69,Express
Oman,69,2.8,69,,69,Express
Oman,69,2.9,69,,69,Express
Oman,69,3,69,,69,Express
Oman,76,3.1,76,,76,Express
Oman,76,3.2,76,,76,Express
Oman,76,3.3,76,,76,Express
Oman,76,3.4,76,,76,Express
Oman,76,3.5,76,,76,Express
Oman,84,3.6,84,,84,Express
Oman,84,3.7,84,,84,Express
Oman,84,3.8,84,,84,Express
Oman,84,3.9,84,,84,Express
Oman,84,4,84,,84,Express
Oman,90,4.1,90,,90,Express
Oman,90,4.2,90,,90,Express
Oman,90,4.3,90,,90,Express
Oman,90,4.4,90,,90,Express
Oman,90,4.5,90,,90,Express
Oman,99,4.6,99,,99,Express
Oman,99,4.7,99,,99,Express
Oman,99,4.8,99,,99,Express
Oman,99,4.9,99,,99,Express
Oman,99,5,99,,99,Express
Oman,213,5.1,213,,213,Express
Oman,213,5.2,213,,213,Express
Oman,213,5.3,213,,213,Express
Oman,213,5.4,213,,213,Express
Oman,213,5.5,213,,213,Express
Oman,228,5.6,228,,228,Express
Oman,228,5.7,228,,228,Express
Oman,228,5.8,228,,228,Express
Oman,228,5.9,228,,228,Express
Oman,228,6,228,,228,Express
Oman,243,6.1,243,,243,Express
Oman,243,6.2,243,,243,Express
Oman,243,6.3,243,,243,Express
Oman,243,6.4,243,,243,Express
Oman,243,6.5,243,,243,Express
Oman,258,6.6,258,,258,Express
Oman,258,6.7,258,,258,Express
Oman,258,6.8,258,,258,Express
Oman,258,6.9,258,,258,Express
Oman,258,7,258,,258,Express
Oman,273,7.1,273,,273,Express
Oman,273,7.2,273,,273,Express
Oman,273,7.3,273,,273,Express
Oman,273,7.4,273,,273,Express
Oman,273,7.5,273,,273,Express
Oman,287,7.6,287,,287,Express
Oman,287,7.7,287,,287,Express
Oman,287,7.8,287,,287,Express
Oman,287,7.9,287,,287,Express
Oman,287,8,287,,287,Express
Oman,301,8.1,301,,301,Express
Oman,301,8.2,301,,301,Express
Oman,301,8.3,301,,301,Express
Oman,301,8.4,301,,301,Express
Oman,301,8.5,301,,301,Express
Oman,315,8.6,315,,315,Express
Oman,315,8.7,315,,315,Express
Oman,315,8.8,315,,315,Express
Oman,315,8.9,315,,315,Express
Oman,315,9,315,,315,Express
Oman,328,9.1,328,,328,Express
Oman,328,9.2,328,,328,Express
Oman,328,9.3,328,,328,Express
Oman,328,9.4,328,,328,Express
Oman,328,9.5,328,,328,Express
Oman,337,9.6,337,,337,Express
Oman,337,9.7,337,,337,Express
Oman,337,9.8,337,,337,Express
Oman,337,9.9,337,,337,Express
Oman,337,10,337,,337,Express
Pakistan,32,0.1,32,,32,Express
Pakistan,32,0.2,32,,32,Express
Pakistan,32,0.3,32,,32,Express
Pakistan,32,0.4,32,,32,Express
Pakistan,32,0.5,32,,32,Express
Pakistan,44,0.6,44,,44,Express
Pakistan,44,0.7,44,,44,Express
Pakistan,44,0.8,44,,44,Express
Pakistan,44,0.9,44,,44,Express
Pakistan,44,1,44,,44,Express
Pakistan,52,1.1,52,,52,Express
Pakistan,52,1.2,52,,52,Express
Pakistan,52,1.3,52,,52,Express
Pakistan,52,1.4,52,,52,Express
Pakistan,52,1.5,52,,52,Express
Pakistan,59,1.6,59,,59,Express
Pakistan,59,1.7,59,,59,Express
Pakistan,59,1.8,59,,59,Express
Pakistan,59,1.9,59,,59,Express
Pakistan,59,2,59,,59,Express
Pakistan,66,2.1,66,,66,Express
Pakistan,66,2.2,66,,66,Express
Pakistan,66,2.3,66,,66,Express
Pakistan,66,2.4,66,,66,Express
Pakistan,66,2.5,66,,66,Express
Pakistan,69,2.6,69,,69,Express
Pakistan,69,2.7,69,,69,Express
Pakistan,69,2.8,69,,69,Express
Pakistan,69,2.9,69,,69,Express
Pakistan,69,3,69,,69,Express
Pakistan,76,3.1,76,,76,Express
Pakistan,76,3.2,76,,76,Express
Pakistan,76,3.3,76,,76,Express
Pakistan,76,3.4,76,,76,Express
Pakistan,76,3.5,76,,76,Express
Pakistan,84,3.6,84,,84,Express
Pakistan,84,3.7,84,,84,Express
Pakistan,84,3.8,84,,84,Express
Pakistan,84,3.9,84,,84,Express
Pakistan,84,4,84,,84,Express
Pakistan,90,4.1,90,,90,Express
Pakistan,90,4.2,90,,90,Express
Pakistan,90,4.3,90,,90,Express
Pakistan,90,4.4,90,,90,Express
Pakistan,90,4.5,90,,90,Express
Pakistan,99,4.6,99,,99,Express
Pakistan,99,4.7,99,,99,Express
Pakistan,99,4.8,99,,99,Express
Pakistan,99,4.9,99,,99,Express
Pakistan,99,5,99,,99,Express
Pakistan,213,5.1,213,,213,Express
Pakistan,213,5.2,213,,213,Express
Pakistan,213,5.3,213,,213,Express
Pakistan,213,5.4,213,,213,Express
Pakistan,213,5.5,213,,213,Express
Pakistan,228,5.6,228,,228,Express
Pakistan,228,5.7,228,,228,Express
Pakistan,228,5.8,228,,228,Express
Pakistan,228,5.9,228,,228,Express
Pakistan,228,6,228,,228,Express
Pakistan,243,6.1,243,,243,Express
Pakistan,243,6.2,243,,243,Express
Pakistan,243,6.3,243,,243,Express
Pakistan,243,6.4,243,,243,Express
Pakistan,243,6.5,243,,243,Express
Pakistan,258,6.6,258,,258,Express
Pakistan,258,6.7,258,,258,Express
Pakistan,258,6.8,258,,258,Express
Pakistan,258,6.9,258,,258,Express
Pakistan,258,7,258,,258,Express
Pakistan,273,7.1,273,,273,Express
Pakistan,273,7.2,273,,273,Express
Pakistan,273,7.3,273,,273,Express
Pakistan,273,7.4,273,,273,Express
Pakistan,273,7.5,273,,273,Express
Pakistan,287,7.6,287,,287,Express
Pakistan,287,7.7,287,,287,Express
Pakistan,287,7.8,287,,287,Express
Pakistan,287,7.9,287,,287,Express
Pakistan,287,8,287,,287,Express
Pakistan,301,8.1,301,,301,Express
Pakistan,301,8.2,301,,301,Express
Pakistan,301,8.3,301,,301,Express
Pakistan,301,8.4,301,,301,Express
Pakistan,301,8.5,301,,301,Express
Pakistan,315,8.6,315,,315,Express
Pakistan,315,8.7,315,,315,Express
Pakistan,315,8.8,315,,315,Express
Pakistan,315,8.9,315,,315,Express
Pakistan,315,9,315,,315,Express
Pakistan,328,9.1,328,,328,Express
Pakistan,328,9.2,328,,328,Express
Pakistan,328,9.3,328,,328,Express
Pakistan,328,9.4,328,,328,Express
Pakistan,328,9.5,328,,328,Express
Pakistan,337,9.6,337,,337,Express
Pakistan,337,9.7,337,,337,Express
Pakistan,337,9.8,337,,337,Express
Pakistan,337,9.9,337,,337,Express
Pakistan,337,10,337,,337,Express
Palau,32,0.1,32,,32,Express
Palau,32,0.2,32,,32,Express
Palau,32,0.3,32,,32,Express
Palau,32,0.4,32,,32,Express
Palau,32,0.5,32,,32,Express
Palau,44,0.6,44,,44,Express
Palau,44,0.7,44,,44,Express
Palau,44,0.8,44,,44,Express
Palau,44,0.9,44,,44,Express
Palau,44,1,44,,44,Express
Palau,52,1.1,52,,52,Express
Palau,52,1.2,52,,52,Express
Palau,52,1.3,52,,52,Express
Palau,52,1.4,52,,52,Express
Palau,52,1.5,52,,52,Express
Palau,59,1.6,59,,59,Express
Palau,59,1.7,59,,59,Express
Palau,59,1.8,59,,59,Express
Palau,59,1.9,59,,59,Express
Palau,59,2,59,,59,Express
Palau,66,2.1,66,,66,Express
Palau,66,2.2,66,,66,Express
Palau,66,2.3,66,,66,Express
Palau,66,2.4,66,,66,Express
Palau,66,2.5,66,,66,Express
Palau,69,2.6,69,,69,Express
Palau,69,2.7,69,,69,Express
Palau,69,2.8,69,,69,Express
Palau,69,2.9,69,,69,Express
Palau,69,3,69,,69,Express
Palau,76,3.1,76,,76,Express
Palau,76,3.2,76,,76,Express
Palau,76,3.3,76,,76,Express
Palau,76,3.4,76,,76,Express
Palau,76,3.5,76,,76,Express
Palau,84,3.6,84,,84,Express
Palau,84,3.7,84,,84,Express
Palau,84,3.8,84,,84,Express
Palau,84,3.9,84,,84,Express
Palau,84,4,84,,84,Express
Palau,90,4.1,90,,90,Express
Palau,90,4.2,90,,90,Express
Palau,90,4.3,90,,90,Express
Palau,90,4.4,90,,90,Express
Palau,90,4.5,90,,90,Express
Palau,99,4.6,99,,99,Express
Palau,99,4.7,99,,99,Express
Palau,99,4.8,99,,99,Express
Palau,99,4.9,99,,99,Express
Palau,99,5,99,,99,Express
Palau,213,5.1,213,,213,Express
Palau,213,5.2,213,,213,Express
Palau,213,5.3,213,,213,Express
Palau,213,5.4,213,,213,Express
Palau,213,5.5,213,,213,Express
Palau,228,5.6,228,,228,Express
Palau,228,5.7,228,,228,Express
Palau,228,5.8,228,,228,Express
Palau,228,5.9,228,,228,Express
Palau,228,6,228,,228,Express
Palau,243,6.1,243,,243,Express
Palau,243,6.2,243,,243,Express
Palau,243,6.3,243,,243,Express
Palau,243,6.4,243,,243,Express
Palau,243,6.5,243,,243,Express
Palau,258,6.6,258,,258,Express
Palau,258,6.7,258,,258,Express
Palau,258,6.8,258,,258,Express
Palau,258,6.9,258,,258,Express
Palau,258,7,258,,258,Express
Palau,273,7.1,273,,273,Express
Palau,273,7.2,273,,273,Express
Palau,273,7.3,273,,273,Express
Palau,273,7.4,273,,273,Express
Palau,273,7.5,273,,273,Express
Palau,287,7.6,287,,287,Express
Palau,287,7.7,287,,287,Express
Palau,287,7.8,287,,287,Express
Palau,287,7.9,287,,287,Express
Palau,287,8,287,,287,Express
Palau,301,8.1,301,,301,Express
Palau,301,8.2,301,,301,Express
Palau,301,8.3,301,,301,Express
Palau,301,8.4,301,,301,Express
Palau,301,8.5,301,,301,Express
Palau,315,8.6,315,,315,Express
Palau,315,8.7,315,,315,Express
Palau,315,8.8,315,,315,Express
Palau,315,8.9,315,,315,Express
Palau,315,9,315,,315,Express
Palau,328,9.1,328,,328,Express
Palau,328,9.2,328,,328,Express
Palau,328,9.3,328,,328,Express
Palau,328,9.4,328,,328,Express
Palau,328,9.5,328,,328,Express
Palau,337,9.6,337,,337,Express
Palau,337,9.7,337,,337,Express
Palau,337,9.8,337,,337,Express
Palau,337,9.9,337,,337,Express
Palau,337,10,337,,337,Express
Panama,47,0.1,47,,47,Express
Panama,47,0.2,47,,47,Express
Panama,47,0.3,47,,47,Express
Panama,48,0.4,48,,48,Express
Panama,48,0.5,48,,48,Express
Panama,58,0.6,58,,58,Express
Panama,58,0.7,58,,58,Express
Panama,58,0.8,58,,58,Express
Panama,58,0.9,58,,58,Express
Panama,58,1,58,,58,Express
Panama,69,1.1,69,,69,Express
Panama,69,1.2,69,,69,Express
Panama,69,1.3,69,,69,Express
Panama,69,1.4,69,,69,Express
Panama,69,1.5,69,,69,Express
Panama,78,1.6,78,,78,Express
Panama,78,1.7,78,,78,Express
Panama,79,1.8,79,,79,Express
Panama,79,1.9,79,,79,Express
Panama,79,2,79,,79,Express
Panama,89,2.1,89,,89,Express
Panama,89,2.2,89,,89,Express
Panama,89,2.3,89,,89,Express
Panama,89,2.4,89,,89,Express
Panama,89,2.5,89,,89,Express
Panama,99,2.6,99,,99,Express
Panama,100,2.7,100,,100,Express
Panama,100,2.8,100,,100,Express
Panama,100,2.9,100,,100,Express
Panama,100,3,100,,100,Express
Panama,110,3.1,110,,110,Express
Panama,110,3.2,110,,110,Express
Panama,110,3.3,110,,110,Express
Panama,110,3.4,110,,110,Express
Panama,111,3.5,111,,111,Express
Panama,120,3.6,120,,120,Express
Panama,120,3.7,120,,120,Express
Panama,120,3.8,120,,120,Express
Panama,120,3.9,120,,120,Express
Panama,120,4,120,,120,Express
Panama,130,4.1,130,,130,Express
Panama,131,4.2,131,,131,Express
Panama,131,4.3,131,,131,Express
Panama,131,4.4,131,,131,Express
Panama,131,4.5,131,,131,Express
Panama,140,4.6,140,,140,Express
Panama,140,4.7,140,,140,Express
Panama,141,4.8,141,,141,Express
Panama,141,4.9,141,,141,Express
Panama,141,5,141,,141,Express
Panama,293,5.1,293,,293,Express
Panama,293,5.2,293,,293,Express
Panama,293,5.3,293,,293,Express
Panama,293,5.4,293,,293,Express
Panama,294,5.5,294,,294,Express
Panama,311,5.6,311,,311,Express
Panama,311,5.7,311,,311,Express
Panama,312,5.8,312,,312,Express
Panama,312,5.9,312,,312,Express
Panama,312,6,312,,312,Express
Panama,330,6.1,330,,330,Express
Panama,330,6.2,330,,330,Express
Panama,330,6.3,330,,330,Express
Panama,330,6.4,330,,330,Express
Panama,331,6.5,331,,331,Express
Panama,348,6.6,348,,348,Express
Panama,348,6.7,348,,348,Express
Panama,348,6.8,348,,348,Express
Panama,348,6.9,348,,348,Express
Panama,349,7,349,,349,Express
Panama,366,7.1,366,,366,Express
Panama,367,7.2,367,,367,Express
Panama,367,7.3,367,,367,Express
Panama,367,7.4,367,,367,Express
Panama,367,7.5,367,,367,Express
Panama,383,7.6,383,,383,Express
Panama,383,7.7,383,,383,Express
Panama,383,7.8,383,,383,Express
Panama,383,7.9,383,,383,Express
Panama,384,8,384,,384,Express
Panama,399,8.1,399,,399,Express
Panama,400,8.2,400,,400,Express
Panama,400,8.3,400,,400,Express
Panama,400,8.4,400,,400,Express
Panama,400,8.5,400,,400,Express
Panama,416,8.6,416,,416,Express
Panama,416,8.7,416,,416,Express
Panama,416,8.8,416,,416,Express
Panama,417,8.9,417,,417,Express
Panama,417,9,417,,417,Express
Panama,433,9.1,433,,433,Express
Panama,433,9.2,433,,433,Express
Panama,433,9.3,433,,433,Express
Panama,433,9.4,433,,433,Express
Panama,433,9.5,433,,433,Express
Panama,453,9.6,453,,453,Express
Panama,453,9.7,453,,453,Express
Panama,454,9.8,454,,454,Express
Panama,454,9.9,454,,454,Express
Panama,454,10,454,,454,Express
Papua new Guinea,32,0.1,32,,32,Express
Papua new Guinea,32,0.2,32,,32,Express
Papua new Guinea,32,0.3,32,,32,Express
Papua new Guinea,32,0.4,32,,32,Express
Papua new Guinea,32,0.5,32,,32,Express
Papua new Guinea,44,0.6,44,,44,Express
Papua new Guinea,44,0.7,44,,44,Express
Papua new Guinea,44,0.8,44,,44,Express
Papua new Guinea,44,0.9,44,,44,Express
Papua new Guinea,44,1,44,,44,Express
Papua new Guinea,52,1.1,52,,52,Express
Papua new Guinea,52,1.2,52,,52,Express
Papua new Guinea,52,1.3,52,,52,Express
Papua new Guinea,52,1.4,52,,52,Express
Papua new Guinea,52,1.5,52,,52,Express
Papua new Guinea,59,1.6,59,,59,Express
Papua new Guinea,59,1.7,59,,59,Express
Papua new Guinea,59,1.8,59,,59,Express
Papua new Guinea,59,1.9,59,,59,Express
Papua new Guinea,59,2,59,,59,Express
Papua new Guinea,66,2.1,66,,66,Express
Papua new Guinea,66,2.2,66,,66,Express
Papua new Guinea,66,2.3,66,,66,Express
Papua new Guinea,66,2.4,66,,66,Express
Papua new Guinea,66,2.5,66,,66,Express
Papua new Guinea,69,2.6,69,,69,Express
Papua new Guinea,69,2.7,69,,69,Express
Papua new Guinea,69,2.8,69,,69,Express
Papua new Guinea,69,2.9,69,,69,Express
Papua new Guinea,69,3,69,,69,Express
Papua new Guinea,76,3.1,76,,76,Express
Papua new Guinea,76,3.2,76,,76,Express
Papua new Guinea,76,3.3,76,,76,Express
Papua new Guinea,76,3.4,76,,76,Express
Papua new Guinea,76,3.5,76,,76,Express
Papua new Guinea,84,3.6,84,,84,Express
Papua new Guinea,84,3.7,84,,84,Express
Papua new Guinea,84,3.8,84,,84,Express
Papua new Guinea,84,3.9,84,,84,Express
Papua new Guinea,84,4,84,,84,Express
Papua new Guinea,90,4.1,90,,90,Express
Papua new Guinea,90,4.2,90,,90,Express
Papua new Guinea,90,4.3,90,,90,Express
Papua new Guinea,90,4.4,90,,90,Express
Papua new Guinea,90,4.5,90,,90,Express
Papua new Guinea,99,4.6,99,,99,Express
Papua new Guinea,99,4.7,99,,99,Express
Papua new Guinea,99,4.8,99,,99,Express
Papua new Guinea,99,4.9,99,,99,Express
Papua new Guinea,99,5,99,,99,Express
Papua new Guinea,213,5.1,213,,213,Express
Papua new Guinea,213,5.2,213,,213,Express
Papua new Guinea,213,5.3,213,,213,Express
Papua new Guinea,213,5.4,213,,213,Express
Papua new Guinea,213,5.5,213,,213,Express
Papua new Guinea,228,5.6,228,,228,Express
Papua new Guinea,228,5.7,228,,228,Express
Papua new Guinea,228,5.8,228,,228,Express
Papua new Guinea,228,5.9,228,,228,Express
Papua new Guinea,228,6,228,,228,Express
Papua new Guinea,243,6.1,243,,243,Express
Papua new Guinea,243,6.2,243,,243,Express
Papua new Guinea,243,6.3,243,,243,Express
Papua new Guinea,243,6.4,243,,243,Express
Papua new Guinea,243,6.5,243,,243,Express
Papua new Guinea,258,6.6,258,,258,Express
Papua new Guinea,258,6.7,258,,258,Express
Papua new Guinea,258,6.8,258,,258,Express
Papua new Guinea,258,6.9,258,,258,Express
Papua new Guinea,258,7,258,,258,Express
Papua new Guinea,273,7.1,273,,273,Express
Papua new Guinea,273,7.2,273,,273,Express
Papua new Guinea,273,7.3,273,,273,Express
Papua new Guinea,273,7.4,273,,273,Express
Papua new Guinea,273,7.5,273,,273,Express
Papua new Guinea,287,7.6,287,,287,Express
Papua new Guinea,287,7.7,287,,287,Express
Papua new Guinea,287,7.8,287,,287,Express
Papua new Guinea,287,7.9,287,,287,Express
Papua new Guinea,287,8,287,,287,Express
Papua new Guinea,301,8.1,301,,301,Express
Papua new Guinea,301,8.2,301,,301,Express
Papua new Guinea,301,8.3,301,,301,Express
Papua new Guinea,301,8.4,301,,301,Express
Papua new Guinea,301,8.5,301,,301,Express
Papua new Guinea,315,8.6,315,,315,Express
Papua new Guinea,315,8.7,315,,315,Express
Papua new Guinea,315,8.8,315,,315,Express
Papua new Guinea,315,8.9,315,,315,Express
Papua new Guinea,315,9,315,,315,Express
Papua new Guinea,328,9.1,328,,328,Express
Papua new Guinea,328,9.2,328,,328,Express
Papua new Guinea,328,9.3,328,,328,Express
Papua new Guinea,328,9.4,328,,328,Express
Papua new Guinea,328,9.5,328,,328,Express
Papua new Guinea,337,9.6,337,,337,Express
Papua new Guinea,337,9.7,337,,337,Express
Papua new Guinea,337,9.8,337,,337,Express
Papua new Guinea,337,9.9,337,,337,Express
Papua new Guinea,337,10,337,,337,Express
Paraguay,47,0.1,47,,47,Express
Paraguay,47,0.2,47,,47,Express
Paraguay,47,0.3,47,,47,Express
Paraguay,48,0.4,48,,48,Express
Paraguay,48,0.5,48,,48,Express
Paraguay,58,0.6,58,,58,Express
Paraguay,58,0.7,58,,58,Express
Paraguay,58,0.8,58,,58,Express
Paraguay,58,0.9,58,,58,Express
Paraguay,58,1,58,,58,Express
Paraguay,69,1.1,69,,69,Express
Paraguay,69,1.2,69,,69,Express
Paraguay,69,1.3,69,,69,Express
Paraguay,69,1.4,69,,69,Express
Paraguay,69,1.5,69,,69,Express
Paraguay,78,1.6,78,,78,Express
Paraguay,78,1.7,78,,78,Express
Paraguay,79,1.8,79,,79,Express
Paraguay,79,1.9,79,,79,Express
Paraguay,79,2,79,,79,Express
Paraguay,89,2.1,89,,89,Express
Paraguay,89,2.2,89,,89,Express
Paraguay,89,2.3,89,,89,Express
Paraguay,89,2.4,89,,89,Express
Paraguay,89,2.5,89,,89,Express
Paraguay,99,2.6,99,,99,Express
Paraguay,100,2.7,100,,100,Express
Paraguay,100,2.8,100,,100,Express
Paraguay,100,2.9,100,,100,Express
Paraguay,100,3,100,,100,Express
Paraguay,110,3.1,110,,110,Express
Paraguay,110,3.2,110,,110,Express
Paraguay,110,3.3,110,,110,Express
Paraguay,110,3.4,110,,110,Express
Paraguay,111,3.5,111,,111,Express
Paraguay,120,3.6,120,,120,Express
Paraguay,120,3.7,120,,120,Express
Paraguay,120,3.8,120,,120,Express
Paraguay,120,3.9,120,,120,Express
Paraguay,120,4,120,,120,Express
Paraguay,130,4.1,130,,130,Express
Paraguay,131,4.2,131,,131,Express
Paraguay,131,4.3,131,,131,Express
Paraguay,131,4.4,131,,131,Express
Paraguay,131,4.5,131,,131,Express
Paraguay,140,4.6,140,,140,Express
Paraguay,140,4.7,140,,140,Express
Paraguay,141,4.8,141,,141,Express
Paraguay,141,4.9,141,,141,Express
Paraguay,141,5,141,,141,Express
Paraguay,293,5.1,293,,293,Express
Paraguay,293,5.2,293,,293,Express
Paraguay,293,5.3,293,,293,Express
Paraguay,293,5.4,293,,293,Express
Paraguay,294,5.5,294,,294,Express
Paraguay,311,5.6,311,,311,Express
Paraguay,311,5.7,311,,311,Express
Paraguay,312,5.8,312,,312,Express
Paraguay,312,5.9,312,,312,Express
Paraguay,312,6,312,,312,Express
Paraguay,330,6.1,330,,330,Express
Paraguay,330,6.2,330,,330,Express
Paraguay,330,6.3,330,,330,Express
Paraguay,330,6.4,330,,330,Express
Paraguay,331,6.5,331,,331,Express
Paraguay,348,6.6,348,,348,Express
Paraguay,348,6.7,348,,348,Express
Paraguay,348,6.8,348,,348,Express
Paraguay,348,6.9,348,,348,Express
Paraguay,349,7,349,,349,Express
Paraguay,366,7.1,366,,366,Express
Paraguay,367,7.2,367,,367,Express
Paraguay,367,7.3,367,,367,Express
Paraguay,367,7.4,367,,367,Express
Paraguay,367,7.5,367,,367,Express
Paraguay,383,7.6,383,,383,Express
Paraguay,383,7.7,383,,383,Express
Paraguay,383,7.8,383,,383,Express
Paraguay,383,7.9,383,,383,Express
Paraguay,384,8,384,,384,Express
Paraguay,399,8.1,399,,399,Express
Paraguay,400,8.2,400,,400,Express
Paraguay,400,8.3,400,,400,Express
Paraguay,400,8.4,400,,400,Express
Paraguay,400,8.5,400,,400,Express
Paraguay,416,8.6,416,,416,Express
Paraguay,416,8.7,416,,416,Express
Paraguay,416,8.8,416,,416,Express
Paraguay,417,8.9,417,,417,Express
Paraguay,417,9,417,,417,Express
Paraguay,433,9.1,433,,433,Express
Paraguay,433,9.2,433,,433,Express
Paraguay,433,9.3,433,,433,Express
Paraguay,433,9.4,433,,433,Express
Paraguay,433,9.5,433,,433,Express
Paraguay,453,9.6,453,,453,Express
Paraguay,453,9.7,453,,453,Express
Paraguay,454,9.8,454,,454,Express
Paraguay,454,9.9,454,,454,Express
Paraguay,454,10,454,,454,Express
Peru,47,0.1,47,,47,Express
Peru,47,0.2,47,,47,Express
Peru,47,0.3,47,,47,Express
Peru,48,0.4,48,,48,Express
Peru,48,0.5,48,,48,Express
Peru,58,0.6,58,,58,Express
Peru,58,0.7,58,,58,Express
Peru,58,0.8,58,,58,Express
Peru,58,0.9,58,,58,Express
Peru,58,1,58,,58,Express
Peru,69,1.1,69,,69,Express
Peru,69,1.2,69,,69,Express
Peru,69,1.3,69,,69,Express
Peru,69,1.4,69,,69,Express
Peru,69,1.5,69,,69,Express
Peru,78,1.6,78,,78,Express
Peru,78,1.7,78,,78,Express
Peru,79,1.8,79,,79,Express
Peru,79,1.9,79,,79,Express
Peru,79,2,79,,79,Express
Peru,89,2.1,89,,89,Express
Peru,89,2.2,89,,89,Express
Peru,89,2.3,89,,89,Express
Peru,89,2.4,89,,89,Express
Peru,89,2.5,89,,89,Express
Peru,99,2.6,99,,99,Express
Peru,100,2.7,100,,100,Express
Peru,100,2.8,100,,100,Express
Peru,100,2.9,100,,100,Express
Peru,100,3,100,,100,Express
Peru,110,3.1,110,,110,Express
Peru,110,3.2,110,,110,Express
Peru,110,3.3,110,,110,Express
Peru,110,3.4,110,,110,Express
Peru,111,3.5,111,,111,Express
Peru,120,3.6,120,,120,Express
Peru,120,3.7,120,,120,Express
Peru,120,3.8,120,,120,Express
Peru,120,3.9,120,,120,Express
Peru,120,4,120,,120,Express
Peru,130,4.1,130,,130,Express
Peru,131,4.2,131,,131,Express
Peru,131,4.3,131,,131,Express
Peru,131,4.4,131,,131,Express
Peru,131,4.5,131,,131,Express
Peru,140,4.6,140,,140,Express
Peru,140,4.7,140,,140,Express
Peru,141,4.8,141,,141,Express
Peru,141,4.9,141,,141,Express
Peru,141,5,141,,141,Express
Peru,293,5.1,293,,293,Express
Peru,293,5.2,293,,293,Express
Peru,293,5.3,293,,293,Express
Peru,293,5.4,293,,293,Express
Peru,294,5.5,294,,294,Express
Peru,311,5.6,311,,311,Express
Peru,311,5.7,311,,311,Express
Peru,312,5.8,312,,312,Express
Peru,312,5.9,312,,312,Express
Peru,312,6,312,,312,Express
Peru,330,6.1,330,,330,Express
Peru,330,6.2,330,,330,Express
Peru,330,6.3,330,,330,Express
Peru,330,6.4,330,,330,Express
Peru,331,6.5,331,,331,Express
Peru,348,6.6,348,,348,Express
Peru,348,6.7,348,,348,Express
Peru,348,6.8,348,,348,Express
Peru,348,6.9,348,,348,Express
Peru,349,7,349,,349,Express
Peru,366,7.1,366,,366,Express
Peru,367,7.2,367,,367,Express
Peru,367,7.3,367,,367,Express
Peru,367,7.4,367,,367,Express
Peru,367,7.5,367,,367,Express
Peru,383,7.6,383,,383,Express
Peru,383,7.7,383,,383,Express
Peru,383,7.8,383,,383,Express
Peru,383,7.9,383,,383,Express
Peru,384,8,384,,384,Express
Peru,399,8.1,399,,399,Express
Peru,400,8.2,400,,400,Express
Peru,400,8.3,400,,400,Express
Peru,400,8.4,400,,400,Express
Peru,400,8.5,400,,400,Express
Peru,416,8.6,416,,416,Express
Peru,416,8.7,416,,416,Express
Peru,416,8.8,416,,416,Express
Peru,417,8.9,417,,417,Express
Peru,417,9,417,,417,Express
Peru,433,9.1,433,,433,Express
Peru,433,9.2,433,,433,Express
Peru,433,9.3,433,,433,Express
Peru,433,9.4,433,,433,Express
Peru,433,9.5,433,,433,Express
Peru,453,9.6,453,,453,Express
Peru,453,9.7,453,,453,Express
Peru,454,9.8,454,,454,Express
Peru,454,9.9,454,,454,Express
Peru,454,10,454,,454,Express
Philippines,3,0.1,3,12,25,Standard
Philippines,4,0.2,4,12,25,Standard
Philippines,5,0.3,5,12,25,Standard
Philippines,6,0.4,6,12,25,Standard
Philippines,7,0.5,7,12,25,Standard
Philippines,8,0.6,8,13,27,Standard
Philippines,9,0.7,9,13,27,Standard
Philippines,10,0.8,10,14,27,Standard
Philippines,11,0.9,11,14,27,Standard
Philippines,11,1,11,14,27,Standard
Philippines,12,1.1,12,15,29,Standard
Philippines,13,1.2,13,15,29,Standard
Philippines,14,1.3,14,15,29,Standard
Philippines,15,1.4,15,15,29,Standard
Philippines,15,1.5,15,15,29,Standard
Philippines,16,1.6,16,16,30,Standard
Philippines,16,1.7,16,16,30,Standard
Philippines,17,1.8,17,17,30,Standard
Philippines,17,1.9,17,17,30,Standard
Philippines,17,2,17,17,30,Standard
Philippines,18,2.1,18,18,32,Standard
Philippines,18,2.2,18,18,32,Standard
Philippines,18,2.3,18,18,32,Standard
Philippines,18,2.4,18,18,32,Standard
Philippines,18,2.5,18,18,32,Standard
Philippines,19,2.6,19,19,34,Standard
Philippines,19,2.7,19,19,34,Standard
Philippines,19,2.8,19,19,34,Standard
Philippines,19,2.9,19,19,34,Standard
Philippines,19,3,19,19,34,Standard
Philippines,20,3.1,20,20,36,Standard
Philippines,20,3.2,20,20,36,Standard
Philippines,20,3.3,20,20,36,Standard
Philippines,20,3.4,20,20,36,Standard
Philippines,20,3.5,20,20,36,Standard
Philippines,22,3.6,22,22,38,Standard
Philippines,22,3.7,22,22,38,Standard
Philippines,22,3.8,22,22,38,Standard
Philippines,22,3.9,22,22,38,Standard
Philippines,22,4,22,22,38,Standard
Philippines,23,4.1,23,23,41,Standard
Philippines,23,4.2,23,23,41,Standard
Philippines,23,4.3,23,23,41,Standard
Philippines,23,4.4,23,23,41,Standard
Philippines,23,4.5,23,23,41,Standard
Philippines,25,4.6,25,25,43,Standard
Philippines,25,4.7,25,25,43,Standard
Philippines,25,4.8,25,25,43,Standard
Philippines,25,4.9,25,25,43,Standard
Philippines,25,5,25,25,43,Standard
Philippines,26,5.1,26,26,78,Standard
Philippines,26,5.2,26,26,78,Standard
Philippines,26,5.3,26,26,78,Standard
Philippines,26,5.4,26,26,78,Standard
Philippines,26,5.5,26,26,78,Standard
Philippines,28,5.6,28,28,82,Standard
Philippines,28,5.7,28,28,82,Standard
Philippines,28,5.8,28,28,82,Standard
Philippines,28,5.9,28,28,82,Standard
Philippines,28,6,28,28,82,Standard
Philippines,29,6.1,29,29,86,Standard
Philippines,29,6.2,29,29,86,Standard
Philippines,29,6.3,29,29,86,Standard
Philippines,29,6.4,29,29,86,Standard
Philippines,29,6.5,29,29,86,Standard
Philippines,30,6.6,30,30,90,Standard
Philippines,30,6.7,30,30,90,Standard
Philippines,30,6.8,30,30,90,Standard
Philippines,30,6.9,30,30,90,Standard
Philippines,30,7,30,30,90,Standard
Philippines,31,7.1,31,31,93,Standard
Philippines,31,7.2,31,31,93,Standard
Philippines,31,7.3,31,31,93,Standard
Philippines,31,7.4,31,31,93,Standard
Philippines,31,7.5,31,31,93,Standard
Philippines,33,7.6,33,33,97,Standard
Philippines,33,7.7,33,33,97,Standard
Philippines,33,7.8,33,33,97,Standard
Philippines,33,7.9,33,33,97,Standard
Philippines,33,8,33,33,97,Standard
Philippines,34,8.1,34,34,100,Standard
Philippines,34,8.2,34,34,100,Standard
Philippines,34,8.3,34,34,100,Standard
Philippines,34,8.4,34,34,100,Standard
Philippines,34,8.5,34,34,100,Standard
Philippines,36,8.6,36,36,104,Standard
Philippines,36,8.7,36,36,104,Standard
Philippines,36,8.8,36,36,104,Standard
Philippines,36,8.9,36,36,104,Standard
Philippines,36,9,36,36,104,Standard
Philippines,38,9.1,38,38,107,Standard
Philippines,38,9.2,38,38,107,Standard
Philippines,38,9.3,38,38,107,Standard
Philippines,38,9.4,38,38,107,Standard
Philippines,38,9.5,38,38,107,Standard
Philippines,39,9.6,39,39,111,Standard
Philippines,39,9.7,39,39,111,Standard
Philippines,39,9.8,39,39,111,Standard
Philippines,39,9.9,39,39,111,Standard
Philippines,39,10,39,39,111,Standard
Poland,4,0.1,4,21,30,Standard
Poland,6,0.2,6,21,30,Standard
Poland,9,0.3,9,21,31,Standard
Poland,12,0.4,12,21,31,Standard
Poland,15,0.5,15,21,31,Standard
Poland,17,0.6,17,23,35,Standard
Poland,20,0.7,20,23,35,Standard
Poland,23,0.8,23,24,36,Standard
Poland,24,0.9,24,24,36,Standard
Poland,24,1,24,24,36,Standard
Poland,25,1.1,25,25,40,Standard
Poland,25,1.2,25,25,41,Standard
Poland,26,1.3,26,26,41,Standard
Poland,26,1.4,26,26,41,Standard
Poland,26,1.5,26,26,41,Standard
Poland,28,1.6,28,28,47,Standard
Poland,28,1.7,28,28,47,Standard
Poland,30,1.8,30,30,47,Standard
Poland,30,1.9,30,30,47,Standard
Poland,30,2,30,30,47,Standard
Poland,33,2.1,33,33,53,Standard
Poland,33,2.2,33,33,54,Standard
Poland,33,2.3,33,33,54,Standard
Poland,33,2.4,33,33,54,Standard
Poland,33,2.5,33,33,54,Standard
Poland,36,2.6,36,36,58,Standard
Poland,36,2.7,36,36,58,Standard
Poland,36,2.8,36,36,58,Standard
Poland,36,2.9,36,36,58,Standard
Poland,36,3,36,36,59,Standard
Poland,38,3.1,38,38,64,Standard
Poland,38,3.2,38,38,64,Standard
Poland,38,3.3,38,38,64,Standard
Poland,38,3.4,38,38,65,Standard
Poland,38,3.5,38,38,65,Standard
Poland,41,3.6,41,41,70,Standard
Poland,41,3.7,41,41,70,Standard
Poland,41,3.8,41,41,70,Standard
Poland,41,3.9,41,41,70,Standard
Poland,41,4,41,41,70,Standard
Poland,44,4.1,44,44,76,Standard
Poland,44,4.2,44,44,76,Standard
Poland,44,4.3,44,44,76,Standard
Poland,44,4.4,44,44,76,Standard
Poland,44,4.5,44,44,76,Standard
Poland,47,4.6,47,47,81,Standard
Poland,47,4.7,47,47,81,Standard
Poland,47,4.8,47,47,81,Standard
Poland,47,4.9,47,47,82,Standard
Poland,47,5,47,47,82,Standard
Poland,50,5.1,50,50,126,Standard
Poland,50,5.2,50,50,127,Standard
Poland,50,5.3,50,50,127,Standard
Poland,50,5.4,50,50,127,Standard
Poland,50,5.5,50,50,127,Standard
Poland,53,5.6,53,53,135,Standard
Poland,53,5.7,53,53,135,Standard
Poland,53,5.8,53,53,135,Standard
Poland,53,5.9,53,53,135,Standard
Poland,53,6,53,53,136,Standard
Poland,56,6.1,56,56,144,Standard
Poland,56,6.2,56,56,144,Standard
Poland,56,6.3,56,56,144,Standard
Poland,56,6.4,56,56,144,Standard
Poland,56,6.5,56,56,145,Standard
Poland,60,6.6,60,60,153,Standard
Poland,60,6.7,60,60,153,Standard
Poland,60,6.8,60,60,153,Standard
Poland,60,6.9,60,60,153,Standard
Poland,60,7,60,60,153,Standard
Poland,64,7.1,64,64,162,Standard
Poland,64,7.2,64,64,162,Standard
Poland,64,7.3,64,64,162,Standard
Poland,64,7.4,64,64,162,Standard
Poland,64,7.5,64,64,162,Standard
Poland,67,7.6,67,67,169,Standard
Poland,67,7.7,67,67,170,Standard
Poland,67,7.8,67,67,170,Standard
Poland,67,7.9,67,67,170,Standard
Poland,67,8,67,67,170,Standard
Poland,71,8.1,71,71,177,Standard
Poland,71,8.2,71,71,177,Standard
Poland,71,8.3,71,71,177,Standard
Poland,71,8.4,71,71,177,Standard
Poland,71,8.5,71,71,177,Standard
Poland,75,8.6,75,75,185,Standard
Poland,75,8.7,75,75,185,Standard
Poland,75,8.8,75,75,185,Standard
Poland,75,8.9,75,75,185,Standard
Poland,75,9,75,75,185,Standard
Poland,78,9.1,78,78,192,Standard
Poland,78,9.2,78,78,192,Standard
Poland,78,9.3,78,78,192,Standard
Poland,78,9.4,78,78,193,Standard
Poland,78,9.5,78,78,193,Standard
Poland,83,9.6,83,83,198,Standard
Poland,83,9.7,83,83,199,Standard
Poland,83,9.8,83,83,199,Standard
Poland,83,9.9,83,83,199,Standard
Poland,83,10,83,83,199,Standard
Portugal,21,0.1,21,21,31,Economy
Portugal,21,0.2,21,21,31,Economy
Portugal,21,0.3,21,21,31,Economy
Portugal,21,0.4,21,21,32,Economy
Portugal,21,0.5,21,21,32,Economy
Portugal,23,0.6,23,23,37,Economy
Portugal,23,0.7,23,23,37,Economy
Portugal,24,0.8,24,24,37,Economy
Portugal,24,0.9,24,24,38,Economy
Portugal,24,1,24,24,38,Economy
Portugal,25,1.1,25,25,43,Economy
Portugal,25,1.2,25,25,43,Economy
Portugal,26,1.3,26,26,43,Economy
Portugal,26,1.4,26,26,43,Economy
Portugal,26,1.5,26,26,43,Economy
Portugal,28,1.6,28,28,50,Economy
Portugal,28,1.7,28,28,50,Economy
Portugal,30,1.8,30,30,50,Economy
Portugal,30,1.9,30,30,50,Economy
Portugal,30,2,30,30,51,Economy
Portugal,33,2.1,33,33,57,Economy
Portugal,33,2.2,33,33,57,Economy
Portugal,33,2.3,33,33,57,Economy
Portugal,33,2.4,33,33,57,Economy
Portugal,33,2.5,33,33,57,Economy
Portugal,36,2.6,36,36,63,Economy
Portugal,36,2.7,36,36,63,Economy
Portugal,36,2.8,36,36,63,Economy
Portugal,36,2.9,36,36,63,Economy
Portugal,36,3,36,36,63,Economy
Portugal,38,3.1,38,38,69,Economy
Portugal,38,3.2,38,38,69,Economy
Portugal,38,3.3,38,38,69,Economy
Portugal,38,3.4,38,38,69,Economy
Portugal,38,3.5,38,38,69,Economy
Portugal,41,3.6,41,41,75,Economy
Portugal,41,3.7,41,41,75,Economy
Portugal,41,3.8,41,41,75,Economy
Portugal,41,3.9,41,41,75,Economy
Portugal,41,4,41,41,75,Economy
Portugal,44,4.1,44,44,80,Economy
Portugal,44,4.2,44,44,80,Economy
Portugal,44,4.3,44,44,81,Economy
Portugal,44,4.4,44,44,81,Economy
Portugal,44,4.5,44,44,81,Economy
Portugal,47,4.6,47,47,86,Economy
Portugal,47,4.7,47,47,86,Economy
Portugal,47,4.8,47,47,86,Economy
Portugal,47,4.9,47,47,86,Economy
Portugal,47,5,47,47,87,Economy
Portugal,50,5.1,50,50,132,Economy
Portugal,50,5.2,50,50,132,Economy
Portugal,50,5.3,50,50,132,Economy
Portugal,50,5.4,50,50,132,Economy
Portugal,50,5.5,50,50,132,Economy
Portugal,53,5.6,53,53,140,Economy
Portugal,53,5.7,53,53,140,Economy
Portugal,53,5.8,53,53,140,Economy
Portugal,53,5.9,53,53,140,Economy
Portugal,53,6,53,53,141,Economy
Portugal,56,6.1,56,56,148,Economy
Portugal,56,6.2,56,56,149,Economy
Portugal,56,6.3,56,56,149,Economy
Portugal,56,6.4,56,56,149,Economy
Portugal,56,6.5,56,56,149,Economy
Portugal,60,6.6,60,60,157,Economy
Portugal,60,6.7,60,60,157,Economy
Portugal,60,6.8,60,60,157,Economy
Portugal,60,6.9,60,60,157,Economy
Portugal,60,7,60,60,157,Economy
Portugal,64,7.1,64,64,165,Economy
Portugal,64,7.2,64,64,165,Economy
Portugal,64,7.3,64,64,165,Economy
Portugal,64,7.4,64,64,166,Economy
Portugal,64,7.5,64,64,166,Economy
Portugal,67,7.6,67,67,174,Economy
Portugal,67,7.7,67,67,174,Economy
Portugal,67,7.8,67,67,174,Economy
Portugal,67,7.9,67,67,175,Economy
Portugal,67,8,67,67,175,Economy
Portugal,71,8.1,71,71,183,Economy
Portugal,71,8.2,71,71,183,Economy
Portugal,71,8.3,71,71,183,Economy
Portugal,71,8.4,71,71,183,Economy
Portugal,71,8.5,71,71,184,Economy
Portugal,75,8.6,75,75,192,Economy
Portugal,75,8.7,75,75,192,Economy
Portugal,75,8.8,75,75,192,Economy
Portugal,75,8.9,75,75,192,Economy
Portugal,75,9,75,75,193,Economy
Portugal,78,9.1,78,78,201,Economy
Portugal,78,9.2,78,78,201,Economy
Portugal,78,9.3,78,78,201,Economy
Portugal,78,9.4,78,78,201,Economy
Portugal,78,9.5,78,78,202,Economy
Portugal,83,9.6,83,83,210,Economy
Portugal,83,9.7,83,83,210,Economy
Portugal,83,9.8,83,83,210,Economy
Portugal,83,9.9,83,83,210,Economy
Portugal,83,10,83,83,210,Economy
Puerto Rico,59,0.1,59,,59,Express
Puerto Rico,59,0.2,59,,59,Express
Puerto Rico,59,0.3,59,,59,Express
Puerto Rico,59,0.4,59,,59,Express
Puerto Rico,59,0.5,59,,59,Express
Puerto Rico,66,0.6,66,,66,Express
Puerto Rico,66,0.7,66,,66,Express
Puerto Rico,66,0.8,66,,66,Express
Puerto Rico,66,0.9,66,,66,Express
Puerto Rico,66,1,66,,66,Express
Puerto Rico,68,1.1,68,,68,Express
Puerto Rico,68,1.2,68,,68,Express
Puerto Rico,68,1.3,68,,68,Express
Puerto Rico,68,1.4,68,,68,Express
Puerto Rico,69,1.5,69,,69,Express
Puerto Rico,73,1.6,73,,73,Express
Puerto Rico,73,1.7,73,,73,Express
Puerto Rico,73,1.8,73,,73,Express
Puerto Rico,73,1.9,73,,73,Express
Puerto Rico,74,2,74,,74,Express
Puerto Rico,79,2.1,79,,79,Express
Puerto Rico,79,2.2,79,,79,Express
Puerto Rico,79,2.3,79,,79,Express
Puerto Rico,79,2.4,79,,79,Express
Puerto Rico,79,2.5,79,,79,Express
Puerto Rico,86,2.6,86,,86,Express
Puerto Rico,86,2.7,86,,86,Express
Puerto Rico,86,2.8,86,,86,Express
Puerto Rico,86,2.9,86,,86,Express
Puerto Rico,86,3,86,,86,Express
Puerto Rico,91,3.1,91,,91,Express
Puerto Rico,91,3.2,91,,91,Express
Puerto Rico,91,3.3,91,,91,Express
Puerto Rico,91,3.4,91,,91,Express
Puerto Rico,91,3.5,91,,91,Express
Puerto Rico,96,3.6,96,,96,Express
Puerto Rico,96,3.7,96,,96,Express
Puerto Rico,96,3.8,96,,96,Express
Puerto Rico,96,3.9,96,,96,Express
Puerto Rico,96,4,96,,96,Express
Puerto Rico,101,4.1,101,,101,Express
Puerto Rico,101,4.2,101,,101,Express
Puerto Rico,101,4.3,101,,101,Express
Puerto Rico,101,4.4,101,,101,Express
Puerto Rico,101,4.5,101,,101,Express
Puerto Rico,106,4.6,106,,106,Express
Puerto Rico,106,4.7,106,,106,Express
Puerto Rico,106,4.8,106,,106,Express
Puerto Rico,106,4.9,106,,106,Express
Puerto Rico,106,5,106,,106,Express
Puerto Rico,131,5.1,131,,131,Express
Puerto Rico,131,5.2,131,,131,Express
Puerto Rico,131,5.3,131,,131,Express
Puerto Rico,131,5.4,131,,131,Express
Puerto Rico,131,5.5,131,,131,Express
Puerto Rico,137,5.6,137,,137,Express
Puerto Rico,137,5.7,137,,137,Express
Puerto Rico,137,5.8,137,,137,Express
Puerto Rico,137,5.9,137,,137,Express
Puerto Rico,137,6,137,,137,Express
Puerto Rico,142,6.1,142,,142,Express
Puerto Rico,143,6.2,143,,143,Express
Puerto Rico,143,6.3,143,,143,Express
Puerto Rico,143,6.4,143,,143,Express
Puerto Rico,143,6.5,143,,143,Express
Puerto Rico,148,6.6,148,,148,Express
Puerto Rico,149,6.7,149,,149,Express
Puerto Rico,149,6.8,149,,149,Express
Puerto Rico,149,6.9,149,,149,Express
Puerto Rico,149,7,149,,149,Express
Puerto Rico,153,7.1,153,,153,Express
Puerto Rico,154,7.2,154,,154,Express
Puerto Rico,154,7.3,154,,154,Express
Puerto Rico,154,7.4,154,,154,Express
Puerto Rico,154,7.5,154,,154,Express
Puerto Rico,159,7.6,159,,159,Express
Puerto Rico,159,7.7,159,,159,Express
Puerto Rico,160,7.8,160,,160,Express
Puerto Rico,160,7.9,160,,160,Express
Puerto Rico,160,8,160,,160,Express
Puerto Rico,165,8.1,165,,165,Express
Puerto Rico,165,8.2,165,,165,Express
Puerto Rico,165,8.3,165,,165,Express
Puerto Rico,165,8.4,165,,165,Express
Puerto Rico,165,8.5,165,,165,Express
Puerto Rico,171,8.6,171,,171,Express
Puerto Rico,171,8.7,171,,171,Express
Puerto Rico,171,8.8,171,,171,Express
Puerto Rico,171,8.9,171,,171,Express
Puerto Rico,171,9,171,,171,Express
Puerto Rico,177,9.1,177,,177,Express
Puerto Rico,177,9.2,177,,177,Express
Puerto Rico,177,9.3,177,,177,Express
Puerto Rico,177,9.4,177,,177,Express
Puerto Rico,177,9.5,177,,177,Express
Puerto Rico,183,9.6,183,,183,Express
Puerto Rico,183,9.7,183,,183,Express
Puerto Rico,183,9.8,183,,183,Express
Puerto Rico,183,9.9,183,,183,Express
Puerto Rico,183,10,183,,183,Express
Qatar,21,0.1,21,21,32,Economy
Qatar,21,0.2,21,21,32,Economy
Qatar,21,0.3,21,21,33,Economy
Qatar,21,0.4,21,21,33,Economy
Qatar,21,0.5,21,21,33,Economy
Qatar,23,0.6,23,23,45,Economy
Qatar,23,0.7,23,23,45,Economy
Qatar,24,0.8,24,24,46,Economy
Qatar,24,0.9,24,24,46,Economy
Qatar,24,1,24,24,46,Economy
Qatar,25,1.1,25,25,54,Economy
Qatar,25,1.2,25,25,54,Economy
Qatar,26,1.3,26,26,54,Economy
Qatar,26,1.4,26,26,54,Economy
Qatar,26,1.5,26,26,54,Economy
Qatar,28,1.6,28,28,62,Economy
Qatar,28,1.7,28,28,62,Economy
Qatar,30,1.8,30,30,62,Economy
Qatar,30,1.9,30,30,62,Economy
Qatar,30,2,30,30,62,Economy
Qatar,33,2.1,33,33,70,Economy
Qatar,33,2.2,33,33,70,Economy
Qatar,33,2.3,33,33,70,Economy
Qatar,33,2.4,33,33,70,Economy
Qatar,33,2.5,33,33,70,Economy
Qatar,36,2.6,36,36,74,Economy
Qatar,36,2.7,36,36,74,Economy
Qatar,36,2.8,36,36,75,Economy
Qatar,36,2.9,36,36,75,Economy
Qatar,36,3,36,36,75,Economy
Qatar,38,3.1,38,38,82,Economy
Qatar,38,3.2,38,38,82,Economy
Qatar,38,3.3,38,38,82,Economy
Qatar,38,3.4,38,38,83,Economy
Qatar,38,3.5,38,38,83,Economy
Qatar,41,3.6,41,41,90,Economy
Qatar,41,3.7,41,41,91,Economy
Qatar,41,3.8,41,41,91,Economy
Qatar,41,3.9,41,41,91,Economy
Qatar,41,4,41,41,91,Economy
Qatar,44,4.1,44,44,98,Economy
Qatar,44,4.2,44,44,98,Economy
Qatar,44,4.3,44,44,98,Economy
Qatar,44,4.4,44,44,98,Economy
Qatar,44,4.5,44,44,99,Economy
Qatar,47,4.6,47,47,108,Economy
Qatar,47,4.7,47,47,108,Economy
Qatar,47,4.8,47,47,108,Economy
Qatar,47,4.9,47,47,108,Economy
Qatar,47,5,47,47,109,Economy
Qatar,50,5.1,50,50,223,Economy
Qatar,50,5.2,50,50,223,Economy
Qatar,50,5.3,50,50,223,Economy
Qatar,50,5.4,50,50,224,Economy
Qatar,50,5.5,50,50,224,Economy
Qatar,53,5.6,53,53,239,Economy
Qatar,53,5.7,53,53,239,Economy
Qatar,53,5.8,53,53,239,Economy
Qatar,53,5.9,53,53,239,Economy
Qatar,53,6,53,53,239,Economy
Qatar,56,6.1,56,56,255,Economy
Qatar,56,6.2,56,56,255,Economy
Qatar,56,6.3,56,56,255,Economy
Qatar,56,6.4,56,56,255,Economy
Qatar,56,6.5,56,56,255,Economy
Qatar,60,6.6,60,60,270,Economy
Qatar,60,6.7,60,60,271,Economy
Qatar,60,6.8,60,60,271,Economy
Qatar,60,6.9,60,60,271,Economy
Qatar,60,7,60,60,271,Economy
Qatar,64,7.1,64,64,286,Economy
Qatar,64,7.2,64,64,286,Economy
Qatar,64,7.3,64,64,287,Economy
Qatar,64,7.4,64,64,287,Economy
Qatar,64,7.5,64,64,287,Economy
Qatar,67,7.6,67,67,301,Economy
Qatar,67,7.7,67,67,301,Economy
Qatar,67,7.8,67,67,301,Economy
Qatar,67,7.9,67,67,302,Economy
Qatar,67,8,67,67,302,Economy
Qatar,71,8.1,71,71,316,Economy
Qatar,71,8.2,71,71,316,Economy
Qatar,71,8.3,71,71,316,Economy
Qatar,71,8.4,71,71,317,Economy
Qatar,71,8.5,71,71,317,Economy
Qatar,75,8.6,75,75,331,Economy
Qatar,75,8.7,75,75,331,Economy
Qatar,75,8.8,75,75,331,Economy
Qatar,75,8.9,75,75,332,Economy
Qatar,75,9,75,75,332,Economy
Qatar,78,9.1,78,78,346,Economy
Qatar,78,9.2,78,78,346,Economy
Qatar,78,9.3,78,78,346,Economy
Qatar,78,9.4,78,78,346,Economy
Qatar,78,9.5,78,78,347,Economy
Qatar,83,9.6,83,83,355,Economy
Qatar,83,9.7,83,83,356,Economy
Qatar,83,9.8,83,83,356,Economy
Qatar,83,9.9,83,83,356,Economy
Qatar,83,10,83,83,356,Economy
Reunion,47,0.1,47,,47,Express
Reunion,47,0.2,47,,47,Express
Reunion,47,0.3,47,,47,Express
Reunion,48,0.4,48,,48,Express
Reunion,48,0.5,48,,48,Express
Reunion,58,0.6,58,,58,Express
Reunion,58,0.7,58,,58,Express
Reunion,58,0.8,58,,58,Express
Reunion,58,0.9,58,,58,Express
Reunion,58,1,58,,58,Express
Reunion,69,1.1,69,,69,Express
Reunion,69,1.2,69,,69,Express
Reunion,69,1.3,69,,69,Express
Reunion,69,1.4,69,,69,Express
Reunion,69,1.5,69,,69,Express
Reunion,78,1.6,78,,78,Express
Reunion,78,1.7,78,,78,Express
Reunion,79,1.8,79,,79,Express
Reunion,79,1.9,79,,79,Express
Reunion,79,2,79,,79,Express
Reunion,89,2.1,89,,89,Express
Reunion,89,2.2,89,,89,Express
Reunion,89,2.3,89,,89,Express
Reunion,89,2.4,89,,89,Express
Reunion,89,2.5,89,,89,Express
Reunion,99,2.6,99,,99,Express
Reunion,100,2.7,100,,100,Express
Reunion,100,2.8,100,,100,Express
Reunion,100,2.9,100,,100,Express
Reunion,100,3,100,,100,Express
Reunion,110,3.1,110,,110,Express
Reunion,110,3.2,110,,110,Express
Reunion,110,3.3,110,,110,Express
Reunion,110,3.4,110,,110,Express
Reunion,111,3.5,111,,111,Express
Reunion,120,3.6,120,,120,Express
Reunion,120,3.7,120,,120,Express
Reunion,120,3.8,120,,120,Express
Reunion,120,3.9,120,,120,Express
Reunion,120,4,120,,120,Express
Reunion,130,4.1,130,,130,Express
Reunion,131,4.2,131,,131,Express
Reunion,131,4.3,131,,131,Express
Reunion,131,4.4,131,,131,Express
Reunion,131,4.5,131,,131,Express
Reunion,140,4.6,140,,140,Express
Reunion,140,4.7,140,,140,Express
Reunion,141,4.8,141,,141,Express
Reunion,141,4.9,141,,141,Express
Reunion,141,5,141,,141,Express
Reunion,293,5.1,293,,293,Express
Reunion,293,5.2,293,,293,Express
Reunion,293,5.3,293,,293,Express
Reunion,293,5.4,293,,293,Express
Reunion,294,5.5,294,,294,Express
Reunion,311,5.6,311,,311,Express
Reunion,311,5.7,311,,311,Express
Reunion,312,5.8,312,,312,Express
Reunion,312,5.9,312,,312,Express
Reunion,312,6,312,,312,Express
Reunion,330,6.1,330,,330,Express
Reunion,330,6.2,330,,330,Express
Reunion,330,6.3,330,,330,Express
Reunion,330,6.4,330,,330,Express
Reunion,331,6.5,331,,331,Express
Reunion,348,6.6,348,,348,Express
Reunion,348,6.7,348,,348,Express
Reunion,348,6.8,348,,348,Express
Reunion,348,6.9,348,,348,Express
Reunion,349,7,349,,349,Express
Reunion,366,7.1,366,,366,Express
Reunion,367,7.2,367,,367,Express
Reunion,367,7.3,367,,367,Express
Reunion,367,7.4,367,,367,Express
Reunion,367,7.5,367,,367,Express
Reunion,383,7.6,383,,383,Express
Reunion,383,7.7,383,,383,Express
Reunion,383,7.8,383,,383,Express
Reunion,383,7.9,383,,383,Express
Reunion,384,8,384,,384,Express
Reunion,399,8.1,399,,399,Express
Reunion,400,8.2,400,,400,Express
Reunion,400,8.3,400,,400,Express
Reunion,400,8.4,400,,400,Express
Reunion,400,8.5,400,,400,Express
Reunion,416,8.6,416,,416,Express
Reunion,416,8.7,416,,416,Express
Reunion,416,8.8,416,,416,Express
Reunion,417,8.9,417,,417,Express
Reunion,417,9,417,,417,Express
Reunion,433,9.1,433,,433,Express
Reunion,433,9.2,433,,433,Express
Reunion,433,9.3,433,,433,Express
Reunion,433,9.4,433,,433,Express
Reunion,433,9.5,433,,433,Express
Reunion,453,9.6,453,,453,Express
Reunion,453,9.7,453,,453,Express
Reunion,454,9.8,454,,454,Express
Reunion,454,9.9,454,,454,Express
Reunion,454,10,454,,454,Express
Romania,21,0.1,21,21,32,Economy
Romania,21,0.2,21,21,32,Economy
Romania,21,0.3,21,21,33,Economy
Romania,21,0.4,21,21,33,Economy
Romania,21,0.5,21,21,33,Economy
Romania,23,0.6,23,23,45,Economy
Romania,23,0.7,23,23,45,Economy
Romania,24,0.8,24,24,46,Economy
Romania,24,0.9,24,24,46,Economy
Romania,24,1,24,24,46,Economy
Romania,25,1.1,25,25,54,Economy
Romania,25,1.2,25,25,54,Economy
Romania,26,1.3,26,26,54,Economy
Romania,26,1.4,26,26,54,Economy
Romania,26,1.5,26,26,54,Economy
Romania,28,1.6,28,28,62,Economy
Romania,28,1.7,28,28,62,Economy
Romania,30,1.8,30,30,62,Economy
Romania,30,1.9,30,30,62,Economy
Romania,30,2,30,30,62,Economy
Romania,33,2.1,33,33,70,Economy
Romania,33,2.2,33,33,70,Economy
Romania,33,2.3,33,33,70,Economy
Romania,33,2.4,33,33,70,Economy
Romania,33,2.5,33,33,70,Economy
Romania,36,2.6,36,36,74,Economy
Romania,36,2.7,36,36,74,Economy
Romania,36,2.8,36,36,75,Economy
Romania,36,2.9,36,36,75,Economy
Romania,36,3,36,36,75,Economy
Romania,38,3.1,38,38,82,Economy
Romania,38,3.2,38,38,82,Economy
Romania,38,3.3,38,38,82,Economy
Romania,38,3.4,38,38,83,Economy
Romania,38,3.5,38,38,83,Economy
Romania,41,3.6,41,41,90,Economy
Romania,41,3.7,41,41,91,Economy
Romania,41,3.8,41,41,91,Economy
Romania,41,3.9,41,41,91,Economy
Romania,41,4,41,41,91,Economy
Romania,44,4.1,44,44,98,Economy
Romania,44,4.2,44,44,98,Economy
Romania,44,4.3,44,44,98,Economy
Romania,44,4.4,44,44,98,Economy
Romania,44,4.5,44,44,99,Economy
Romania,47,4.6,47,47,108,Economy
Romania,47,4.7,47,47,108,Economy
Romania,47,4.8,47,47,108,Economy
Romania,47,4.9,47,47,108,Economy
Romania,47,5,47,47,109,Economy
Romania,50,5.1,50,50,223,Economy
Romania,50,5.2,50,50,223,Economy
Romania,50,5.3,50,50,223,Economy
Romania,50,5.4,50,50,224,Economy
Romania,50,5.5,50,50,224,Economy
Romania,53,5.6,53,53,239,Economy
Romania,53,5.7,53,53,239,Economy
Romania,53,5.8,53,53,239,Economy
Romania,53,5.9,53,53,239,Economy
Romania,53,6,53,53,239,Economy
Romania,56,6.1,56,56,255,Economy
Romania,56,6.2,56,56,255,Economy
Romania,56,6.3,56,56,255,Economy
Romania,56,6.4,56,56,255,Economy
Romania,56,6.5,56,56,255,Economy
Romania,60,6.6,60,60,270,Economy
Romania,60,6.7,60,60,271,Economy
Romania,60,6.8,60,60,271,Economy
Romania,60,6.9,60,60,271,Economy
Romania,60,7,60,60,271,Economy
Romania,64,7.1,64,64,286,Economy
Romania,64,7.2,64,64,286,Economy
Romania,64,7.3,64,64,287,Economy
Romania,64,7.4,64,64,287,Economy
Romania,64,7.5,64,64,287,Economy
Romania,67,7.6,67,67,301,Economy
Romania,67,7.7,67,67,301,Economy
Romania,67,7.8,67,67,301,Economy
Romania,67,7.9,67,67,302,Economy
Romania,67,8,67,67,302,Economy
Romania,71,8.1,71,71,316,Economy
Romania,71,8.2,71,71,316,Economy
Romania,71,8.3,71,71,316,Economy
Romania,71,8.4,71,71,317,Economy
Romania,71,8.5,71,71,317,Economy
Romania,75,8.6,75,75,331,Economy
Romania,75,8.7,75,75,331,Economy
Romania,75,8.8,75,75,331,Economy
Romania,75,8.9,75,75,332,Economy
Romania,75,9,75,75,332,Economy
Romania,78,9.1,78,78,346,Economy
Romania,78,9.2,78,78,346,Economy
Romania,78,9.3,78,78,346,Economy
Romania,78,9.4,78,78,346,Economy
Romania,78,9.5,78,78,347,Economy
Romania,83,9.6,83,83,355,Economy
Romania,83,9.7,83,83,356,Economy
Romania,83,9.8,83,83,356,Economy
Romania,83,9.9,83,83,356,Economy
Romania,83,10,83,83,356,Economy
Russia,31,0.1,31,,31,Express
Russia,31,0.2,31,,31,Express
Russia,31,0.3,31,,31,Express
Russia,31,0.4,31,,31,Express
Russia,31,0.5,31,,31,Express
Russia,36,0.6,36,,36,Express
Russia,36,0.7,36,,36,Express
Russia,36,0.8,36,,36,Express
Russia,36,0.9,36,,36,Express
Russia,36,1,36,,36,Express
Russia,41,1.1,41,,41,Express
Russia,41,1.2,41,,41,Express
Russia,41,1.3,41,,41,Express
Russia,41,1.4,41,,41,Express
Russia,41,1.5,41,,41,Express
Russia,48,1.6,48,,48,Express
Russia,48,1.7,48,,48,Express
Russia,48,1.8,48,,48,Express
Russia,48,1.9,48,,48,Express
Russia,48,2,48,,48,Express
Russia,54,2.1,54,,54,Express
Russia,54,2.2,54,,54,Express
Russia,54,2.3,54,,54,Express
Russia,54,2.4,54,,54,Express
Russia,54,2.5,54,,54,Express
Russia,59,2.6,59,,59,Express
Russia,59,2.7,59,,59,Express
Russia,59,2.8,59,,59,Express
Russia,59,2.9,59,,59,Express
Russia,59,3,59,,59,Express
Russia,65,3.1,65,,65,Express
Russia,65,3.2,65,,65,Express
Russia,65,3.3,65,,65,Express
Russia,65,3.4,65,,65,Express
Russia,65,3.5,65,,65,Express
Russia,70,3.6,70,,70,Express
Russia,70,3.7,70,,70,Express
Russia,70,3.8,70,,70,Express
Russia,70,3.9,70,,70,Express
Russia,70,4,70,,70,Express
Russia,75,4.1,75,,75,Express
Russia,75,4.2,75,,75,Express
Russia,75,4.3,75,,75,Express
Russia,75,4.4,75,,75,Express
Russia,75,4.5,75,,75,Express
Russia,80,4.6,80,,80,Express
Russia,80,4.7,80,,80,Express
Russia,80,4.8,80,,80,Express
Russia,80,4.9,80,,80,Express
Russia,80,5,80,,80,Express
Russia,125,5.1,125,,125,Express
Russia,125,5.2,125,,125,Express
Russia,125,5.3,125,,125,Express
Russia,125,5.4,125,,125,Express
Russia,125,5.5,125,,125,Express
Russia,132,5.6,132,,132,Express
Russia,132,5.7,132,,132,Express
Russia,132,5.8,132,,132,Express
Russia,132,5.9,132,,132,Express
Russia,132,6,132,,132,Express
Russia,140,6.1,140,,140,Express
Russia,140,6.2,140,,140,Express
Russia,140,6.3,140,,140,Express
Russia,140,6.4,140,,140,Express
Russia,140,6.5,140,,140,Express
Russia,148,6.6,148,,148,Express
Russia,148,6.7,148,,148,Express
Russia,148,6.8,148,,148,Express
Russia,148,6.9,148,,148,Express
Russia,148,7,148,,148,Express
Russia,156,7.1,156,,156,Express
Russia,156,7.2,156,,156,Express
Russia,156,7.3,156,,156,Express
Russia,156,7.4,156,,156,Express
Russia,156,7.5,156,,156,Express
Russia,164,7.6,164,,164,Express
Russia,164,7.7,164,,164,Express
Russia,164,7.8,164,,164,Express
Russia,164,7.9,164,,164,Express
Russia,164,8,164,,164,Express
Russia,172,8.1,172,,172,Express
Russia,172,8.2,172,,172,Express
Russia,172,8.3,172,,172,Express
Russia,172,8.4,172,,172,Express
Russia,172,8.5,172,,172,Express
Russia,180,8.6,180,,180,Express
Russia,180,8.7,180,,180,Express
Russia,180,8.8,180,,180,Express
Russia,180,8.9,180,,180,Express
Russia,180,9,180,,180,Express
Russia,189,9.1,189,,189,Express
Russia,189,9.2,189,,189,Express
Russia,189,9.3,189,,189,Express
Russia,189,9.4,189,,189,Express
Russia,189,9.5,189,,189,Express
Russia,197,9.6,197,,197,Express
Russia,197,9.7,197,,197,Express
Russia,197,9.8,197,,197,Express
Russia,197,9.9,197,,197,Express
Russia,197,10,197,,197,Express
Rwanda,47,0.1,47,,47,Express
Rwanda,47,0.2,47,,47,Express
Rwanda,47,0.3,47,,47,Express
Rwanda,48,0.4,48,,48,Express
Rwanda,48,0.5,48,,48,Express
Rwanda,58,0.6,58,,58,Express
Rwanda,58,0.7,58,,58,Express
Rwanda,58,0.8,58,,58,Express
Rwanda,58,0.9,58,,58,Express
Rwanda,58,1,58,,58,Express
Rwanda,69,1.1,69,,69,Express
Rwanda,69,1.2,69,,69,Express
Rwanda,69,1.3,69,,69,Express
Rwanda,69,1.4,69,,69,Express
Rwanda,69,1.5,69,,69,Express
Rwanda,78,1.6,78,,78,Express
Rwanda,78,1.7,78,,78,Express
Rwanda,79,1.8,79,,79,Express
Rwanda,79,1.9,79,,79,Express
Rwanda,79,2,79,,79,Express
Rwanda,89,2.1,89,,89,Express
Rwanda,89,2.2,89,,89,Express
Rwanda,89,2.3,89,,89,Express
Rwanda,89,2.4,89,,89,Express
Rwanda,89,2.5,89,,89,Express
Rwanda,99,2.6,99,,99,Express
Rwanda,100,2.7,100,,100,Express
Rwanda,100,2.8,100,,100,Express
Rwanda,100,2.9,100,,100,Express
Rwanda,100,3,100,,100,Express
Rwanda,110,3.1,110,,110,Express
Rwanda,110,3.2,110,,110,Express
Rwanda,110,3.3,110,,110,Express
Rwanda,110,3.4,110,,110,Express
Rwanda,111,3.5,111,,111,Express
Rwanda,120,3.6,120,,120,Express
Rwanda,120,3.7,120,,120,Express
Rwanda,120,3.8,120,,120,Express
Rwanda,120,3.9,120,,120,Express
Rwanda,120,4,120,,120,Express
Rwanda,130,4.1,130,,130,Express
Rwanda,131,4.2,131,,131,Express
Rwanda,131,4.3,131,,131,Express
Rwanda,131,4.4,131,,131,Express
Rwanda,131,4.5,131,,131,Express
Rwanda,140,4.6,140,,140,Express
Rwanda,140,4.7,140,,140,Express
Rwanda,141,4.8,141,,141,Express
Rwanda,141,4.9,141,,141,Express
Rwanda,141,5,141,,141,Express
Rwanda,293,5.1,293,,293,Express
Rwanda,293,5.2,293,,293,Express
Rwanda,293,5.3,293,,293,Express
Rwanda,293,5.4,293,,293,Express
Rwanda,294,5.5,294,,294,Express
Rwanda,311,5.6,311,,311,Express
Rwanda,311,5.7,311,,311,Express
Rwanda,312,5.8,312,,312,Express
Rwanda,312,5.9,312,,312,Express
Rwanda,312,6,312,,312,Express
Rwanda,330,6.1,330,,330,Express
Rwanda,330,6.2,330,,330,Express
Rwanda,330,6.3,330,,330,Express
Rwanda,330,6.4,330,,330,Express
Rwanda,331,6.5,331,,331,Express
Rwanda,348,6.6,348,,348,Express
Rwanda,348,6.7,348,,348,Express
Rwanda,348,6.8,348,,348,Express
Rwanda,348,6.9,348,,348,Express
Rwanda,349,7,349,,349,Express
Rwanda,366,7.1,366,,366,Express
Rwanda,367,7.2,367,,367,Express
Rwanda,367,7.3,367,,367,Express
Rwanda,367,7.4,367,,367,Express
Rwanda,367,7.5,367,,367,Express
Rwanda,383,7.6,383,,383,Express
Rwanda,383,7.7,383,,383,Express
Rwanda,383,7.8,383,,383,Express
Rwanda,383,7.9,383,,383,Express
Rwanda,384,8,384,,384,Express
Rwanda,399,8.1,399,,399,Express
Rwanda,400,8.2,400,,400,Express
Rwanda,400,8.3,400,,400,Express
Rwanda,400,8.4,400,,400,Express
Rwanda,400,8.5,400,,400,Express
Rwanda,416,8.6,416,,416,Express
Rwanda,416,8.7,416,,416,Express
Rwanda,416,8.8,416,,416,Express
Rwanda,417,8.9,417,,417,Express
Rwanda,417,9,417,,417,Express
Rwanda,433,9.1,433,,433,Express
Rwanda,433,9.2,433,,433,Express
Rwanda,433,9.3,433,,433,Express
Rwanda,433,9.4,433,,433,Express
Rwanda,433,9.5,433,,433,Express
Rwanda,453,9.6,453,,453,Express
Rwanda,453,9.7,453,,453,Express
Rwanda,454,9.8,454,,454,Express
Rwanda,454,9.9,454,,454,Express
Rwanda,454,10,454,,454,Express
Saint Helena,47,0.1,47,,47,Express
Saint Helena,47,0.2,47,,47,Express
Saint Helena,47,0.3,47,,47,Express
Saint Helena,48,0.4,48,,48,Express
Saint Helena,48,0.5,48,,48,Express
Saint Helena,58,0.6,58,,58,Express
Saint Helena,58,0.7,58,,58,Express
Saint Helena,58,0.8,58,,58,Express
Saint Helena,58,0.9,58,,58,Express
Saint Helena,58,1,58,,58,Express
Saint Helena,69,1.1,69,,69,Express
Saint Helena,69,1.2,69,,69,Express
Saint Helena,69,1.3,69,,69,Express
Saint Helena,69,1.4,69,,69,Express
Saint Helena,69,1.5,69,,69,Express
Saint Helena,78,1.6,78,,78,Express
Saint Helena,78,1.7,78,,78,Express
Saint Helena,79,1.8,79,,79,Express
Saint Helena,79,1.9,79,,79,Express
Saint Helena,79,2,79,,79,Express
Saint Helena,89,2.1,89,,89,Express
Saint Helena,89,2.2,89,,89,Express
Saint Helena,89,2.3,89,,89,Express
Saint Helena,89,2.4,89,,89,Express
Saint Helena,89,2.5,89,,89,Express
Saint Helena,99,2.6,99,,99,Express
Saint Helena,100,2.7,100,,100,Express
Saint Helena,100,2.8,100,,100,Express
Saint Helena,100,2.9,100,,100,Express
Saint Helena,100,3,100,,100,Express
Saint Helena,110,3.1,110,,110,Express
Saint Helena,110,3.2,110,,110,Express
Saint Helena,110,3.3,110,,110,Express
Saint Helena,110,3.4,110,,110,Express
Saint Helena,111,3.5,111,,111,Express
Saint Helena,120,3.6,120,,120,Express
Saint Helena,120,3.7,120,,120,Express
Saint Helena,120,3.8,120,,120,Express
Saint Helena,120,3.9,120,,120,Express
Saint Helena,120,4,120,,120,Express
Saint Helena,130,4.1,130,,130,Express
Saint Helena,131,4.2,131,,131,Express
Saint Helena,131,4.3,131,,131,Express
Saint Helena,131,4.4,131,,131,Express
Saint Helena,131,4.5,131,,131,Express
Saint Helena,140,4.6,140,,140,Express
Saint Helena,140,4.7,140,,140,Express
Saint Helena,141,4.8,141,,141,Express
Saint Helena,141,4.9,141,,141,Express
Saint Helena,141,5,141,,141,Express
Saint Helena,293,5.1,293,,293,Express
Saint Helena,293,5.2,293,,293,Express
Saint Helena,293,5.3,293,,293,Express
Saint Helena,293,5.4,293,,293,Express
Saint Helena,294,5.5,294,,294,Express
Saint Helena,311,5.6,311,,311,Express
Saint Helena,311,5.7,311,,311,Express
Saint Helena,312,5.8,312,,312,Express
Saint Helena,312,5.9,312,,312,Express
Saint Helena,312,6,312,,312,Express
Saint Helena,330,6.1,330,,330,Express
Saint Helena,330,6.2,330,,330,Express
Saint Helena,330,6.3,330,,330,Express
Saint Helena,330,6.4,330,,330,Express
Saint Helena,331,6.5,331,,331,Express
Saint Helena,348,6.6,348,,348,Express
Saint Helena,348,6.7,348,,348,Express
Saint Helena,348,6.8,348,,348,Express
Saint Helena,348,6.9,348,,348,Express
Saint Helena,349,7,349,,349,Express
Saint Helena,366,7.1,366,,366,Express
Saint Helena,367,7.2,367,,367,Express
Saint Helena,367,7.3,367,,367,Express
Saint Helena,367,7.4,367,,367,Express
Saint Helena,367,7.5,367,,367,Express
Saint Helena,383,7.6,383,,383,Express
Saint Helena,383,7.7,383,,383,Express
Saint Helena,383,7.8,383,,383,Express
Saint Helena,383,7.9,383,,383,Express
Saint Helena,384,8,384,,384,Express
Saint Helena,399,8.1,399,,399,Express
Saint Helena,400,8.2,400,,400,Express
Saint Helena,400,8.3,400,,400,Express
Saint Helena,400,8.4,400,,400,Express
Saint Helena,400,8.5,400,,400,Express
Saint Helena,416,8.6,416,,416,Express
Saint Helena,416,8.7,416,,416,Express
Saint Helena,416,8.8,416,,416,Express
Saint Helena,417,8.9,417,,417,Express
Saint Helena,417,9,417,,417,Express
Saint Helena,433,9.1,433,,433,Express
Saint Helena,433,9.2,433,,433,Express
Saint Helena,433,9.3,433,,433,Express
Saint Helena,433,9.4,433,,433,Express
Saint Helena,433,9.5,433,,433,Express
Saint Helena,453,9.6,453,,453,Express
Saint Helena,453,9.7,453,,453,Express
Saint Helena,454,9.8,454,,454,Express
Saint Helena,454,9.9,454,,454,Express
Saint Helena,454,10,454,,454,Express
Saint Kitts And Nevis,47,0.1,47,,47,Express
Saint Kitts And Nevis,47,0.2,47,,47,Express
Saint Kitts And Nevis,47,0.3,47,,47,Express
Saint Kitts And Nevis,48,0.4,48,,48,Express
Saint Kitts And Nevis,48,0.5,48,,48,Express
Saint Kitts And Nevis,58,0.6,58,,58,Express
Saint Kitts And Nevis,58,0.7,58,,58,Express
Saint Kitts And Nevis,58,0.8,58,,58,Express
Saint Kitts And Nevis,58,0.9,58,,58,Express
Saint Kitts And Nevis,58,1,58,,58,Express
Saint Kitts And Nevis,69,1.1,69,,69,Express
Saint Kitts And Nevis,69,1.2,69,,69,Express
Saint Kitts And Nevis,69,1.3,69,,69,Express
Saint Kitts And Nevis,69,1.4,69,,69,Express
Saint Kitts And Nevis,69,1.5,69,,69,Express
Saint Kitts And Nevis,78,1.6,78,,78,Express
Saint Kitts And Nevis,78,1.7,78,,78,Express
Saint Kitts And Nevis,79,1.8,79,,79,Express
Saint Kitts And Nevis,79,1.9,79,,79,Express
Saint Kitts And Nevis,79,2,79,,79,Express
Saint Kitts And Nevis,89,2.1,89,,89,Express
Saint Kitts And Nevis,89,2.2,89,,89,Express
Saint Kitts And Nevis,89,2.3,89,,89,Express
Saint Kitts And Nevis,89,2.4,89,,89,Express
Saint Kitts And Nevis,89,2.5,89,,89,Express
Saint Kitts And Nevis,99,2.6,99,,99,Express
Saint Kitts And Nevis,100,2.7,100,,100,Express
Saint Kitts And Nevis,100,2.8,100,,100,Express
Saint Kitts And Nevis,100,2.9,100,,100,Express
Saint Kitts And Nevis,100,3,100,,100,Express
Saint Kitts And Nevis,110,3.1,110,,110,Express
Saint Kitts And Nevis,110,3.2,110,,110,Express
Saint Kitts And Nevis,110,3.3,110,,110,Express
Saint Kitts And Nevis,110,3.4,110,,110,Express
Saint Kitts And Nevis,111,3.5,111,,111,Express
Saint Kitts And Nevis,120,3.6,120,,120,Express
Saint Kitts And Nevis,120,3.7,120,,120,Express
Saint Kitts And Nevis,120,3.8,120,,120,Express
Saint Kitts And Nevis,120,3.9,120,,120,Express
Saint Kitts And Nevis,120,4,120,,120,Express
Saint Kitts And Nevis,130,4.1,130,,130,Express
Saint Kitts And Nevis,131,4.2,131,,131,Express
Saint Kitts And Nevis,131,4.3,131,,131,Express
Saint Kitts And Nevis,131,4.4,131,,131,Express
Saint Kitts And Nevis,131,4.5,131,,131,Express
Saint Kitts And Nevis,140,4.6,140,,140,Express
Saint Kitts And Nevis,140,4.7,140,,140,Express
Saint Kitts And Nevis,141,4.8,141,,141,Express
Saint Kitts And Nevis,141,4.9,141,,141,Express
Saint Kitts And Nevis,141,5,141,,141,Express
Saint Kitts And Nevis,293,5.1,293,,293,Express
Saint Kitts And Nevis,293,5.2,293,,293,Express
Saint Kitts And Nevis,293,5.3,293,,293,Express
Saint Kitts And Nevis,293,5.4,293,,293,Express
Saint Kitts And Nevis,294,5.5,294,,294,Express
Saint Kitts And Nevis,311,5.6,311,,311,Express
Saint Kitts And Nevis,311,5.7,311,,311,Express
Saint Kitts And Nevis,312,5.8,312,,312,Express
Saint Kitts And Nevis,312,5.9,312,,312,Express
Saint Kitts And Nevis,312,6,312,,312,Express
Saint Kitts And Nevis,330,6.1,330,,330,Express
Saint Kitts And Nevis,330,6.2,330,,330,Express
Saint Kitts And Nevis,330,6.3,330,,330,Express
Saint Kitts And Nevis,330,6.4,330,,330,Express
Saint Kitts And Nevis,331,6.5,331,,331,Express
Saint Kitts And Nevis,348,6.6,348,,348,Express
Saint Kitts And Nevis,348,6.7,348,,348,Express
Saint Kitts And Nevis,348,6.8,348,,348,Express
Saint Kitts And Nevis,348,6.9,348,,348,Express
Saint Kitts And Nevis,349,7,349,,349,Express
Saint Kitts And Nevis,366,7.1,366,,366,Express
Saint Kitts And Nevis,367,7.2,367,,367,Express
Saint Kitts And Nevis,367,7.3,367,,367,Express
Saint Kitts And Nevis,367,7.4,367,,367,Express
Saint Kitts And Nevis,367,7.5,367,,367,Express
Saint Kitts And Nevis,383,7.6,383,,383,Express
Saint Kitts And Nevis,383,7.7,383,,383,Express
Saint Kitts And Nevis,383,7.8,383,,383,Express
Saint Kitts And Nevis,383,7.9,383,,383,Express
Saint Kitts And Nevis,384,8,384,,384,Express
Saint Kitts And Nevis,399,8.1,399,,399,Express
Saint Kitts And Nevis,400,8.2,400,,400,Express
Saint Kitts And Nevis,400,8.3,400,,400,Express
Saint Kitts And Nevis,400,8.4,400,,400,Express
Saint Kitts And Nevis,400,8.5,400,,400,Express
Saint Kitts And Nevis,416,8.6,416,,416,Express
Saint Kitts And Nevis,416,8.7,416,,416,Express
Saint Kitts And Nevis,416,8.8,416,,416,Express
Saint Kitts And Nevis,417,8.9,417,,417,Express
Saint Kitts And Nevis,417,9,417,,417,Express
Saint Kitts And Nevis,433,9.1,433,,433,Express
Saint Kitts And Nevis,433,9.2,433,,433,Express
Saint Kitts And Nevis,433,9.3,433,,433,Express
Saint Kitts And Nevis,433,9.4,433,,433,Express
Saint Kitts And Nevis,433,9.5,433,,433,Express
Saint Kitts And Nevis,453,9.6,453,,453,Express
Saint Kitts And Nevis,453,9.7,453,,453,Express
Saint Kitts And Nevis,454,9.8,454,,454,Express
Saint Kitts And Nevis,454,9.9,454,,454,Express
Saint Kitts And Nevis,454,10,454,,454,Express
Saint Lucia,47,0.1,47,,47,Express
Saint Lucia,47,0.2,47,,47,Express
Saint Lucia,47,0.3,47,,47,Express
Saint Lucia,48,0.4,48,,48,Express
Saint Lucia,48,0.5,48,,48,Express
Saint Lucia,58,0.6,58,,58,Express
Saint Lucia,58,0.7,58,,58,Express
Saint Lucia,58,0.8,58,,58,Express
Saint Lucia,58,0.9,58,,58,Express
Saint Lucia,58,1,58,,58,Express
Saint Lucia,69,1.1,69,,69,Express
Saint Lucia,69,1.2,69,,69,Express
Saint Lucia,69,1.3,69,,69,Express
Saint Lucia,69,1.4,69,,69,Express
Saint Lucia,69,1.5,69,,69,Express
Saint Lucia,78,1.6,78,,78,Express
Saint Lucia,78,1.7,78,,78,Express
Saint Lucia,79,1.8,79,,79,Express
Saint Lucia,79,1.9,79,,79,Express
Saint Lucia,79,2,79,,79,Express
Saint Lucia,89,2.1,89,,89,Express
Saint Lucia,89,2.2,89,,89,Express
Saint Lucia,89,2.3,89,,89,Express
Saint Lucia,89,2.4,89,,89,Express
Saint Lucia,89,2.5,89,,89,Express
Saint Lucia,99,2.6,99,,99,Express
Saint Lucia,100,2.7,100,,100,Express
Saint Lucia,100,2.8,100,,100,Express
Saint Lucia,100,2.9,100,,100,Express
Saint Lucia,100,3,100,,100,Express
Saint Lucia,110,3.1,110,,110,Express
Saint Lucia,110,3.2,110,,110,Express
Saint Lucia,110,3.3,110,,110,Express
Saint Lucia,110,3.4,110,,110,Express
Saint Lucia,111,3.5,111,,111,Express
Saint Lucia,120,3.6,120,,120,Express
Saint Lucia,120,3.7,120,,120,Express
Saint Lucia,120,3.8,120,,120,Express
Saint Lucia,120,3.9,120,,120,Express
Saint Lucia,120,4,120,,120,Express
Saint Lucia,130,4.1,130,,130,Express
Saint Lucia,131,4.2,131,,131,Express
Saint Lucia,131,4.3,131,,131,Express
Saint Lucia,131,4.4,131,,131,Express
Saint Lucia,131,4.5,131,,131,Express
Saint Lucia,140,4.6,140,,140,Express
Saint Lucia,140,4.7,140,,140,Express
Saint Lucia,141,4.8,141,,141,Express
Saint Lucia,141,4.9,141,,141,Express
Saint Lucia,141,5,141,,141,Express
Saint Lucia,293,5.1,293,,293,Express
Saint Lucia,293,5.2,293,,293,Express
Saint Lucia,293,5.3,293,,293,Express
Saint Lucia,293,5.4,293,,293,Express
Saint Lucia,294,5.5,294,,294,Express
Saint Lucia,311,5.6,311,,311,Express
Saint Lucia,311,5.7,311,,311,Express
Saint Lucia,312,5.8,312,,312,Express
Saint Lucia,312,5.9,312,,312,Express
Saint Lucia,312,6,312,,312,Express
Saint Lucia,330,6.1,330,,330,Express
Saint Lucia,330,6.2,330,,330,Express
Saint Lucia,330,6.3,330,,330,Express
Saint Lucia,330,6.4,330,,330,Express
Saint Lucia,331,6.5,331,,331,Express
Saint Lucia,348,6.6,348,,348,Express
Saint Lucia,348,6.7,348,,348,Express
Saint Lucia,348,6.8,348,,348,Express
Saint Lucia,348,6.9,348,,348,Express
Saint Lucia,349,7,349,,349,Express
Saint Lucia,366,7.1,366,,366,Express
Saint Lucia,367,7.2,367,,367,Express
Saint Lucia,367,7.3,367,,367,Express
Saint Lucia,367,7.4,367,,367,Express
Saint Lucia,367,7.5,367,,367,Express
Saint Lucia,383,7.6,383,,383,Express
Saint Lucia,383,7.7,383,,383,Express
Saint Lucia,383,7.8,383,,383,Express
Saint Lucia,383,7.9,383,,383,Express
Saint Lucia,384,8,384,,384,Express
Saint Lucia,399,8.1,399,,399,Express
Saint Lucia,400,8.2,400,,400,Express
Saint Lucia,400,8.3,400,,400,Express
Saint Lucia,400,8.4,400,,400,Express
Saint Lucia,400,8.5,400,,400,Express
Saint Lucia,416,8.6,416,,416,Express
Saint Lucia,416,8.7,416,,416,Express
Saint Lucia,416,8.8,416,,416,Express
Saint Lucia,417,8.9,417,,417,Express
Saint Lucia,417,9,417,,417,Express
Saint Lucia,433,9.1,433,,433,Express
Saint Lucia,433,9.2,433,,433,Express
Saint Lucia,433,9.3,433,,433,Express
Saint Lucia,433,9.4,433,,433,Express
Saint Lucia,433,9.5,433,,433,Express
Saint Lucia,453,9.6,453,,453,Express
Saint Lucia,453,9.7,453,,453,Express
Saint Lucia,454,9.8,454,,454,Express
Saint Lucia,454,9.9,454,,454,Express
Saint Lucia,454,10,454,,454,Express
Saint Pierre and Miquelon,47,0.1,47,,47,Express
Saint Pierre and Miquelon,47,0.2,47,,47,Express
Saint Pierre and Miquelon,47,0.3,47,,47,Express
Saint Pierre and Miquelon,48,0.4,48,,48,Express
Saint Pierre and Miquelon,48,0.5,48,,48,Express
Saint Pierre and Miquelon,58,0.6,58,,58,Express
Saint Pierre and Miquelon,58,0.7,58,,58,Express
Saint Pierre and Miquelon,58,0.8,58,,58,Express
Saint Pierre and Miquelon,58,0.9,58,,58,Express
Saint Pierre and Miquelon,58,1,58,,58,Express
Saint Pierre and Miquelon,69,1.1,69,,69,Express
Saint Pierre and Miquelon,69,1.2,69,,69,Express
Saint Pierre and Miquelon,69,1.3,69,,69,Express
Saint Pierre and Miquelon,69,1.4,69,,69,Express
Saint Pierre and Miquelon,69,1.5,69,,69,Express
Saint Pierre and Miquelon,78,1.6,78,,78,Express
Saint Pierre and Miquelon,78,1.7,78,,78,Express
Saint Pierre and Miquelon,79,1.8,79,,79,Express
Saint Pierre and Miquelon,79,1.9,79,,79,Express
Saint Pierre and Miquelon,79,2,79,,79,Express
Saint Pierre and Miquelon,89,2.1,89,,89,Express
Saint Pierre and Miquelon,89,2.2,89,,89,Express
Saint Pierre and Miquelon,89,2.3,89,,89,Express
Saint Pierre and Miquelon,89,2.4,89,,89,Express
Saint Pierre and Miquelon,89,2.5,89,,89,Express
Saint Pierre and Miquelon,99,2.6,99,,99,Express
Saint Pierre and Miquelon,100,2.7,100,,100,Express
Saint Pierre and Miquelon,100,2.8,100,,100,Express
Saint Pierre and Miquelon,100,2.9,100,,100,Express
Saint Pierre and Miquelon,100,3,100,,100,Express
Saint Pierre and Miquelon,110,3.1,110,,110,Express
Saint Pierre and Miquelon,110,3.2,110,,110,Express
Saint Pierre and Miquelon,110,3.3,110,,110,Express
Saint Pierre and Miquelon,110,3.4,110,,110,Express
Saint Pierre and Miquelon,111,3.5,111,,111,Express
Saint Pierre and Miquelon,120,3.6,120,,120,Express
Saint Pierre and Miquelon,120,3.7,120,,120,Express
Saint Pierre and Miquelon,120,3.8,120,,120,Express
Saint Pierre and Miquelon,120,3.9,120,,120,Express
Saint Pierre and Miquelon,120,4,120,,120,Express
Saint Pierre and Miquelon,130,4.1,130,,130,Express
Saint Pierre and Miquelon,131,4.2,131,,131,Express
Saint Pierre and Miquelon,131,4.3,131,,131,Express
Saint Pierre and Miquelon,131,4.4,131,,131,Express
Saint Pierre and Miquelon,131,4.5,131,,131,Express
Saint Pierre and Miquelon,140,4.6,140,,140,Express
Saint Pierre and Miquelon,140,4.7,140,,140,Express
Saint Pierre and Miquelon,141,4.8,141,,141,Express
Saint Pierre and Miquelon,141,4.9,141,,141,Express
Saint Pierre and Miquelon,141,5,141,,141,Express
Saint Pierre and Miquelon,293,5.1,293,,293,Express
Saint Pierre and Miquelon,293,5.2,293,,293,Express
Saint Pierre and Miquelon,293,5.3,293,,293,Express
Saint Pierre and Miquelon,293,5.4,293,,293,Express
Saint Pierre and Miquelon,294,5.5,294,,294,Express
Saint Pierre and Miquelon,311,5.6,311,,311,Express
Saint Pierre and Miquelon,311,5.7,311,,311,Express
Saint Pierre and Miquelon,312,5.8,312,,312,Express
Saint Pierre and Miquelon,312,5.9,312,,312,Express
Saint Pierre and Miquelon,312,6,312,,312,Express
Saint Pierre and Miquelon,330,6.1,330,,330,Express
Saint Pierre and Miquelon,330,6.2,330,,330,Express
Saint Pierre and Miquelon,330,6.3,330,,330,Express
Saint Pierre and Miquelon,330,6.4,330,,330,Express
Saint Pierre and Miquelon,331,6.5,331,,331,Express
Saint Pierre and Miquelon,348,6.6,348,,348,Express
Saint Pierre and Miquelon,348,6.7,348,,348,Express
Saint Pierre and Miquelon,348,6.8,348,,348,Express
Saint Pierre and Miquelon,348,6.9,348,,348,Express
Saint Pierre and Miquelon,349,7,349,,349,Express
Saint Pierre and Miquelon,366,7.1,366,,366,Express
Saint Pierre and Miquelon,367,7.2,367,,367,Express
Saint Pierre and Miquelon,367,7.3,367,,367,Express
Saint Pierre and Miquelon,367,7.4,367,,367,Express
Saint Pierre and Miquelon,367,7.5,367,,367,Express
Saint Pierre and Miquelon,383,7.6,383,,383,Express
Saint Pierre and Miquelon,383,7.7,383,,383,Express
Saint Pierre and Miquelon,383,7.8,383,,383,Express
Saint Pierre and Miquelon,383,7.9,383,,383,Express
Saint Pierre and Miquelon,384,8,384,,384,Express
Saint Pierre and Miquelon,399,8.1,399,,399,Express
Saint Pierre and Miquelon,400,8.2,400,,400,Express
Saint Pierre and Miquelon,400,8.3,400,,400,Express
Saint Pierre and Miquelon,400,8.4,400,,400,Express
Saint Pierre and Miquelon,400,8.5,400,,400,Express
Saint Pierre and Miquelon,416,8.6,416,,416,Express
Saint Pierre and Miquelon,416,8.7,416,,416,Express
Saint Pierre and Miquelon,416,8.8,416,,416,Express
Saint Pierre and Miquelon,417,8.9,417,,417,Express
Saint Pierre and Miquelon,417,9,417,,417,Express
Saint Pierre and Miquelon,433,9.1,433,,433,Express
Saint Pierre and Miquelon,433,9.2,433,,433,Express
Saint Pierre and Miquelon,433,9.3,433,,433,Express
Saint Pierre and Miquelon,433,9.4,433,,433,Express
Saint Pierre and Miquelon,433,9.5,433,,433,Express
Saint Pierre and Miquelon,453,9.6,453,,453,Express
Saint Pierre and Miquelon,453,9.7,453,,453,Express
Saint Pierre and Miquelon,454,9.8,454,,454,Express
Saint Pierre and Miquelon,454,9.9,454,,454,Express
Saint Pierre and Miquelon,454,10,454,,454,Express
Saint Vincent And The Grenadines,47,0.1,47,,47,Express
Saint Vincent And The Grenadines,47,0.2,47,,47,Express
Saint Vincent And The Grenadines,47,0.3,47,,47,Express
Saint Vincent And The Grenadines,48,0.4,48,,48,Express
Saint Vincent And The Grenadines,48,0.5,48,,48,Express
Saint Vincent And The Grenadines,58,0.6,58,,58,Express
Saint Vincent And The Grenadines,58,0.7,58,,58,Express
Saint Vincent And The Grenadines,58,0.8,58,,58,Express
Saint Vincent And The Grenadines,58,0.9,58,,58,Express
Saint Vincent And The Grenadines,58,1,58,,58,Express
Saint Vincent And The Grenadines,69,1.1,69,,69,Express
Saint Vincent And The Grenadines,69,1.2,69,,69,Express
Saint Vincent And The Grenadines,69,1.3,69,,69,Express
Saint Vincent And The Grenadines,69,1.4,69,,69,Express
Saint Vincent And The Grenadines,69,1.5,69,,69,Express
Saint Vincent And The Grenadines,78,1.6,78,,78,Express
Saint Vincent And The Grenadines,78,1.7,78,,78,Express
Saint Vincent And The Grenadines,79,1.8,79,,79,Express
Saint Vincent And The Grenadines,79,1.9,79,,79,Express
Saint Vincent And The Grenadines,79,2,79,,79,Express
Saint Vincent And The Grenadines,89,2.1,89,,89,Express
Saint Vincent And The Grenadines,89,2.2,89,,89,Express
Saint Vincent And The Grenadines,89,2.3,89,,89,Express
Saint Vincent And The Grenadines,89,2.4,89,,89,Express
Saint Vincent And The Grenadines,89,2.5,89,,89,Express
Saint Vincent And The Grenadines,99,2.6,99,,99,Express
Saint Vincent And The Grenadines,100,2.7,100,,100,Express
Saint Vincent And The Grenadines,100,2.8,100,,100,Express
Saint Vincent And The Grenadines,100,2.9,100,,100,Express
Saint Vincent And The Grenadines,100,3,100,,100,Express
Saint Vincent And The Grenadines,110,3.1,110,,110,Express
Saint Vincent And The Grenadines,110,3.2,110,,110,Express
Saint Vincent And The Grenadines,110,3.3,110,,110,Express
Saint Vincent And The Grenadines,110,3.4,110,,110,Express
Saint Vincent And The Grenadines,111,3.5,111,,111,Express
Saint Vincent And The Grenadines,120,3.6,120,,120,Express
Saint Vincent And The Grenadines,120,3.7,120,,120,Express
Saint Vincent And The Grenadines,120,3.8,120,,120,Express
Saint Vincent And The Grenadines,120,3.9,120,,120,Express
Saint Vincent And The Grenadines,120,4,120,,120,Express
Saint Vincent And The Grenadines,130,4.1,130,,130,Express
Saint Vincent And The Grenadines,131,4.2,131,,131,Express
Saint Vincent And The Grenadines,131,4.3,131,,131,Express
Saint Vincent And The Grenadines,131,4.4,131,,131,Express
Saint Vincent And The Grenadines,131,4.5,131,,131,Express
Saint Vincent And The Grenadines,140,4.6,140,,140,Express
Saint Vincent And The Grenadines,140,4.7,140,,140,Express
Saint Vincent And The Grenadines,141,4.8,141,,141,Express
Saint Vincent And The Grenadines,141,4.9,141,,141,Express
Saint Vincent And The Grenadines,141,5,141,,141,Express
Saint Vincent And The Grenadines,293,5.1,293,,293,Express
Saint Vincent And The Grenadines,293,5.2,293,,293,Express
Saint Vincent And The Grenadines,293,5.3,293,,293,Express
Saint Vincent And The Grenadines,293,5.4,293,,293,Express
Saint Vincent And The Grenadines,294,5.5,294,,294,Express
Saint Vincent And The Grenadines,311,5.6,311,,311,Express
Saint Vincent And The Grenadines,311,5.7,311,,311,Express
Saint Vincent And The Grenadines,312,5.8,312,,312,Express
Saint Vincent And The Grenadines,312,5.9,312,,312,Express
Saint Vincent And The Grenadines,312,6,312,,312,Express
Saint Vincent And The Grenadines,330,6.1,330,,330,Express
Saint Vincent And The Grenadines,330,6.2,330,,330,Express
Saint Vincent And The Grenadines,330,6.3,330,,330,Express
Saint Vincent And The Grenadines,330,6.4,330,,330,Express
Saint Vincent And The Grenadines,331,6.5,331,,331,Express
Saint Vincent And The Grenadines,348,6.6,348,,348,Express
Saint Vincent And The Grenadines,348,6.7,348,,348,Express
Saint Vincent And The Grenadines,348,6.8,348,,348,Express
Saint Vincent And The Grenadines,348,6.9,348,,348,Express
Saint Vincent And The Grenadines,349,7,349,,349,Express
Saint Vincent And The Grenadines,366,7.1,366,,366,Express
Saint Vincent And The Grenadines,367,7.2,367,,367,Express
Saint Vincent And The Grenadines,367,7.3,367,,367,Express
Saint Vincent And The Grenadines,367,7.4,367,,367,Express
Saint Vincent And The Grenadines,367,7.5,367,,367,Express
Saint Vincent And The Grenadines,383,7.6,383,,383,Express
Saint Vincent And The Grenadines,383,7.7,383,,383,Express
Saint Vincent And The Grenadines,383,7.8,383,,383,Express
Saint Vincent And The Grenadines,383,7.9,383,,383,Express
Saint Vincent And The Grenadines,384,8,384,,384,Express
Saint Vincent And The Grenadines,399,8.1,399,,399,Express
Saint Vincent And The Grenadines,400,8.2,400,,400,Express
Saint Vincent And The Grenadines,400,8.3,400,,400,Express
Saint Vincent And The Grenadines,400,8.4,400,,400,Express
Saint Vincent And The Grenadines,400,8.5,400,,400,Express
Saint Vincent And The Grenadines,416,8.6,416,,416,Express
Saint Vincent And The Grenadines,416,8.7,416,,416,Express
Saint Vincent And The Grenadines,416,8.8,416,,416,Express
Saint Vincent And The Grenadines,417,8.9,417,,417,Express
Saint Vincent And The Grenadines,417,9,417,,417,Express
Saint Vincent And The Grenadines,433,9.1,433,,433,Express
Saint Vincent And The Grenadines,433,9.2,433,,433,Express
Saint Vincent And The Grenadines,433,9.3,433,,433,Express
Saint Vincent And The Grenadines,433,9.4,433,,433,Express
Saint Vincent And The Grenadines,433,9.5,433,,433,Express
Saint Vincent And The Grenadines,453,9.6,453,,453,Express
Saint Vincent And The Grenadines,453,9.7,453,,453,Express
Saint Vincent And The Grenadines,454,9.8,454,,454,Express
Saint Vincent And The Grenadines,454,9.9,454,,454,Express
Saint Vincent And The Grenadines,454,10,454,,454,Express
San Marino,31,0.1,31,,31,Express
San Marino,31,0.2,31,,31,Express
San Marino,31,0.3,31,,31,Express
San Marino,31,0.4,31,,31,Express
San Marino,31,0.5,31,,31,Express
San Marino,36,0.6,36,,36,Express
San Marino,36,0.7,36,,36,Express
San Marino,36,0.8,36,,36,Express
San Marino,36,0.9,36,,36,Express
San Marino,36,1,36,,36,Express
San Marino,41,1.1,41,,41,Express
San Marino,41,1.2,41,,41,Express
San Marino,41,1.3,41,,41,Express
San Marino,41,1.4,41,,41,Express
San Marino,41,1.5,41,,41,Express
San Marino,48,1.6,48,,48,Express
San Marino,48,1.7,48,,48,Express
San Marino,48,1.8,48,,48,Express
San Marino,48,1.9,48,,48,Express
San Marino,48,2,48,,48,Express
San Marino,54,2.1,54,,54,Express
San Marino,54,2.2,54,,54,Express
San Marino,54,2.3,54,,54,Express
San Marino,54,2.4,54,,54,Express
San Marino,54,2.5,54,,54,Express
San Marino,59,2.6,59,,59,Express
San Marino,59,2.7,59,,59,Express
San Marino,59,2.8,59,,59,Express
San Marino,59,2.9,59,,59,Express
San Marino,59,3,59,,59,Express
San Marino,65,3.1,65,,65,Express
San Marino,65,3.2,65,,65,Express
San Marino,65,3.3,65,,65,Express
San Marino,65,3.4,65,,65,Express
San Marino,65,3.5,65,,65,Express
San Marino,70,3.6,70,,70,Express
San Marino,70,3.7,70,,70,Express
San Marino,70,3.8,70,,70,Express
San Marino,70,3.9,70,,70,Express
San Marino,70,4,70,,70,Express
San Marino,75,4.1,75,,75,Express
San Marino,75,4.2,75,,75,Express
San Marino,75,4.3,75,,75,Express
San Marino,75,4.4,75,,75,Express
San Marino,75,4.5,75,,75,Express
San Marino,80,4.6,80,,80,Express
San Marino,80,4.7,80,,80,Express
San Marino,80,4.8,80,,80,Express
San Marino,80,4.9,80,,80,Express
San Marino,80,5,80,,80,Express
San Marino,125,5.1,125,,125,Express
San Marino,125,5.2,125,,125,Express
San Marino,125,5.3,125,,125,Express
San Marino,125,5.4,125,,125,Express
San Marino,125,5.5,125,,125,Express
San Marino,132,5.6,132,,132,Express
San Marino,132,5.7,132,,132,Express
San Marino,132,5.8,132,,132,Express
San Marino,132,5.9,132,,132,Express
San Marino,132,6,132,,132,Express
San Marino,140,6.1,140,,140,Express
San Marino,140,6.2,140,,140,Express
San Marino,140,6.3,140,,140,Express
San Marino,140,6.4,140,,140,Express
San Marino,140,6.5,140,,140,Express
San Marino,148,6.6,148,,148,Express
San Marino,148,6.7,148,,148,Express
San Marino,148,6.8,148,,148,Express
San Marino,148,6.9,148,,148,Express
San Marino,148,7,148,,148,Express
San Marino,156,7.1,156,,156,Express
San Marino,156,7.2,156,,156,Express
San Marino,156,7.3,156,,156,Express
San Marino,156,7.4,156,,156,Express
San Marino,156,7.5,156,,156,Express
San Marino,164,7.6,164,,164,Express
San Marino,164,7.7,164,,164,Express
San Marino,164,7.8,164,,164,Express
San Marino,164,7.9,164,,164,Express
San Marino,164,8,164,,164,Express
San Marino,172,8.1,172,,172,Express
San Marino,172,8.2,172,,172,Express
San Marino,172,8.3,172,,172,Express
San Marino,172,8.4,172,,172,Express
San Marino,172,8.5,172,,172,Express
San Marino,180,8.6,180,,180,Express
San Marino,180,8.7,180,,180,Express
San Marino,180,8.8,180,,180,Express
San Marino,180,8.9,180,,180,Express
San Marino,180,9,180,,180,Express
San Marino,189,9.1,189,,189,Express
San Marino,189,9.2,189,,189,Express
San Marino,189,9.3,189,,189,Express
San Marino,189,9.4,189,,189,Express
San Marino,189,9.5,189,,189,Express
San Marino,197,9.6,197,,197,Express
San Marino,197,9.7,197,,197,Express
San Marino,197,9.8,197,,197,Express
San Marino,197,9.9,197,,197,Express
San Marino,197,10,197,,197,Express
Sao Tome and Principe,47,0.1,47,,47,Express
Sao Tome and Principe,47,0.2,47,,47,Express
Sao Tome and Principe,47,0.3,47,,47,Express
Sao Tome and Principe,48,0.4,48,,48,Express
Sao Tome and Principe,48,0.5,48,,48,Express
Sao Tome and Principe,58,0.6,58,,58,Express
Sao Tome and Principe,58,0.7,58,,58,Express
Sao Tome and Principe,58,0.8,58,,58,Express
Sao Tome and Principe,58,0.9,58,,58,Express
Sao Tome and Principe,58,1,58,,58,Express
Sao Tome and Principe,69,1.1,69,,69,Express
Sao Tome and Principe,69,1.2,69,,69,Express
Sao Tome and Principe,69,1.3,69,,69,Express
Sao Tome and Principe,69,1.4,69,,69,Express
Sao Tome and Principe,69,1.5,69,,69,Express
Sao Tome and Principe,78,1.6,78,,78,Express
Sao Tome and Principe,78,1.7,78,,78,Express
Sao Tome and Principe,79,1.8,79,,79,Express
Sao Tome and Principe,79,1.9,79,,79,Express
Sao Tome and Principe,79,2,79,,79,Express
Sao Tome and Principe,89,2.1,89,,89,Express
Sao Tome and Principe,89,2.2,89,,89,Express
Sao Tome and Principe,89,2.3,89,,89,Express
Sao Tome and Principe,89,2.4,89,,89,Express
Sao Tome and Principe,89,2.5,89,,89,Express
Sao Tome and Principe,99,2.6,99,,99,Express
Sao Tome and Principe,100,2.7,100,,100,Express
Sao Tome and Principe,100,2.8,100,,100,Express
Sao Tome and Principe,100,2.9,100,,100,Express
Sao Tome and Principe,100,3,100,,100,Express
Sao Tome and Principe,110,3.1,110,,110,Express
Sao Tome and Principe,110,3.2,110,,110,Express
Sao Tome and Principe,110,3.3,110,,110,Express
Sao Tome and Principe,110,3.4,110,,110,Express
Sao Tome and Principe,111,3.5,111,,111,Express
Sao Tome and Principe,120,3.6,120,,120,Express
Sao Tome and Principe,120,3.7,120,,120,Express
Sao Tome and Principe,120,3.8,120,,120,Express
Sao Tome and Principe,120,3.9,120,,120,Express
Sao Tome and Principe,120,4,120,,120,Express
Sao Tome and Principe,130,4.1,130,,130,Express
Sao Tome and Principe,131,4.2,131,,131,Express
Sao Tome and Principe,131,4.3,131,,131,Express
Sao Tome and Principe,131,4.4,131,,131,Express
Sao Tome and Principe,131,4.5,131,,131,Express
Sao Tome and Principe,140,4.6,140,,140,Express
Sao Tome and Principe,140,4.7,140,,140,Express
Sao Tome and Principe,141,4.8,141,,141,Express
Sao Tome and Principe,141,4.9,141,,141,Express
Sao Tome and Principe,141,5,141,,141,Express
Sao Tome and Principe,293,5.1,293,,293,Express
Sao Tome and Principe,293,5.2,293,,293,Express
Sao Tome and Principe,293,5.3,293,,293,Express
Sao Tome and Principe,293,5.4,293,,293,Express
Sao Tome and Principe,294,5.5,294,,294,Express
Sao Tome and Principe,311,5.6,311,,311,Express
Sao Tome and Principe,311,5.7,311,,311,Express
Sao Tome and Principe,312,5.8,312,,312,Express
Sao Tome and Principe,312,5.9,312,,312,Express
Sao Tome and Principe,312,6,312,,312,Express
Sao Tome and Principe,330,6.1,330,,330,Express
Sao Tome and Principe,330,6.2,330,,330,Express
Sao Tome and Principe,330,6.3,330,,330,Express
Sao Tome and Principe,330,6.4,330,,330,Express
Sao Tome and Principe,331,6.5,331,,331,Express
Sao Tome and Principe,348,6.6,348,,348,Express
Sao Tome and Principe,348,6.7,348,,348,Express
Sao Tome and Principe,348,6.8,348,,348,Express
Sao Tome and Principe,348,6.9,348,,348,Express
Sao Tome and Principe,349,7,349,,349,Express
Sao Tome and Principe,366,7.1,366,,366,Express
Sao Tome and Principe,367,7.2,367,,367,Express
Sao Tome and Principe,367,7.3,367,,367,Express
Sao Tome and Principe,367,7.4,367,,367,Express
Sao Tome and Principe,367,7.5,367,,367,Express
Sao Tome and Principe,383,7.6,383,,383,Express
Sao Tome and Principe,383,7.7,383,,383,Express
Sao Tome and Principe,383,7.8,383,,383,Express
Sao Tome and Principe,383,7.9,383,,383,Express
Sao Tome and Principe,384,8,384,,384,Express
Sao Tome and Principe,399,8.1,399,,399,Express
Sao Tome and Principe,400,8.2,400,,400,Express
Sao Tome and Principe,400,8.3,400,,400,Express
Sao Tome and Principe,400,8.4,400,,400,Express
Sao Tome and Principe,400,8.5,400,,400,Express
Sao Tome and Principe,416,8.6,416,,416,Express
Sao Tome and Principe,416,8.7,416,,416,Express
Sao Tome and Principe,416,8.8,416,,416,Express
Sao Tome and Principe,417,8.9,417,,417,Express
Sao Tome and Principe,417,9,417,,417,Express
Sao Tome and Principe,433,9.1,433,,433,Express
Sao Tome and Principe,433,9.2,433,,433,Express
Sao Tome and Principe,433,9.3,433,,433,Express
Sao Tome and Principe,433,9.4,433,,433,Express
Sao Tome and Principe,433,9.5,433,,433,Express
Sao Tome and Principe,453,9.6,453,,453,Express
Sao Tome and Principe,453,9.7,453,,453,Express
Sao Tome and Principe,454,9.8,454,,454,Express
Sao Tome and Principe,454,9.9,454,,454,Express
Sao Tome and Principe,454,10,454,,454,Express
Saudi Arabia,3,0.1,3,21,32,Standard
Saudi Arabia,6,0.2,6,21,32,Standard
Saudi Arabia,8,0.3,8,21,33,Standard
Saudi Arabia,11,0.4,11,21,33,Standard
Saudi Arabia,13,0.5,13,21,33,Standard
Saudi Arabia,16,0.6,16,23,45,Standard
Saudi Arabia,18,0.7,18,23,45,Standard
Saudi Arabia,21,0.8,21,24,46,Standard
Saudi Arabia,23,0.9,23,24,46,Standard
Saudi Arabia,24,1,24,24,46,Standard
Saudi Arabia,25,1.1,25,25,54,Standard
Saudi Arabia,25,1.2,25,25,54,Standard
Saudi Arabia,26,1.3,26,26,54,Standard
Saudi Arabia,26,1.4,26,26,54,Standard
Saudi Arabia,26,1.5,26,26,54,Standard
Saudi Arabia,28,1.6,28,28,62,Standard
Saudi Arabia,28,1.7,28,28,62,Standard
Saudi Arabia,30,1.8,30,30,62,Standard
Saudi Arabia,30,1.9,30,30,62,Standard
Saudi Arabia,30,2,30,30,62,Standard
Saudi Arabia,33,2.1,33,33,70,Standard
Saudi Arabia,33,2.2,33,33,70,Standard
Saudi Arabia,33,2.3,33,33,70,Standard
Saudi Arabia,33,2.4,33,33,70,Standard
Saudi Arabia,33,2.5,33,33,70,Standard
Saudi Arabia,36,2.6,36,36,74,Standard
Saudi Arabia,36,2.7,36,36,74,Standard
Saudi Arabia,36,2.8,36,36,75,Standard
Saudi Arabia,36,2.9,36,36,75,Standard
Saudi Arabia,36,3,36,36,75,Standard
Saudi Arabia,38,3.1,38,38,82,Standard
Saudi Arabia,38,3.2,38,38,82,Standard
Saudi Arabia,38,3.3,38,38,82,Standard
Saudi Arabia,38,3.4,38,38,83,Standard
Saudi Arabia,38,3.5,38,38,83,Standard
Saudi Arabia,41,3.6,41,41,90,Standard
Saudi Arabia,41,3.7,41,41,91,Standard
Saudi Arabia,41,3.8,41,41,91,Standard
Saudi Arabia,41,3.9,41,41,91,Standard
Saudi Arabia,41,4,41,41,91,Standard
Saudi Arabia,44,4.1,44,44,98,Standard
Saudi Arabia,44,4.2,44,44,98,Standard
Saudi Arabia,44,4.3,44,44,98,Standard
Saudi Arabia,44,4.4,44,44,98,Standard
Saudi Arabia,44,4.5,44,44,99,Standard
Saudi Arabia,47,4.6,47,47,108,Standard
Saudi Arabia,47,4.7,47,47,108,Standard
Saudi Arabia,47,4.8,47,47,108,Standard
Saudi Arabia,47,4.9,47,47,108,Standard
Saudi Arabia,47,5,47,47,109,Standard
Saudi Arabia,50,5.1,50,50,223,Standard
Saudi Arabia,50,5.2,50,50,223,Standard
Saudi Arabia,50,5.3,50,50,223,Standard
Saudi Arabia,50,5.4,50,50,224,Standard
Saudi Arabia,50,5.5,50,50,224,Standard
Saudi Arabia,53,5.6,53,53,239,Standard
Saudi Arabia,53,5.7,53,53,239,Standard
Saudi Arabia,53,5.8,53,53,239,Standard
Saudi Arabia,53,5.9,53,53,239,Standard
Saudi Arabia,53,6,53,53,239,Standard
Saudi Arabia,56,6.1,56,56,255,Standard
Saudi Arabia,56,6.2,56,56,255,Standard
Saudi Arabia,56,6.3,56,56,255,Standard
Saudi Arabia,56,6.4,56,56,255,Standard
Saudi Arabia,56,6.5,56,56,255,Standard
Saudi Arabia,60,6.6,60,60,270,Standard
Saudi Arabia,60,6.7,60,60,271,Standard
Saudi Arabia,60,6.8,60,60,271,Standard
Saudi Arabia,60,6.9,60,60,271,Standard
Saudi Arabia,60,7,60,60,271,Standard
Saudi Arabia,64,7.1,64,64,286,Standard
Saudi Arabia,64,7.2,64,64,286,Standard
Saudi Arabia,64,7.3,64,64,287,Standard
Saudi Arabia,64,7.4,64,64,287,Standard
Saudi Arabia,64,7.5,64,64,287,Standard
Saudi Arabia,67,7.6,67,67,301,Standard
Saudi Arabia,67,7.7,67,67,301,Standard
Saudi Arabia,67,7.8,67,67,301,Standard
Saudi Arabia,67,7.9,67,67,302,Standard
Saudi Arabia,67,8,67,67,302,Standard
Saudi Arabia,71,8.1,71,71,316,Standard
Saudi Arabia,71,8.2,71,71,316,Standard
Saudi Arabia,71,8.3,71,71,316,Standard
Saudi Arabia,71,8.4,71,71,317,Standard
Saudi Arabia,71,8.5,71,71,317,Standard
Saudi Arabia,75,8.6,75,75,331,Standard
Saudi Arabia,75,8.7,75,75,331,Standard
Saudi Arabia,75,8.8,75,75,331,Standard
Saudi Arabia,75,8.9,75,75,332,Standard
Saudi Arabia,75,9,75,75,332,Standard
Saudi Arabia,78,9.1,78,78,346,Standard
Saudi Arabia,78,9.2,78,78,346,Standard
Saudi Arabia,78,9.3,78,78,346,Standard
Saudi Arabia,78,9.4,78,78,346,Standard
Saudi Arabia,78,9.5,78,78,347,Standard
Saudi Arabia,83,9.6,83,83,355,Standard
Saudi Arabia,83,9.7,83,83,356,Standard
Saudi Arabia,83,9.8,83,83,356,Standard
Saudi Arabia,83,9.9,83,83,356,Standard
Saudi Arabia,83,10,83,83,356,Standard
Senegal,47,0.1,47,,47,Express
Senegal,47,0.2,47,,47,Express
Senegal,47,0.3,47,,47,Express
Senegal,48,0.4,48,,48,Express
Senegal,48,0.5,48,,48,Express
Senegal,58,0.6,58,,58,Express
Senegal,58,0.7,58,,58,Express
Senegal,58,0.8,58,,58,Express
Senegal,58,0.9,58,,58,Express
Senegal,58,1,58,,58,Express
Senegal,69,1.1,69,,69,Express
Senegal,69,1.2,69,,69,Express
Senegal,69,1.3,69,,69,Express
Senegal,69,1.4,69,,69,Express
Senegal,69,1.5,69,,69,Express
Senegal,78,1.6,78,,78,Express
Senegal,78,1.7,78,,78,Express
Senegal,79,1.8,79,,79,Express
Senegal,79,1.9,79,,79,Express
Senegal,79,2,79,,79,Express
Senegal,89,2.1,89,,89,Express
Senegal,89,2.2,89,,89,Express
Senegal,89,2.3,89,,89,Express
Senegal,89,2.4,89,,89,Express
Senegal,89,2.5,89,,89,Express
Senegal,99,2.6,99,,99,Express
Senegal,100,2.7,100,,100,Express
Senegal,100,2.8,100,,100,Express
Senegal,100,2.9,100,,100,Express
Senegal,100,3,100,,100,Express
Senegal,110,3.1,110,,110,Express
Senegal,110,3.2,110,,110,Express
Senegal,110,3.3,110,,110,Express
Senegal,110,3.4,110,,110,Express
Senegal,111,3.5,111,,111,Express
Senegal,120,3.6,120,,120,Express
Senegal,120,3.7,120,,120,Express
Senegal,120,3.8,120,,120,Express
Senegal,120,3.9,120,,120,Express
Senegal,120,4,120,,120,Express
Senegal,130,4.1,130,,130,Express
Senegal,131,4.2,131,,131,Express
Senegal,131,4.3,131,,131,Express
Senegal,131,4.4,131,,131,Express
Senegal,131,4.5,131,,131,Express
Senegal,140,4.6,140,,140,Express
Senegal,140,4.7,140,,140,Express
Senegal,141,4.8,141,,141,Express
Senegal,141,4.9,141,,141,Express
Senegal,141,5,141,,141,Express
Senegal,293,5.1,293,,293,Express
Senegal,293,5.2,293,,293,Express
Senegal,293,5.3,293,,293,Express
Senegal,293,5.4,293,,293,Express
Senegal,294,5.5,294,,294,Express
Senegal,311,5.6,311,,311,Express
Senegal,311,5.7,311,,311,Express
Senegal,312,5.8,312,,312,Express
Senegal,312,5.9,312,,312,Express
Senegal,312,6,312,,312,Express
Senegal,330,6.1,330,,330,Express
Senegal,330,6.2,330,,330,Express
Senegal,330,6.3,330,,330,Express
Senegal,330,6.4,330,,330,Express
Senegal,331,6.5,331,,331,Express
Senegal,348,6.6,348,,348,Express
Senegal,348,6.7,348,,348,Express
Senegal,348,6.8,348,,348,Express
Senegal,348,6.9,348,,348,Express
Senegal,349,7,349,,349,Express
Senegal,366,7.1,366,,366,Express
Senegal,367,7.2,367,,367,Express
Senegal,367,7.3,367,,367,Express
Senegal,367,7.4,367,,367,Express
Senegal,367,7.5,367,,367,Express
Senegal,383,7.6,383,,383,Express
Senegal,383,7.7,383,,383,Express
Senegal,383,7.8,383,,383,Express
Senegal,383,7.9,383,,383,Express
Senegal,384,8,384,,384,Express
Senegal,399,8.1,399,,399,Express
Senegal,400,8.2,400,,400,Express
Senegal,400,8.3,400,,400,Express
Senegal,400,8.4,400,,400,Express
Senegal,400,8.5,400,,400,Express
Senegal,416,8.6,416,,416,Express
Senegal,416,8.7,416,,416,Express
Senegal,416,8.8,416,,416,Express
Senegal,417,8.9,417,,417,Express
Senegal,417,9,417,,417,Express
Senegal,433,9.1,433,,433,Express
Senegal,433,9.2,433,,433,Express
Senegal,433,9.3,433,,433,Express
Senegal,433,9.4,433,,433,Express
Senegal,433,9.5,433,,433,Express
Senegal,453,9.6,453,,453,Express
Senegal,453,9.7,453,,453,Express
Senegal,454,9.8,454,,454,Express
Senegal,454,9.9,454,,454,Express
Senegal,454,10,454,,454,Express
Serbia,47,0.1,47,,47,Express
Serbia,47,0.2,47,,47,Express
Serbia,47,0.3,47,,47,Express
Serbia,48,0.4,48,,48,Express
Serbia,48,0.5,48,,48,Express
Serbia,58,0.6,58,,58,Express
Serbia,58,0.7,58,,58,Express
Serbia,58,0.8,58,,58,Express
Serbia,58,0.9,58,,58,Express
Serbia,58,1,58,,58,Express
Serbia,69,1.1,69,,69,Express
Serbia,69,1.2,69,,69,Express
Serbia,69,1.3,69,,69,Express
Serbia,69,1.4,69,,69,Express
Serbia,69,1.5,69,,69,Express
Serbia,78,1.6,78,,78,Express
Serbia,78,1.7,78,,78,Express
Serbia,79,1.8,79,,79,Express
Serbia,79,1.9,79,,79,Express
Serbia,79,2,79,,79,Express
Serbia,89,2.1,89,,89,Express
Serbia,89,2.2,89,,89,Express
Serbia,89,2.3,89,,89,Express
Serbia,89,2.4,89,,89,Express
Serbia,89,2.5,89,,89,Express
Serbia,99,2.6,99,,99,Express
Serbia,100,2.7,100,,100,Express
Serbia,100,2.8,100,,100,Express
Serbia,100,2.9,100,,100,Express
Serbia,100,3,100,,100,Express
Serbia,110,3.1,110,,110,Express
Serbia,110,3.2,110,,110,Express
Serbia,110,3.3,110,,110,Express
Serbia,110,3.4,110,,110,Express
Serbia,111,3.5,111,,111,Express
Serbia,120,3.6,120,,120,Express
Serbia,120,3.7,120,,120,Express
Serbia,120,3.8,120,,120,Express
Serbia,120,3.9,120,,120,Express
Serbia,120,4,120,,120,Express
Serbia,130,4.1,130,,130,Express
Serbia,131,4.2,131,,131,Express
Serbia,131,4.3,131,,131,Express
Serbia,131,4.4,131,,131,Express
Serbia,131,4.5,131,,131,Express
Serbia,140,4.6,140,,140,Express
Serbia,140,4.7,140,,140,Express
Serbia,141,4.8,141,,141,Express
Serbia,141,4.9,141,,141,Express
Serbia,141,5,141,,141,Express
Serbia,293,5.1,293,,293,Express
Serbia,293,5.2,293,,293,Express
Serbia,293,5.3,293,,293,Express
Serbia,293,5.4,293,,293,Express
Serbia,294,5.5,294,,294,Express
Serbia,311,5.6,311,,311,Express
Serbia,311,5.7,311,,311,Express
Serbia,312,5.8,312,,312,Express
Serbia,312,5.9,312,,312,Express
Serbia,312,6,312,,312,Express
Serbia,330,6.1,330,,330,Express
Serbia,330,6.2,330,,330,Express
Serbia,330,6.3,330,,330,Express
Serbia,330,6.4,330,,330,Express
Serbia,331,6.5,331,,331,Express
Serbia,348,6.6,348,,348,Express
Serbia,348,6.7,348,,348,Express
Serbia,348,6.8,348,,348,Express
Serbia,348,6.9,348,,348,Express
Serbia,349,7,349,,349,Express
Serbia,366,7.1,366,,366,Express
Serbia,367,7.2,367,,367,Express
Serbia,367,7.3,367,,367,Express
Serbia,367,7.4,367,,367,Express
Serbia,367,7.5,367,,367,Express
Serbia,383,7.6,383,,383,Express
Serbia,383,7.7,383,,383,Express
Serbia,383,7.8,383,,383,Express
Serbia,383,7.9,383,,383,Express
Serbia,384,8,384,,384,Express
Serbia,399,8.1,399,,399,Express
Serbia,400,8.2,400,,400,Express
Serbia,400,8.3,400,,400,Express
Serbia,400,8.4,400,,400,Express
Serbia,400,8.5,400,,400,Express
Serbia,416,8.6,416,,416,Express
Serbia,416,8.7,416,,416,Express
Serbia,416,8.8,416,,416,Express
Serbia,417,8.9,417,,417,Express
Serbia,417,9,417,,417,Express
Serbia,433,9.1,433,,433,Express
Serbia,433,9.2,433,,433,Express
Serbia,433,9.3,433,,433,Express
Serbia,433,9.4,433,,433,Express
Serbia,433,9.5,433,,433,Express
Serbia,453,9.6,453,,453,Express
Serbia,453,9.7,453,,453,Express
Serbia,454,9.8,454,,454,Express
Serbia,454,9.9,454,,454,Express
Serbia,454,10,454,,454,Express
Seychelles,47,0.1,47,,47,Express
Seychelles,47,0.2,47,,47,Express
Seychelles,47,0.3,47,,47,Express
Seychelles,48,0.4,48,,48,Express
Seychelles,48,0.5,48,,48,Express
Seychelles,58,0.6,58,,58,Express
Seychelles,58,0.7,58,,58,Express
Seychelles,58,0.8,58,,58,Express
Seychelles,58,0.9,58,,58,Express
Seychelles,58,1,58,,58,Express
Seychelles,69,1.1,69,,69,Express
Seychelles,69,1.2,69,,69,Express
Seychelles,69,1.3,69,,69,Express
Seychelles,69,1.4,69,,69,Express
Seychelles,69,1.5,69,,69,Express
Seychelles,78,1.6,78,,78,Express
Seychelles,78,1.7,78,,78,Express
Seychelles,79,1.8,79,,79,Express
Seychelles,79,1.9,79,,79,Express
Seychelles,79,2,79,,79,Express
Seychelles,89,2.1,89,,89,Express
Seychelles,89,2.2,89,,89,Express
Seychelles,89,2.3,89,,89,Express
Seychelles,89,2.4,89,,89,Express
Seychelles,89,2.5,89,,89,Express
Seychelles,99,2.6,99,,99,Express
Seychelles,100,2.7,100,,100,Express
Seychelles,100,2.8,100,,100,Express
Seychelles,100,2.9,100,,100,Express
Seychelles,100,3,100,,100,Express
Seychelles,110,3.1,110,,110,Express
Seychelles,110,3.2,110,,110,Express
Seychelles,110,3.3,110,,110,Express
Seychelles,110,3.4,110,,110,Express
Seychelles,111,3.5,111,,111,Express
Seychelles,120,3.6,120,,120,Express
Seychelles,120,3.7,120,,120,Express
Seychelles,120,3.8,120,,120,Express
Seychelles,120,3.9,120,,120,Express
Seychelles,120,4,120,,120,Express
Seychelles,130,4.1,130,,130,Express
Seychelles,131,4.2,131,,131,Express
Seychelles,131,4.3,131,,131,Express
Seychelles,131,4.4,131,,131,Express
Seychelles,131,4.5,131,,131,Express
Seychelles,140,4.6,140,,140,Express
Seychelles,140,4.7,140,,140,Express
Seychelles,141,4.8,141,,141,Express
Seychelles,141,4.9,141,,141,Express
Seychelles,141,5,141,,141,Express
Seychelles,293,5.1,293,,293,Express
Seychelles,293,5.2,293,,293,Express
Seychelles,293,5.3,293,,293,Express
Seychelles,293,5.4,293,,293,Express
Seychelles,294,5.5,294,,294,Express
Seychelles,311,5.6,311,,311,Express
Seychelles,311,5.7,311,,311,Express
Seychelles,312,5.8,312,,312,Express
Seychelles,312,5.9,312,,312,Express
Seychelles,312,6,312,,312,Express
Seychelles,330,6.1,330,,330,Express
Seychelles,330,6.2,330,,330,Express
Seychelles,330,6.3,330,,330,Express
Seychelles,330,6.4,330,,330,Express
Seychelles,331,6.5,331,,331,Express
Seychelles,348,6.6,348,,348,Express
Seychelles,348,6.7,348,,348,Express
Seychelles,348,6.8,348,,348,Express
Seychelles,348,6.9,348,,348,Express
Seychelles,349,7,349,,349,Express
Seychelles,366,7.1,366,,366,Express
Seychelles,367,7.2,367,,367,Express
Seychelles,367,7.3,367,,367,Express
Seychelles,367,7.4,367,,367,Express
Seychelles,367,7.5,367,,367,Express
Seychelles,383,7.6,383,,383,Express
Seychelles,383,7.7,383,,383,Express
Seychelles,383,7.8,383,,383,Express
Seychelles,383,7.9,383,,383,Express
Seychelles,384,8,384,,384,Express
Seychelles,399,8.1,399,,399,Express
Seychelles,400,8.2,400,,400,Express
Seychelles,400,8.3,400,,400,Express
Seychelles,400,8.4,400,,400,Express
Seychelles,400,8.5,400,,400,Express
Seychelles,416,8.6,416,,416,Express
Seychelles,416,8.7,416,,416,Express
Seychelles,416,8.8,416,,416,Express
Seychelles,417,8.9,417,,417,Express
Seychelles,417,9,417,,417,Express
Seychelles,433,9.1,433,,433,Express
Seychelles,433,9.2,433,,433,Express
Seychelles,433,9.3,433,,433,Express
Seychelles,433,9.4,433,,433,Express
Seychelles,433,9.5,433,,433,Express
Seychelles,453,9.6,453,,453,Express
Seychelles,453,9.7,453,,453,Express
Seychelles,454,9.8,454,,454,Express
Seychelles,454,9.9,454,,454,Express
Seychelles,454,10,454,,454,Express
Sierra Leone,47,0.1,47,,47,Express
Sierra Leone,47,0.2,47,,47,Express
Sierra Leone,47,0.3,47,,47,Express
Sierra Leone,48,0.4,48,,48,Express
Sierra Leone,48,0.5,48,,48,Express
Sierra Leone,58,0.6,58,,58,Express
Sierra Leone,58,0.7,58,,58,Express
Sierra Leone,58,0.8,58,,58,Express
Sierra Leone,58,0.9,58,,58,Express
Sierra Leone,58,1,58,,58,Express
Sierra Leone,69,1.1,69,,69,Express
Sierra Leone,69,1.2,69,,69,Express
Sierra Leone,69,1.3,69,,69,Express
Sierra Leone,69,1.4,69,,69,Express
Sierra Leone,69,1.5,69,,69,Express
Sierra Leone,78,1.6,78,,78,Express
Sierra Leone,78,1.7,78,,78,Express
Sierra Leone,79,1.8,79,,79,Express
Sierra Leone,79,1.9,79,,79,Express
Sierra Leone,79,2,79,,79,Express
Sierra Leone,89,2.1,89,,89,Express
Sierra Leone,89,2.2,89,,89,Express
Sierra Leone,89,2.3,89,,89,Express
Sierra Leone,89,2.4,89,,89,Express
Sierra Leone,89,2.5,89,,89,Express
Sierra Leone,99,2.6,99,,99,Express
Sierra Leone,100,2.7,100,,100,Express
Sierra Leone,100,2.8,100,,100,Express
Sierra Leone,100,2.9,100,,100,Express
Sierra Leone,100,3,100,,100,Express
Sierra Leone,110,3.1,110,,110,Express
Sierra Leone,110,3.2,110,,110,Express
Sierra Leone,110,3.3,110,,110,Express
Sierra Leone,110,3.4,110,,110,Express
Sierra Leone,111,3.5,111,,111,Express
Sierra Leone,120,3.6,120,,120,Express
Sierra Leone,120,3.7,120,,120,Express
Sierra Leone,120,3.8,120,,120,Express
Sierra Leone,120,3.9,120,,120,Express
Sierra Leone,120,4,120,,120,Express
Sierra Leone,130,4.1,130,,130,Express
Sierra Leone,131,4.2,131,,131,Express
Sierra Leone,131,4.3,131,,131,Express
Sierra Leone,131,4.4,131,,131,Express
Sierra Leone,131,4.5,131,,131,Express
Sierra Leone,140,4.6,140,,140,Express
Sierra Leone,140,4.7,140,,140,Express
Sierra Leone,141,4.8,141,,141,Express
Sierra Leone,141,4.9,141,,141,Express
Sierra Leone,141,5,141,,141,Express
Sierra Leone,293,5.1,293,,293,Express
Sierra Leone,293,5.2,293,,293,Express
Sierra Leone,293,5.3,293,,293,Express
Sierra Leone,293,5.4,293,,293,Express
Sierra Leone,294,5.5,294,,294,Express
Sierra Leone,311,5.6,311,,311,Express
Sierra Leone,311,5.7,311,,311,Express
Sierra Leone,312,5.8,312,,312,Express
Sierra Leone,312,5.9,312,,312,Express
Sierra Leone,312,6,312,,312,Express
Sierra Leone,330,6.1,330,,330,Express
Sierra Leone,330,6.2,330,,330,Express
Sierra Leone,330,6.3,330,,330,Express
Sierra Leone,330,6.4,330,,330,Express
Sierra Leone,331,6.5,331,,331,Express
Sierra Leone,348,6.6,348,,348,Express
Sierra Leone,348,6.7,348,,348,Express
Sierra Leone,348,6.8,348,,348,Express
Sierra Leone,348,6.9,348,,348,Express
Sierra Leone,349,7,349,,349,Express
Sierra Leone,366,7.1,366,,366,Express
Sierra Leone,367,7.2,367,,367,Express
Sierra Leone,367,7.3,367,,367,Express
Sierra Leone,367,7.4,367,,367,Express
Sierra Leone,367,7.5,367,,367,Express
Sierra Leone,383,7.6,383,,383,Express
Sierra Leone,383,7.7,383,,383,Express
Sierra Leone,383,7.8,383,,383,Express
Sierra Leone,383,7.9,383,,383,Express
Sierra Leone,384,8,384,,384,Express
Sierra Leone,399,8.1,399,,399,Express
Sierra Leone,400,8.2,400,,400,Express
Sierra Leone,400,8.3,400,,400,Express
Sierra Leone,400,8.4,400,,400,Express
Sierra Leone,400,8.5,400,,400,Express
Sierra Leone,416,8.6,416,,416,Express
Sierra Leone,416,8.7,416,,416,Express
Sierra Leone,416,8.8,416,,416,Express
Sierra Leone,417,8.9,417,,417,Express
Sierra Leone,417,9,417,,417,Express
Sierra Leone,433,9.1,433,,433,Express
Sierra Leone,433,9.2,433,,433,Express
Sierra Leone,433,9.3,433,,433,Express
Sierra Leone,433,9.4,433,,433,Express
Sierra Leone,433,9.5,433,,433,Express
Sierra Leone,453,9.6,453,,453,Express
Sierra Leone,453,9.7,453,,453,Express
Sierra Leone,454,9.8,454,,454,Express
Sierra Leone,454,9.9,454,,454,Express
Sierra Leone,454,10,454,,454,Express
Singapore,4,0.1,4,8,25,Standard
Singapore,4,0.2,4,8,25,Standard
Singapore,4,0.3,4,8,25,Standard
Singapore,5,0.4,5,8,25,Standard
Singapore,5,0.5,5,8,25,Standard
Singapore,6,0.6,6,9,26,Standard
Singapore,6,0.7,6,9,26,Standard
Singapore,6,0.8,6,9,26,Standard
Singapore,7,0.9,7,9,26,Standard
Singapore,7,1,7,9,26,Standard
Singapore,8,1.1,8,10,28,Standard
Singapore,8,1.2,8,10,28,Standard
Singapore,8,1.3,8,11,28,Standard
Singapore,9,1.4,9,11,28,Standard
Singapore,9,1.5,9,11,28,Standard
Singapore,9,1.6,9,12,30,Standard
Singapore,10,1.7,10,12,30,Standard
Singapore,10,1.8,10,12,30,Standard
Singapore,11,1.9,11,12,30,Standard
Singapore,11,2,11,12,30,Standard
Singapore,12,2.1,12,14,32,Standard
Singapore,12,2.2,12,14,32,Standard
Singapore,12,2.3,12,14,32,Standard
Singapore,13,2.4,13,14,32,Standard
Singapore,13,2.5,13,14,32,Standard
Singapore,14,2.6,14,15,34,Standard
Singapore,14,2.7,14,15,34,Standard
Singapore,14,2.8,14,15,34,Standard
Singapore,15,2.9,15,15,34,Standard
Singapore,15,3,15,15,34,Standard
Singapore,16,3.1,16,17,36,Standard
Singapore,16,3.2,16,17,36,Standard
Singapore,16,3.3,16,17,36,Standard
Singapore,16,3.4,16,17,36,Standard
Singapore,17,3.5,17,17,36,Standard
Singapore,18,3.6,18,18,38,Standard
Singapore,18,3.7,18,18,38,Standard
Singapore,18,3.8,18,18,38,Standard
Singapore,18,3.9,18,18,38,Standard
Singapore,19,4,19,18,38,Standard
Singapore,20,4.1,20,20,41,Standard
Singapore,20,4.2,20,20,41,Standard
Singapore,21,4.3,21,20,41,Standard
Singapore,21,4.4,21,20,41,Standard
Singapore,21,4.5,21,20,41,Standard
Singapore,22,4.6,22,21,42,Standard
Singapore,22,4.7,22,21,42,Standard
Singapore,23,4.8,23,21,42,Standard
Singapore,23,4.9,23,21,42,Standard
Singapore,23,5,23,21,42,Standard
Singapore,25,5.1,25,23,67,Standard
Singapore,25,5.2,25,23,67,Standard
Singapore,26,5.3,26,23,67,Standard
Singapore,26,5.4,26,23,67,Standard
Singapore,26,5.5,26,23,67,Standard
Singapore,27,5.6,27,24,70,Standard
Singapore,27,5.7,27,24,70,Standard
Singapore,28,5.8,28,24,70,Standard
Singapore,28,5.9,28,24,70,Standard
Singapore,28,6,28,24,70,Standard
Singapore,30,6.1,30,25,72,Standard
Singapore,30,6.2,30,25,72,Standard
Singapore,30,6.3,30,25,72,Standard
Singapore,31,6.4,31,25,72,Standard
Singapore,31,6.5,31,25,72,Standard
Singapore,32,6.6,32,27,74,Standard
Singapore,32,6.7,32,27,74,Standard
Singapore,32,6.8,32,27,74,Standard
Singapore,33,6.9,33,27,74,Standard
Singapore,33,7,33,27,74,Standard
Singapore,35,7.1,35,28,76,Standard
Singapore,35,7.2,35,28,76,Standard
Singapore,35,7.3,35,28,76,Standard
Singapore,36,7.4,36,28,76,Standard
Singapore,36,7.5,36,28,76,Standard
Singapore,37,7.6,37,29,78,Standard
Singapore,37,7.7,37,29,78,Standard
Singapore,37,7.8,37,29,78,Standard
Singapore,37,7.9,37,29,78,Standard
Singapore,38,8,38,29,78,Standard
Singapore,40,8.1,40,31,81,Standard
Singapore,40,8.2,40,31,81,Standard
Singapore,40,8.3,40,31,81,Standard
Singapore,40,8.4,40,31,81,Standard
Singapore,41,8.5,41,31,81,Standard
Singapore,42,8.6,42,33,83,Standard
Singapore,42,8.7,42,33,83,Standard
Singapore,42,8.8,42,33,83,Standard
Singapore,42,8.9,42,33,83,Standard
Singapore,43,9,43,33,83,Standard
Singapore,45,9.1,45,35,85,Standard
Singapore,45,9.2,45,35,85,Standard
Singapore,45,9.3,45,35,85,Standard
Singapore,45,9.4,45,35,85,Standard
Singapore,46,9.5,46,35,85,Standard
Singapore,47,9.6,47,36,87,Standard
Singapore,47,9.7,47,36,87,Standard
Singapore,47,9.8,47,36,87,Standard
Singapore,47,9.9,47,36,87,Standard
Singapore,47,10,47,36,87,Standard
Slovakia,21,0.1,21,21,30,Economy
Slovakia,21,0.2,21,21,30,Economy
Slovakia,21,0.3,21,21,31,Economy
Slovakia,21,0.4,21,21,31,Economy
Slovakia,21,0.5,21,21,31,Economy
Slovakia,23,0.6,23,23,35,Economy
Slovakia,23,0.7,23,23,35,Economy
Slovakia,24,0.8,24,24,36,Economy
Slovakia,24,0.9,24,24,36,Economy
Slovakia,24,1,24,24,36,Economy
Slovakia,25,1.1,25,25,40,Economy
Slovakia,25,1.2,25,25,41,Economy
Slovakia,26,1.3,26,26,41,Economy
Slovakia,26,1.4,26,26,41,Economy
Slovakia,26,1.5,26,26,41,Economy
Slovakia,28,1.6,28,28,47,Economy
Slovakia,28,1.7,28,28,47,Economy
Slovakia,30,1.8,30,30,47,Economy
Slovakia,30,1.9,30,30,47,Economy
Slovakia,30,2,30,30,47,Economy
Slovakia,33,2.1,33,33,53,Economy
Slovakia,33,2.2,33,33,54,Economy
Slovakia,33,2.3,33,33,54,Economy
Slovakia,33,2.4,33,33,54,Economy
Slovakia,33,2.5,33,33,54,Economy
Slovakia,36,2.6,36,36,58,Economy
Slovakia,36,2.7,36,36,58,Economy
Slovakia,36,2.8,36,36,58,Economy
Slovakia,36,2.9,36,36,58,Economy
Slovakia,36,3,36,36,59,Economy
Slovakia,38,3.1,38,38,64,Economy
Slovakia,38,3.2,38,38,64,Economy
Slovakia,38,3.3,38,38,64,Economy
Slovakia,38,3.4,38,38,65,Economy
Slovakia,38,3.5,38,38,65,Economy
Slovakia,41,3.6,41,41,70,Economy
Slovakia,41,3.7,41,41,70,Economy
Slovakia,41,3.8,41,41,70,Economy
Slovakia,41,3.9,41,41,70,Economy
Slovakia,41,4,41,41,70,Economy
Slovakia,44,4.1,44,44,76,Economy
Slovakia,44,4.2,44,44,76,Economy
Slovakia,44,4.3,44,44,76,Economy
Slovakia,44,4.4,44,44,76,Economy
Slovakia,44,4.5,44,44,76,Economy
Slovakia,47,4.6,47,47,81,Economy
Slovakia,47,4.7,47,47,81,Economy
Slovakia,47,4.8,47,47,81,Economy
Slovakia,47,4.9,47,47,82,Economy
Slovakia,47,5,47,47,82,Economy
Slovakia,50,5.1,50,50,126,Economy
Slovakia,50,5.2,50,50,127,Economy
Slovakia,50,5.3,50,50,127,Economy
Slovakia,50,5.4,50,50,127,Economy
Slovakia,50,5.5,50,50,127,Economy
Slovakia,53,5.6,53,53,135,Economy
Slovakia,53,5.7,53,53,135,Economy
Slovakia,53,5.8,53,53,135,Economy
Slovakia,53,5.9,53,53,135,Economy
Slovakia,53,6,53,53,136,Economy
Slovakia,56,6.1,56,56,144,Economy
Slovakia,56,6.2,56,56,144,Economy
Slovakia,56,6.3,56,56,144,Economy
Slovakia,56,6.4,56,56,144,Economy
Slovakia,56,6.5,56,56,145,Economy
Slovakia,60,6.6,60,60,153,Economy
Slovakia,60,6.7,60,60,153,Economy
Slovakia,60,6.8,60,60,153,Economy
Slovakia,60,6.9,60,60,153,Economy
Slovakia,60,7,60,60,153,Economy
Slovakia,64,7.1,64,64,162,Economy
Slovakia,64,7.2,64,64,162,Economy
Slovakia,64,7.3,64,64,162,Economy
Slovakia,64,7.4,64,64,162,Economy
Slovakia,64,7.5,64,64,162,Economy
Slovakia,67,7.6,67,67,169,Economy
Slovakia,67,7.7,67,67,170,Economy
Slovakia,67,7.8,67,67,170,Economy
Slovakia,67,7.9,67,67,170,Economy
Slovakia,67,8,67,67,170,Economy
Slovakia,71,8.1,71,71,177,Economy
Slovakia,71,8.2,71,71,177,Economy
Slovakia,71,8.3,71,71,177,Economy
Slovakia,71,8.4,71,71,177,Economy
Slovakia,71,8.5,71,71,177,Economy
Slovakia,75,8.6,75,75,185,Economy
Slovakia,75,8.7,75,75,185,Economy
Slovakia,75,8.8,75,75,185,Economy
Slovakia,75,8.9,75,75,185,Economy
Slovakia,75,9,75,75,185,Economy
Slovakia,78,9.1,78,78,192,Economy
Slovakia,78,9.2,78,78,192,Economy
Slovakia,78,9.3,78,78,192,Economy
Slovakia,78,9.4,78,78,193,Economy
Slovakia,78,9.5,78,78,193,Economy
Slovakia,83,9.6,83,83,198,Economy
Slovakia,83,9.7,83,83,199,Economy
Slovakia,83,9.8,83,83,199,Economy
Slovakia,83,9.9,83,83,199,Economy
Slovakia,83,10,83,83,199,Economy
Slovenia,21,0.1,21,21,32,Economy
Slovenia,21,0.2,21,21,32,Economy
Slovenia,21,0.3,21,21,33,Economy
Slovenia,21,0.4,21,21,33,Economy
Slovenia,21,0.5,21,21,33,Economy
Slovenia,23,0.6,23,23,45,Economy
Slovenia,23,0.7,23,23,45,Economy
Slovenia,24,0.8,24,24,46,Economy
Slovenia,24,0.9,24,24,46,Economy
Slovenia,24,1,24,24,46,Economy
Slovenia,25,1.1,25,25,54,Economy
Slovenia,25,1.2,25,25,54,Economy
Slovenia,26,1.3,26,26,54,Economy
Slovenia,26,1.4,26,26,54,Economy
Slovenia,26,1.5,26,26,54,Economy
Slovenia,28,1.6,28,28,62,Economy
Slovenia,28,1.7,28,28,62,Economy
Slovenia,30,1.8,30,30,62,Economy
Slovenia,30,1.9,30,30,62,Economy
Slovenia,30,2,30,30,62,Economy
Slovenia,33,2.1,33,33,70,Economy
Slovenia,33,2.2,33,33,70,Economy
Slovenia,33,2.3,33,33,70,Economy
Slovenia,33,2.4,33,33,70,Economy
Slovenia,33,2.5,33,33,70,Economy
Slovenia,36,2.6,36,36,74,Economy
Slovenia,36,2.7,36,36,74,Economy
Slovenia,36,2.8,36,36,75,Economy
Slovenia,36,2.9,36,36,75,Economy
Slovenia,36,3,36,36,75,Economy
Slovenia,38,3.1,38,38,82,Economy
Slovenia,38,3.2,38,38,82,Economy
Slovenia,38,3.3,38,38,82,Economy
Slovenia,38,3.4,38,38,83,Economy
Slovenia,38,3.5,38,38,83,Economy
Slovenia,41,3.6,41,41,90,Economy
Slovenia,41,3.7,41,41,91,Economy
Slovenia,41,3.8,41,41,91,Economy
Slovenia,41,3.9,41,41,91,Economy
Slovenia,41,4,41,41,91,Economy
Slovenia,44,4.1,44,44,98,Economy
Slovenia,44,4.2,44,44,98,Economy
Slovenia,44,4.3,44,44,98,Economy
Slovenia,44,4.4,44,44,98,Economy
Slovenia,44,4.5,44,44,99,Economy
Slovenia,47,4.6,47,47,108,Economy
Slovenia,47,4.7,47,47,108,Economy
Slovenia,47,4.8,47,47,108,Economy
Slovenia,47,4.9,47,47,108,Economy
Slovenia,47,5,47,47,109,Economy
Slovenia,50,5.1,50,50,223,Economy
Slovenia,50,5.2,50,50,223,Economy
Slovenia,50,5.3,50,50,223,Economy
Slovenia,50,5.4,50,50,224,Economy
Slovenia,50,5.5,50,50,224,Economy
Slovenia,53,5.6,53,53,239,Economy
Slovenia,53,5.7,53,53,239,Economy
Slovenia,53,5.8,53,53,239,Economy
Slovenia,53,5.9,53,53,239,Economy
Slovenia,53,6,53,53,239,Economy
Slovenia,56,6.1,56,56,255,Economy
Slovenia,56,6.2,56,56,255,Economy
Slovenia,56,6.3,56,56,255,Economy
Slovenia,56,6.4,56,56,255,Economy
Slovenia,56,6.5,56,56,255,Economy
Slovenia,60,6.6,60,60,270,Economy
Slovenia,60,6.7,60,60,271,Economy
Slovenia,60,6.8,60,60,271,Economy
Slovenia,60,6.9,60,60,271,Economy
Slovenia,60,7,60,60,271,Economy
Slovenia,64,7.1,64,64,286,Economy
Slovenia,64,7.2,64,64,286,Economy
Slovenia,64,7.3,64,64,287,Economy
Slovenia,64,7.4,64,64,287,Economy
Slovenia,64,7.5,64,64,287,Economy
Slovenia,67,7.6,67,67,301,Economy
Slovenia,67,7.7,67,67,301,Economy
Slovenia,67,7.8,67,67,301,Economy
Slovenia,67,7.9,67,67,302,Economy
Slovenia,67,8,67,67,302,Economy
Slovenia,71,8.1,71,71,316,Economy
Slovenia,71,8.2,71,71,316,Economy
Slovenia,71,8.3,71,71,316,Economy
Slovenia,71,8.4,71,71,317,Economy
Slovenia,71,8.5,71,71,317,Economy
Slovenia,75,8.6,75,75,331,Economy
Slovenia,75,8.7,75,75,331,Economy
Slovenia,75,8.8,75,75,331,Economy
Slovenia,75,8.9,75,75,332,Economy
Slovenia,75,9,75,75,332,Economy
Slovenia,78,9.1,78,78,346,Economy
Slovenia,78,9.2,78,78,346,Economy
Slovenia,78,9.3,78,78,346,Economy
Slovenia,78,9.4,78,78,346,Economy
Slovenia,78,9.5,78,78,347,Economy
Slovenia,83,9.6,83,83,355,Economy
Slovenia,83,9.7,83,83,356,Economy
Slovenia,83,9.8,83,83,356,Economy
Slovenia,83,9.9,83,83,356,Economy
Slovenia,83,10,83,83,356,Economy
Solomon Islands,47,0.1,47,,47,Express
Solomon Islands,47,0.2,47,,47,Express
Solomon Islands,47,0.3,47,,47,Express
Solomon Islands,48,0.4,48,,48,Express
Solomon Islands,48,0.5,48,,48,Express
Solomon Islands,58,0.6,58,,58,Express
Solomon Islands,58,0.7,58,,58,Express
Solomon Islands,58,0.8,58,,58,Express
Solomon Islands,58,0.9,58,,58,Express
Solomon Islands,58,1,58,,58,Express
Solomon Islands,69,1.1,69,,69,Express
Solomon Islands,69,1.2,69,,69,Express
Solomon Islands,69,1.3,69,,69,Express
Solomon Islands,69,1.4,69,,69,Express
Solomon Islands,69,1.5,69,,69,Express
Solomon Islands,78,1.6,78,,78,Express
Solomon Islands,78,1.7,78,,78,Express
Solomon Islands,79,1.8,79,,79,Express
Solomon Islands,79,1.9,79,,79,Express
Solomon Islands,79,2,79,,79,Express
Solomon Islands,89,2.1,89,,89,Express
Solomon Islands,89,2.2,89,,89,Express
Solomon Islands,89,2.3,89,,89,Express
Solomon Islands,89,2.4,89,,89,Express
Solomon Islands,89,2.5,89,,89,Express
Solomon Islands,99,2.6,99,,99,Express
Solomon Islands,100,2.7,100,,100,Express
Solomon Islands,100,2.8,100,,100,Express
Solomon Islands,100,2.9,100,,100,Express
Solomon Islands,100,3,100,,100,Express
Solomon Islands,110,3.1,110,,110,Express
Solomon Islands,110,3.2,110,,110,Express
Solomon Islands,110,3.3,110,,110,Express
Solomon Islands,110,3.4,110,,110,Express
Solomon Islands,111,3.5,111,,111,Express
Solomon Islands,120,3.6,120,,120,Express
Solomon Islands,120,3.7,120,,120,Express
Solomon Islands,120,3.8,120,,120,Express
Solomon Islands,120,3.9,120,,120,Express
Solomon Islands,120,4,120,,120,Express
Solomon Islands,130,4.1,130,,130,Express
Solomon Islands,131,4.2,131,,131,Express
Solomon Islands,131,4.3,131,,131,Express
Solomon Islands,131,4.4,131,,131,Express
Solomon Islands,131,4.5,131,,131,Express
Solomon Islands,140,4.6,140,,140,Express
Solomon Islands,140,4.7,140,,140,Express
Solomon Islands,141,4.8,141,,141,Express
Solomon Islands,141,4.9,141,,141,Express
Solomon Islands,141,5,141,,141,Express
Solomon Islands,293,5.1,293,,293,Express
Solomon Islands,293,5.2,293,,293,Express
Solomon Islands,293,5.3,293,,293,Express
Solomon Islands,293,5.4,293,,293,Express
Solomon Islands,294,5.5,294,,294,Express
Solomon Islands,311,5.6,311,,311,Express
Solomon Islands,311,5.7,311,,311,Express
Solomon Islands,312,5.8,312,,312,Express
Solomon Islands,312,5.9,312,,312,Express
Solomon Islands,312,6,312,,312,Express
Solomon Islands,330,6.1,330,,330,Express
Solomon Islands,330,6.2,330,,330,Express
Solomon Islands,330,6.3,330,,330,Express
Solomon Islands,330,6.4,330,,330,Express
Solomon Islands,331,6.5,331,,331,Express
Solomon Islands,348,6.6,348,,348,Express
Solomon Islands,348,6.7,348,,348,Express
Solomon Islands,348,6.8,348,,348,Express
Solomon Islands,348,6.9,348,,348,Express
Solomon Islands,349,7,349,,349,Express
Solomon Islands,366,7.1,366,,366,Express
Solomon Islands,367,7.2,367,,367,Express
Solomon Islands,367,7.3,367,,367,Express
Solomon Islands,367,7.4,367,,367,Express
Solomon Islands,367,7.5,367,,367,Express
Solomon Islands,383,7.6,383,,383,Express
Solomon Islands,383,7.7,383,,383,Express
Solomon Islands,383,7.8,383,,383,Express
Solomon Islands,383,7.9,383,,383,Express
Solomon Islands,384,8,384,,384,Express
Solomon Islands,399,8.1,399,,399,Express
Solomon Islands,400,8.2,400,,400,Express
Solomon Islands,400,8.3,400,,400,Express
Solomon Islands,400,8.4,400,,400,Express
Solomon Islands,400,8.5,400,,400,Express
Solomon Islands,416,8.6,416,,416,Express
Solomon Islands,416,8.7,416,,416,Express
Solomon Islands,416,8.8,416,,416,Express
Solomon Islands,417,8.9,417,,417,Express
Solomon Islands,417,9,417,,417,Express
Solomon Islands,433,9.1,433,,433,Express
Solomon Islands,433,9.2,433,,433,Express
Solomon Islands,433,9.3,433,,433,Express
Solomon Islands,433,9.4,433,,433,Express
Solomon Islands,433,9.5,433,,433,Express
Solomon Islands,453,9.6,453,,453,Express
Solomon Islands,453,9.7,453,,453,Express
Solomon Islands,454,9.8,454,,454,Express
Solomon Islands,454,9.9,454,,454,Express
Solomon Islands,454,10,454,,454,Express
Somalia,47,0.1,47,,47,Express
Somalia,47,0.2,47,,47,Express
Somalia,47,0.3,47,,47,Express
Somalia,48,0.4,48,,48,Express
Somalia,48,0.5,48,,48,Express
Somalia,58,0.6,58,,58,Express
Somalia,58,0.7,58,,58,Express
Somalia,58,0.8,58,,58,Express
Somalia,58,0.9,58,,58,Express
Somalia,58,1,58,,58,Express
Somalia,69,1.1,69,,69,Express
Somalia,69,1.2,69,,69,Express
Somalia,69,1.3,69,,69,Express
Somalia,69,1.4,69,,69,Express
Somalia,69,1.5,69,,69,Express
Somalia,78,1.6,78,,78,Express
Somalia,78,1.7,78,,78,Express
Somalia,79,1.8,79,,79,Express
Somalia,79,1.9,79,,79,Express
Somalia,79,2,79,,79,Express
Somalia,89,2.1,89,,89,Express
Somalia,89,2.2,89,,89,Express
Somalia,89,2.3,89,,89,Express
Somalia,89,2.4,89,,89,Express
Somalia,89,2.5,89,,89,Express
Somalia,99,2.6,99,,99,Express
Somalia,100,2.7,100,,100,Express
Somalia,100,2.8,100,,100,Express
Somalia,100,2.9,100,,100,Express
Somalia,100,3,100,,100,Express
Somalia,110,3.1,110,,110,Express
Somalia,110,3.2,110,,110,Express
Somalia,110,3.3,110,,110,Express
Somalia,110,3.4,110,,110,Express
Somalia,111,3.5,111,,111,Express
Somalia,120,3.6,120,,120,Express
Somalia,120,3.7,120,,120,Express
Somalia,120,3.8,120,,120,Express
Somalia,120,3.9,120,,120,Express
Somalia,120,4,120,,120,Express
Somalia,130,4.1,130,,130,Express
Somalia,131,4.2,131,,131,Express
Somalia,131,4.3,131,,131,Express
Somalia,131,4.4,131,,131,Express
Somalia,131,4.5,131,,131,Express
Somalia,140,4.6,140,,140,Express
Somalia,140,4.7,140,,140,Express
Somalia,141,4.8,141,,141,Express
Somalia,141,4.9,141,,141,Express
Somalia,141,5,141,,141,Express
Somalia,293,5.1,293,,293,Express
Somalia,293,5.2,293,,293,Express
Somalia,293,5.3,293,,293,Express
Somalia,293,5.4,293,,293,Express
Somalia,294,5.5,294,,294,Express
Somalia,311,5.6,311,,311,Express
Somalia,311,5.7,311,,311,Express
Somalia,312,5.8,312,,312,Express
Somalia,312,5.9,312,,312,Express
Somalia,312,6,312,,312,Express
Somalia,330,6.1,330,,330,Express
Somalia,330,6.2,330,,330,Express
Somalia,330,6.3,330,,330,Express
Somalia,330,6.4,330,,330,Express
Somalia,331,6.5,331,,331,Express
Somalia,348,6.6,348,,348,Express
Somalia,348,6.7,348,,348,Express
Somalia,348,6.8,348,,348,Express
Somalia,348,6.9,348,,348,Express
Somalia,349,7,349,,349,Express
Somalia,366,7.1,366,,366,Express
Somalia,367,7.2,367,,367,Express
Somalia,367,7.3,367,,367,Express
Somalia,367,7.4,367,,367,Express
Somalia,367,7.5,367,,367,Express
Somalia,383,7.6,383,,383,Express
Somalia,383,7.7,383,,383,Express
Somalia,383,7.8,383,,383,Express
Somalia,383,7.9,383,,383,Express
Somalia,384,8,384,,384,Express
Somalia,399,8.1,399,,399,Express
Somalia,400,8.2,400,,400,Express
Somalia,400,8.3,400,,400,Express
Somalia,400,8.4,400,,400,Express
Somalia,400,8.5,400,,400,Express
Somalia,416,8.6,416,,416,Express
Somalia,416,8.7,416,,416,Express
Somalia,416,8.8,416,,416,Express
Somalia,417,8.9,417,,417,Express
Somalia,417,9,417,,417,Express
Somalia,433,9.1,433,,433,Express
Somalia,433,9.2,433,,433,Express
Somalia,433,9.3,433,,433,Express
Somalia,433,9.4,433,,433,Express
Somalia,433,9.5,433,,433,Express
Somalia,453,9.6,453,,453,Express
Somalia,453,9.7,453,,453,Express
Somalia,454,9.8,454,,454,Express
Somalia,454,9.9,454,,454,Express
Somalia,454,10,454,,454,Express
Somaliland,47,0.1,47,,47,Express
Somaliland,47,0.2,47,,47,Express
Somaliland,47,0.3,47,,47,Express
Somaliland,48,0.4,48,,48,Express
Somaliland,48,0.5,48,,48,Express
Somaliland,58,0.6,58,,58,Express
Somaliland,58,0.7,58,,58,Express
Somaliland,58,0.8,58,,58,Express
Somaliland,58,0.9,58,,58,Express
Somaliland,58,1,58,,58,Express
Somaliland,69,1.1,69,,69,Express
Somaliland,69,1.2,69,,69,Express
Somaliland,69,1.3,69,,69,Express
Somaliland,69,1.4,69,,69,Express
Somaliland,69,1.5,69,,69,Express
Somaliland,78,1.6,78,,78,Express
Somaliland,78,1.7,78,,78,Express
Somaliland,79,1.8,79,,79,Express
Somaliland,79,1.9,79,,79,Express
Somaliland,79,2,79,,79,Express
Somaliland,89,2.1,89,,89,Express
Somaliland,89,2.2,89,,89,Express
Somaliland,89,2.3,89,,89,Express
Somaliland,89,2.4,89,,89,Express
Somaliland,89,2.5,89,,89,Express
Somaliland,99,2.6,99,,99,Express
Somaliland,100,2.7,100,,100,Express
Somaliland,100,2.8,100,,100,Express
Somaliland,100,2.9,100,,100,Express
Somaliland,100,3,100,,100,Express
Somaliland,110,3.1,110,,110,Express
Somaliland,110,3.2,110,,110,Express
Somaliland,110,3.3,110,,110,Express
Somaliland,110,3.4,110,,110,Express
Somaliland,111,3.5,111,,111,Express
Somaliland,120,3.6,120,,120,Express
Somaliland,120,3.7,120,,120,Express
Somaliland,120,3.8,120,,120,Express
Somaliland,120,3.9,120,,120,Express
Somaliland,120,4,120,,120,Express
Somaliland,130,4.1,130,,130,Express
Somaliland,131,4.2,131,,131,Express
Somaliland,131,4.3,131,,131,Express
Somaliland,131,4.4,131,,131,Express
Somaliland,131,4.5,131,,131,Express
Somaliland,140,4.6,140,,140,Express
Somaliland,140,4.7,140,,140,Express
Somaliland,141,4.8,141,,141,Express
Somaliland,141,4.9,141,,141,Express
Somaliland,141,5,141,,141,Express
Somaliland,293,5.1,293,,293,Express
Somaliland,293,5.2,293,,293,Express
Somaliland,293,5.3,293,,293,Express
Somaliland,293,5.4,293,,293,Express
Somaliland,294,5.5,294,,294,Express
Somaliland,311,5.6,311,,311,Express
Somaliland,311,5.7,311,,311,Express
Somaliland,312,5.8,312,,312,Express
Somaliland,312,5.9,312,,312,Express
Somaliland,312,6,312,,312,Express
Somaliland,330,6.1,330,,330,Express
Somaliland,330,6.2,330,,330,Express
Somaliland,330,6.3,330,,330,Express
Somaliland,330,6.4,330,,330,Express
Somaliland,331,6.5,331,,331,Express
Somaliland,348,6.6,348,,348,Express
Somaliland,348,6.7,348,,348,Express
Somaliland,348,6.8,348,,348,Express
Somaliland,348,6.9,348,,348,Express
Somaliland,349,7,349,,349,Express
Somaliland,366,7.1,366,,366,Express
Somaliland,367,7.2,367,,367,Express
Somaliland,367,7.3,367,,367,Express
Somaliland,367,7.4,367,,367,Express
Somaliland,367,7.5,367,,367,Express
Somaliland,383,7.6,383,,383,Express
Somaliland,383,7.7,383,,383,Express
Somaliland,383,7.8,383,,383,Express
Somaliland,383,7.9,383,,383,Express
Somaliland,384,8,384,,384,Express
Somaliland,399,8.1,399,,399,Express
Somaliland,400,8.2,400,,400,Express
Somaliland,400,8.3,400,,400,Express
Somaliland,400,8.4,400,,400,Express
Somaliland,400,8.5,400,,400,Express
Somaliland,416,8.6,416,,416,Express
Somaliland,416,8.7,416,,416,Express
Somaliland,416,8.8,416,,416,Express
Somaliland,417,8.9,417,,417,Express
Somaliland,417,9,417,,417,Express
Somaliland,433,9.1,433,,433,Express
Somaliland,433,9.2,433,,433,Express
Somaliland,433,9.3,433,,433,Express
Somaliland,433,9.4,433,,433,Express
Somaliland,433,9.5,433,,433,Express
Somaliland,453,9.6,453,,453,Express
Somaliland,453,9.7,453,,453,Express
Somaliland,454,9.8,454,,454,Express
Somaliland,454,9.9,454,,454,Express
Somaliland,454,10,454,,454,Express
South Africa,3,0.1,3,,47,Standard
South Africa,6,0.2,6,,47,Standard
South Africa,9,0.3,9,,47,Standard
South Africa,11,0.4,11,,48,Standard
South Africa,14,0.5,14,,48,Standard
South Africa,16,0.6,16,,58,Standard
South Africa,19,0.7,19,,58,Standard
South Africa,22,0.8,22,,58,Standard
South Africa,24,0.9,24,,58,Standard
South Africa,27,1,27,,58,Standard
South Africa,29,1.1,29,,69,Standard
South Africa,29,1.2,29,,69,Standard
South Africa,31,1.3,31,,69,Standard
South Africa,31,1.4,31,,69,Standard
South Africa,31,1.5,31,,69,Standard
South Africa,33,1.6,33,,78,Standard
South Africa,33,1.7,33,,78,Standard
South Africa,35,1.8,35,,79,Standard
South Africa,35,1.9,35,,79,Standard
South Africa,35,2,35,,79,Standard
South Africa,38,2.1,38,,89,Standard
South Africa,38,2.2,38,,89,Standard
South Africa,38,2.3,38,,89,Standard
South Africa,38,2.4,38,,89,Standard
South Africa,38,2.5,38,,89,Standard
South Africa,42,2.6,42,,99,Standard
South Africa,42,2.7,42,,100,Standard
South Africa,42,2.8,42,,100,Standard
South Africa,42,2.9,42,,100,Standard
South Africa,42,3,42,,100,Standard
South Africa,48,3.1,48,,110,Standard
South Africa,48,3.2,48,,110,Standard
South Africa,48,3.3,48,,110,Standard
South Africa,48,3.4,48,,110,Standard
South Africa,48,3.5,48,,111,Standard
South Africa,54,3.6,54,,120,Standard
South Africa,54,3.7,54,,120,Standard
South Africa,54,3.8,54,,120,Standard
South Africa,54,3.9,54,,120,Standard
South Africa,54,4,54,,120,Standard
South Africa,59,4.1,59,,130,Standard
South Africa,59,4.2,59,,131,Standard
South Africa,59,4.3,59,,131,Standard
South Africa,59,4.4,59,,131,Standard
South Africa,59,4.5,59,,131,Standard
South Africa,65,4.6,65,,140,Standard
South Africa,65,4.7,65,,140,Standard
South Africa,65,4.8,65,,141,Standard
South Africa,65,4.9,65,,141,Standard
South Africa,65,5,65,,141,Standard
South Africa,71,5.1,71,,293,Standard
South Africa,71,5.2,71,,293,Standard
South Africa,71,5.3,71,,293,Standard
South Africa,71,5.4,71,,293,Standard
South Africa,71,5.5,71,,294,Standard
South Africa,76,5.6,76,,311,Standard
South Africa,76,5.7,76,,311,Standard
South Africa,76,5.8,76,,312,Standard
South Africa,76,5.9,76,,312,Standard
South Africa,76,6,76,,312,Standard
South Africa,82,6.1,82,,330,Standard
South Africa,82,6.2,82,,330,Standard
South Africa,82,6.3,82,,330,Standard
South Africa,82,6.4,82,,330,Standard
South Africa,82,6.5,82,,331,Standard
South Africa,87,6.6,87,,348,Standard
South Africa,87,6.7,87,,348,Standard
South Africa,87,6.8,87,,348,Standard
South Africa,87,6.9,87,,348,Standard
South Africa,87,7,87,,349,Standard
South Africa,93,7.1,93,,366,Standard
South Africa,93,7.2,93,,367,Standard
South Africa,93,7.3,93,,367,Standard
South Africa,93,7.4,93,,367,Standard
South Africa,93,7.5,93,,367,Standard
South Africa,99,7.6,99,,383,Standard
South Africa,99,7.7,99,,383,Standard
South Africa,99,7.8,99,,383,Standard
South Africa,99,7.9,99,,383,Standard
South Africa,99,8,99,,384,Standard
South Africa,104,8.1,104,,399,Standard
South Africa,104,8.2,104,,400,Standard
South Africa,104,8.3,104,,400,Standard
South Africa,104,8.4,104,,400,Standard
South Africa,104,8.5,104,,400,Standard
South Africa,110,8.6,110,,416,Standard
South Africa,110,8.7,110,,416,Standard
South Africa,110,8.8,110,,416,Standard
South Africa,110,8.9,110,,417,Standard
South Africa,110,9,110,,417,Standard
South Africa,115,9.1,115,,433,Standard
South Africa,115,9.2,115,,433,Standard
South Africa,115,9.3,115,,433,Standard
South Africa,115,9.4,115,,433,Standard
South Africa,115,9.5,115,,433,Standard
South Africa,122,9.6,122,,453,Standard
South Africa,122,9.7,122,,453,Standard
South Africa,122,9.8,122,,454,Standard
South Africa,122,9.9,122,,454,Standard
South Africa,122,10,122,,454,Standard
South Georgia,47,0.1,47,,47,Express
South Georgia,47,0.2,47,,47,Express
South Georgia,47,0.3,47,,47,Express
South Georgia,48,0.4,48,,48,Express
South Georgia,48,0.5,48,,48,Express
South Georgia,58,0.6,58,,58,Express
South Georgia,58,0.7,58,,58,Express
South Georgia,58,0.8,58,,58,Express
South Georgia,58,0.9,58,,58,Express
South Georgia,58,1,58,,58,Express
South Georgia,69,1.1,69,,69,Express
South Georgia,69,1.2,69,,69,Express
South Georgia,69,1.3,69,,69,Express
South Georgia,69,1.4,69,,69,Express
South Georgia,69,1.5,69,,69,Express
South Georgia,78,1.6,78,,78,Express
South Georgia,78,1.7,78,,78,Express
South Georgia,79,1.8,79,,79,Express
South Georgia,79,1.9,79,,79,Express
South Georgia,79,2,79,,79,Express
South Georgia,89,2.1,89,,89,Express
South Georgia,89,2.2,89,,89,Express
South Georgia,89,2.3,89,,89,Express
South Georgia,89,2.4,89,,89,Express
South Georgia,89,2.5,89,,89,Express
South Georgia,99,2.6,99,,99,Express
South Georgia,100,2.7,100,,100,Express
South Georgia,100,2.8,100,,100,Express
South Georgia,100,2.9,100,,100,Express
South Georgia,100,3,100,,100,Express
South Georgia,110,3.1,110,,110,Express
South Georgia,110,3.2,110,,110,Express
South Georgia,110,3.3,110,,110,Express
South Georgia,110,3.4,110,,110,Express
South Georgia,111,3.5,111,,111,Express
South Georgia,120,3.6,120,,120,Express
South Georgia,120,3.7,120,,120,Express
South Georgia,120,3.8,120,,120,Express
South Georgia,120,3.9,120,,120,Express
South Georgia,120,4,120,,120,Express
South Georgia,130,4.1,130,,130,Express
South Georgia,131,4.2,131,,131,Express
South Georgia,131,4.3,131,,131,Express
South Georgia,131,4.4,131,,131,Express
South Georgia,131,4.5,131,,131,Express
South Georgia,140,4.6,140,,140,Express
South Georgia,140,4.7,140,,140,Express
South Georgia,141,4.8,141,,141,Express
South Georgia,141,4.9,141,,141,Express
South Georgia,141,5,141,,141,Express
South Georgia,293,5.1,293,,293,Express
South Georgia,293,5.2,293,,293,Express
South Georgia,293,5.3,293,,293,Express
South Georgia,293,5.4,293,,293,Express
South Georgia,294,5.5,294,,294,Express
South Georgia,311,5.6,311,,311,Express
South Georgia,311,5.7,311,,311,Express
South Georgia,312,5.8,312,,312,Express
South Georgia,312,5.9,312,,312,Express
South Georgia,312,6,312,,312,Express
South Georgia,330,6.1,330,,330,Express
South Georgia,330,6.2,330,,330,Express
South Georgia,330,6.3,330,,330,Express
South Georgia,330,6.4,330,,330,Express
South Georgia,331,6.5,331,,331,Express
South Georgia,348,6.6,348,,348,Express
South Georgia,348,6.7,348,,348,Express
South Georgia,348,6.8,348,,348,Express
South Georgia,348,6.9,348,,348,Express
South Georgia,349,7,349,,349,Express
South Georgia,366,7.1,366,,366,Express
South Georgia,367,7.2,367,,367,Express
South Georgia,367,7.3,367,,367,Express
South Georgia,367,7.4,367,,367,Express
South Georgia,367,7.5,367,,367,Express
South Georgia,383,7.6,383,,383,Express
South Georgia,383,7.7,383,,383,Express
South Georgia,383,7.8,383,,383,Express
South Georgia,383,7.9,383,,383,Express
South Georgia,384,8,384,,384,Express
South Georgia,399,8.1,399,,399,Express
South Georgia,400,8.2,400,,400,Express
South Georgia,400,8.3,400,,400,Express
South Georgia,400,8.4,400,,400,Express
South Georgia,400,8.5,400,,400,Express
South Georgia,416,8.6,416,,416,Express
South Georgia,416,8.7,416,,416,Express
South Georgia,416,8.8,416,,416,Express
South Georgia,417,8.9,417,,417,Express
South Georgia,417,9,417,,417,Express
South Georgia,433,9.1,433,,433,Express
South Georgia,433,9.2,433,,433,Express
South Georgia,433,9.3,433,,433,Express
South Georgia,433,9.4,433,,433,Express
South Georgia,433,9.5,433,,433,Express
South Georgia,453,9.6,453,,453,Express
South Georgia,453,9.7,453,,453,Express
South Georgia,454,9.8,454,,454,Express
South Georgia,454,9.9,454,,454,Express
South Georgia,454,10,454,,454,Express
South Sudan,47,0.1,47,,47,Express
South Sudan,47,0.2,47,,47,Express
South Sudan,47,0.3,47,,47,Express
South Sudan,48,0.4,48,,48,Express
South Sudan,48,0.5,48,,48,Express
South Sudan,58,0.6,58,,58,Express
South Sudan,58,0.7,58,,58,Express
South Sudan,58,0.8,58,,58,Express
South Sudan,58,0.9,58,,58,Express
South Sudan,58,1,58,,58,Express
South Sudan,69,1.1,69,,69,Express
South Sudan,69,1.2,69,,69,Express
South Sudan,69,1.3,69,,69,Express
South Sudan,69,1.4,69,,69,Express
South Sudan,69,1.5,69,,69,Express
South Sudan,78,1.6,78,,78,Express
South Sudan,78,1.7,78,,78,Express
South Sudan,79,1.8,79,,79,Express
South Sudan,79,1.9,79,,79,Express
South Sudan,79,2,79,,79,Express
South Sudan,89,2.1,89,,89,Express
South Sudan,89,2.2,89,,89,Express
South Sudan,89,2.3,89,,89,Express
South Sudan,89,2.4,89,,89,Express
South Sudan,89,2.5,89,,89,Express
South Sudan,99,2.6,99,,99,Express
South Sudan,100,2.7,100,,100,Express
South Sudan,100,2.8,100,,100,Express
South Sudan,100,2.9,100,,100,Express
South Sudan,100,3,100,,100,Express
South Sudan,110,3.1,110,,110,Express
South Sudan,110,3.2,110,,110,Express
South Sudan,110,3.3,110,,110,Express
South Sudan,110,3.4,110,,110,Express
South Sudan,111,3.5,111,,111,Express
South Sudan,120,3.6,120,,120,Express
South Sudan,120,3.7,120,,120,Express
South Sudan,120,3.8,120,,120,Express
South Sudan,120,3.9,120,,120,Express
South Sudan,120,4,120,,120,Express
South Sudan,130,4.1,130,,130,Express
South Sudan,131,4.2,131,,131,Express
South Sudan,131,4.3,131,,131,Express
South Sudan,131,4.4,131,,131,Express
South Sudan,131,4.5,131,,131,Express
South Sudan,140,4.6,140,,140,Express
South Sudan,140,4.7,140,,140,Express
South Sudan,141,4.8,141,,141,Express
South Sudan,141,4.9,141,,141,Express
South Sudan,141,5,141,,141,Express
South Sudan,293,5.1,293,,293,Express
South Sudan,293,5.2,293,,293,Express
South Sudan,293,5.3,293,,293,Express
South Sudan,293,5.4,293,,293,Express
South Sudan,294,5.5,294,,294,Express
South Sudan,311,5.6,311,,311,Express
South Sudan,311,5.7,311,,311,Express
South Sudan,312,5.8,312,,312,Express
South Sudan,312,5.9,312,,312,Express
South Sudan,312,6,312,,312,Express
South Sudan,330,6.1,330,,330,Express
South Sudan,330,6.2,330,,330,Express
South Sudan,330,6.3,330,,330,Express
South Sudan,330,6.4,330,,330,Express
South Sudan,331,6.5,331,,331,Express
South Sudan,348,6.6,348,,348,Express
South Sudan,348,6.7,348,,348,Express
South Sudan,348,6.8,348,,348,Express
South Sudan,348,6.9,348,,348,Express
South Sudan,349,7,349,,349,Express
South Sudan,366,7.1,366,,366,Express
South Sudan,367,7.2,367,,367,Express
South Sudan,367,7.3,367,,367,Express
South Sudan,367,7.4,367,,367,Express
South Sudan,367,7.5,367,,367,Express
South Sudan,383,7.6,383,,383,Express
South Sudan,383,7.7,383,,383,Express
South Sudan,383,7.8,383,,383,Express
South Sudan,383,7.9,383,,383,Express
South Sudan,384,8,384,,384,Express
South Sudan,399,8.1,399,,399,Express
South Sudan,400,8.2,400,,400,Express
South Sudan,400,8.3,400,,400,Express
South Sudan,400,8.4,400,,400,Express
South Sudan,400,8.5,400,,400,Express
South Sudan,416,8.6,416,,416,Express
South Sudan,416,8.7,416,,416,Express
South Sudan,416,8.8,416,,416,Express
South Sudan,417,8.9,417,,417,Express
South Sudan,417,9,417,,417,Express
South Sudan,433,9.1,433,,433,Express
South Sudan,433,9.2,433,,433,Express
South Sudan,433,9.3,433,,433,Express
South Sudan,433,9.4,433,,433,Express
South Sudan,433,9.5,433,,433,Express
South Sudan,453,9.6,453,,453,Express
South Sudan,453,9.7,453,,453,Express
South Sudan,454,9.8,454,,454,Express
South Sudan,454,9.9,454,,454,Express
South Sudan,454,10,454,,454,Express
Spain,4,0.1,4,15,30,Standard
Spain,6,0.2,6,15,30,Standard
Spain,7,0.3,7,15,31,Standard
Spain,9,0.4,9,15,31,Standard
Spain,11,0.5,11,15,31,Standard
Spain,12,0.6,12,17,35,Standard
Spain,13,0.7,13,17,35,Standard
Spain,15,0.8,15,18,36,Standard
Spain,16,0.9,16,18,36,Standard
Spain,17,1,17,18,36,Standard
Spain,18,1.1,18,20,40,Standard
Spain,20,1.2,20,20,41,Standard
Spain,21,1.3,21,22,41,Standard
Spain,22,1.4,22,22,41,Standard
Spain,22,1.5,22,22,41,Standard
Spain,24,1.6,24,24,47,Standard
Spain,24,1.7,24,24,47,Standard
Spain,25,1.8,25,25,47,Standard
Spain,25,1.9,25,25,47,Standard
Spain,25,2,25,25,47,Standard
Spain,28,2.1,28,28,53,Standard
Spain,28,2.2,28,28,54,Standard
Spain,28,2.3,28,28,54,Standard
Spain,28,2.4,28,28,54,Standard
Spain,28,2.5,28,28,54,Standard
Spain,31,2.6,31,31,58,Standard
Spain,31,2.7,31,31,58,Standard
Spain,31,2.8,31,31,58,Standard
Spain,31,2.9,31,31,58,Standard
Spain,31,3,31,31,59,Standard
Spain,34,3.1,34,34,64,Standard
Spain,34,3.2,34,34,64,Standard
Spain,34,3.3,34,34,64,Standard
Spain,34,3.4,34,34,65,Standard
Spain,34,3.5,34,34,65,Standard
Spain,39,3.6,39,39,70,Standard
Spain,39,3.7,39,39,70,Standard
Spain,39,3.8,39,39,70,Standard
Spain,39,3.9,39,39,70,Standard
Spain,39,4,39,39,70,Standard
Spain,43,4.1,43,43,76,Standard
Spain,43,4.2,43,43,76,Standard
Spain,43,4.3,43,43,76,Standard
Spain,43,4.4,43,43,76,Standard
Spain,43,4.5,43,43,76,Standard
Spain,47,4.6,47,47,81,Standard
Spain,47,4.7,47,47,81,Standard
Spain,47,4.8,47,47,81,Standard
Spain,47,4.9,47,47,82,Standard
Spain,47,5,47,47,82,Standard
Spain,51,5.1,51,51,126,Standard
Spain,51,5.2,51,51,127,Standard
Spain,51,5.3,51,51,127,Standard
Spain,51,5.4,51,51,127,Standard
Spain,51,5.5,51,51,127,Standard
Spain,54,5.6,54,54,135,Standard
Spain,54,5.7,54,54,135,Standard
Spain,54,5.8,54,54,135,Standard
Spain,54,5.9,54,54,135,Standard
Spain,54,6,54,54,136,Standard
Spain,58,6.1,58,58,144,Standard
Spain,58,6.2,58,58,144,Standard
Spain,58,6.3,58,58,144,Standard
Spain,58,6.4,58,58,144,Standard
Spain,58,6.5,58,58,145,Standard
Spain,61,6.6,61,61,153,Standard
Spain,61,6.7,61,61,153,Standard
Spain,61,6.8,61,61,153,Standard
Spain,61,6.9,61,61,153,Standard
Spain,61,7,61,61,153,Standard
Spain,65,7.1,65,65,162,Standard
Spain,65,7.2,65,65,162,Standard
Spain,65,7.3,65,65,162,Standard
Spain,65,7.4,65,65,162,Standard
Spain,65,7.5,65,65,162,Standard
Spain,68,7.6,68,68,169,Standard
Spain,68,7.7,68,68,170,Standard
Spain,68,7.8,68,68,170,Standard
Spain,68,7.9,68,68,170,Standard
Spain,68,8,68,68,170,Standard
Spain,72,8.1,72,72,177,Standard
Spain,72,8.2,72,72,177,Standard
Spain,72,8.3,72,72,177,Standard
Spain,72,8.4,72,72,177,Standard
Spain,72,8.5,72,72,177,Standard
Spain,76,8.6,76,76,185,Standard
Spain,76,8.7,76,76,185,Standard
Spain,76,8.8,76,76,185,Standard
Spain,76,8.9,76,76,185,Standard
Spain,76,9,76,76,185,Standard
Spain,81,9.1,81,81,192,Standard
Spain,81,9.2,81,81,192,Standard
Spain,81,9.3,81,81,192,Standard
Spain,81,9.4,81,81,193,Standard
Spain,81,9.5,81,81,193,Standard
Spain,85,9.6,85,85,198,Standard
Spain,85,9.7,85,85,199,Standard
Spain,85,9.8,85,85,199,Standard
Spain,85,9.9,85,85,199,Standard
Spain,85,10,85,85,199,Standard
Sri Lanka,32,0.1,32,,32,Express
Sri Lanka,32,0.2,32,,32,Express
Sri Lanka,32,0.3,32,,32,Express
Sri Lanka,32,0.4,32,,32,Express
Sri Lanka,32,0.5,32,,32,Express
Sri Lanka,44,0.6,44,,44,Express
Sri Lanka,44,0.7,44,,44,Express
Sri Lanka,44,0.8,44,,44,Express
Sri Lanka,44,0.9,44,,44,Express
Sri Lanka,44,1,44,,44,Express
Sri Lanka,52,1.1,52,,52,Express
Sri Lanka,52,1.2,52,,52,Express
Sri Lanka,52,1.3,52,,52,Express
Sri Lanka,52,1.4,52,,52,Express
Sri Lanka,52,1.5,52,,52,Express
Sri Lanka,59,1.6,59,,59,Express
Sri Lanka,59,1.7,59,,59,Express
Sri Lanka,59,1.8,59,,59,Express
Sri Lanka,59,1.9,59,,59,Express
Sri Lanka,59,2,59,,59,Express
Sri Lanka,66,2.1,66,,66,Express
Sri Lanka,66,2.2,66,,66,Express
Sri Lanka,66,2.3,66,,66,Express
Sri Lanka,66,2.4,66,,66,Express
Sri Lanka,66,2.5,66,,66,Express
Sri Lanka,69,2.6,69,,69,Express
Sri Lanka,69,2.7,69,,69,Express
Sri Lanka,69,2.8,69,,69,Express
Sri Lanka,69,2.9,69,,69,Express
Sri Lanka,69,3,69,,69,Express
Sri Lanka,76,3.1,76,,76,Express
Sri Lanka,76,3.2,76,,76,Express
Sri Lanka,76,3.3,76,,76,Express
Sri Lanka,76,3.4,76,,76,Express
Sri Lanka,76,3.5,76,,76,Express
Sri Lanka,84,3.6,84,,84,Express
Sri Lanka,84,3.7,84,,84,Express
Sri Lanka,84,3.8,84,,84,Express
Sri Lanka,84,3.9,84,,84,Express
Sri Lanka,84,4,84,,84,Express
Sri Lanka,90,4.1,90,,90,Express
Sri Lanka,90,4.2,90,,90,Express
Sri Lanka,90,4.3,90,,90,Express
Sri Lanka,90,4.4,90,,90,Express
Sri Lanka,90,4.5,90,,90,Express
Sri Lanka,99,4.6,99,,99,Express
Sri Lanka,99,4.7,99,,99,Express
Sri Lanka,99,4.8,99,,99,Express
Sri Lanka,99,4.9,99,,99,Express
Sri Lanka,99,5,99,,99,Express
Sri Lanka,213,5.1,213,,213,Express
Sri Lanka,213,5.2,213,,213,Express
Sri Lanka,213,5.3,213,,213,Express
Sri Lanka,213,5.4,213,,213,Express
Sri Lanka,213,5.5,213,,213,Express
Sri Lanka,228,5.6,228,,228,Express
Sri Lanka,228,5.7,228,,228,Express
Sri Lanka,228,5.8,228,,228,Express
Sri Lanka,228,5.9,228,,228,Express
Sri Lanka,228,6,228,,228,Express
Sri Lanka,243,6.1,243,,243,Express
Sri Lanka,243,6.2,243,,243,Express
Sri Lanka,243,6.3,243,,243,Express
Sri Lanka,243,6.4,243,,243,Express
Sri Lanka,243,6.5,243,,243,Express
Sri Lanka,258,6.6,258,,258,Express
Sri Lanka,258,6.7,258,,258,Express
Sri Lanka,258,6.8,258,,258,Express
Sri Lanka,258,6.9,258,,258,Express
Sri Lanka,258,7,258,,258,Express
Sri Lanka,273,7.1,273,,273,Express
Sri Lanka,273,7.2,273,,273,Express
Sri Lanka,273,7.3,273,,273,Express
Sri Lanka,273,7.4,273,,273,Express
Sri Lanka,273,7.5,273,,273,Express
Sri Lanka,287,7.6,287,,287,Express
Sri Lanka,287,7.7,287,,287,Express
Sri Lanka,287,7.8,287,,287,Express
Sri Lanka,287,7.9,287,,287,Express
Sri Lanka,287,8,287,,287,Express
Sri Lanka,301,8.1,301,,301,Express
Sri Lanka,301,8.2,301,,301,Express
Sri Lanka,301,8.3,301,,301,Express
Sri Lanka,301,8.4,301,,301,Express
Sri Lanka,301,8.5,301,,301,Express
Sri Lanka,315,8.6,315,,315,Express
Sri Lanka,315,8.7,315,,315,Express
Sri Lanka,315,8.8,315,,315,Express
Sri Lanka,315,8.9,315,,315,Express
Sri Lanka,315,9,315,,315,Express
Sri Lanka,328,9.1,328,,328,Express
Sri Lanka,328,9.2,328,,328,Express
Sri Lanka,328,9.3,328,,328,Express
Sri Lanka,328,9.4,328,,328,Express
Sri Lanka,328,9.5,328,,328,Express
Sri Lanka,337,9.6,337,,337,Express
Sri Lanka,337,9.7,337,,337,Express
Sri Lanka,337,9.8,337,,337,Express
Sri Lanka,337,9.9,337,,337,Express
Sri Lanka,337,10,337,,337,Express
St. Barthelemy,47,0.1,47,,47,Express
St. Barthelemy,47,0.2,47,,47,Express
St. Barthelemy,47,0.3,47,,47,Express
St. Barthelemy,48,0.4,48,,48,Express
St. Barthelemy,48,0.5,48,,48,Express
St. Barthelemy,58,0.6,58,,58,Express
St. Barthelemy,58,0.7,58,,58,Express
St. Barthelemy,58,0.8,58,,58,Express
St. Barthelemy,58,0.9,58,,58,Express
St. Barthelemy,58,1,58,,58,Express
St. Barthelemy,69,1.1,69,,69,Express
St. Barthelemy,69,1.2,69,,69,Express
St. Barthelemy,69,1.3,69,,69,Express
St. Barthelemy,69,1.4,69,,69,Express
St. Barthelemy,69,1.5,69,,69,Express
St. Barthelemy,78,1.6,78,,78,Express
St. Barthelemy,78,1.7,78,,78,Express
St. Barthelemy,79,1.8,79,,79,Express
St. Barthelemy,79,1.9,79,,79,Express
St. Barthelemy,79,2,79,,79,Express
St. Barthelemy,89,2.1,89,,89,Express
St. Barthelemy,89,2.2,89,,89,Express
St. Barthelemy,89,2.3,89,,89,Express
St. Barthelemy,89,2.4,89,,89,Express
St. Barthelemy,89,2.5,89,,89,Express
St. Barthelemy,99,2.6,99,,99,Express
St. Barthelemy,100,2.7,100,,100,Express
St. Barthelemy,100,2.8,100,,100,Express
St. Barthelemy,100,2.9,100,,100,Express
St. Barthelemy,100,3,100,,100,Express
St. Barthelemy,110,3.1,110,,110,Express
St. Barthelemy,110,3.2,110,,110,Express
St. Barthelemy,110,3.3,110,,110,Express
St. Barthelemy,110,3.4,110,,110,Express
St. Barthelemy,111,3.5,111,,111,Express
St. Barthelemy,120,3.6,120,,120,Express
St. Barthelemy,120,3.7,120,,120,Express
St. Barthelemy,120,3.8,120,,120,Express
St. Barthelemy,120,3.9,120,,120,Express
St. Barthelemy,120,4,120,,120,Express
St. Barthelemy,130,4.1,130,,130,Express
St. Barthelemy,131,4.2,131,,131,Express
St. Barthelemy,131,4.3,131,,131,Express
St. Barthelemy,131,4.4,131,,131,Express
St. Barthelemy,131,4.5,131,,131,Express
St. Barthelemy,140,4.6,140,,140,Express
St. Barthelemy,140,4.7,140,,140,Express
St. Barthelemy,141,4.8,141,,141,Express
St. Barthelemy,141,4.9,141,,141,Express
St. Barthelemy,141,5,141,,141,Express
St. Barthelemy,293,5.1,293,,293,Express
St. Barthelemy,293,5.2,293,,293,Express
St. Barthelemy,293,5.3,293,,293,Express
St. Barthelemy,293,5.4,293,,293,Express
St. Barthelemy,294,5.5,294,,294,Express
St. Barthelemy,311,5.6,311,,311,Express
St. Barthelemy,311,5.7,311,,311,Express
St. Barthelemy,312,5.8,312,,312,Express
St. Barthelemy,312,5.9,312,,312,Express
St. Barthelemy,312,6,312,,312,Express
St. Barthelemy,330,6.1,330,,330,Express
St. Barthelemy,330,6.2,330,,330,Express
St. Barthelemy,330,6.3,330,,330,Express
St. Barthelemy,330,6.4,330,,330,Express
St. Barthelemy,331,6.5,331,,331,Express
St. Barthelemy,348,6.6,348,,348,Express
St. Barthelemy,348,6.7,348,,348,Express
St. Barthelemy,348,6.8,348,,348,Express
St. Barthelemy,348,6.9,348,,348,Express
St. Barthelemy,349,7,349,,349,Express
St. Barthelemy,366,7.1,366,,366,Express
St. Barthelemy,367,7.2,367,,367,Express
St. Barthelemy,367,7.3,367,,367,Express
St. Barthelemy,367,7.4,367,,367,Express
St. Barthelemy,367,7.5,367,,367,Express
St. Barthelemy,383,7.6,383,,383,Express
St. Barthelemy,383,7.7,383,,383,Express
St. Barthelemy,383,7.8,383,,383,Express
St. Barthelemy,383,7.9,383,,383,Express
St. Barthelemy,384,8,384,,384,Express
St. Barthelemy,399,8.1,399,,399,Express
St. Barthelemy,400,8.2,400,,400,Express
St. Barthelemy,400,8.3,400,,400,Express
St. Barthelemy,400,8.4,400,,400,Express
St. Barthelemy,400,8.5,400,,400,Express
St. Barthelemy,416,8.6,416,,416,Express
St. Barthelemy,416,8.7,416,,416,Express
St. Barthelemy,416,8.8,416,,416,Express
St. Barthelemy,417,8.9,417,,417,Express
St. Barthelemy,417,9,417,,417,Express
St. Barthelemy,433,9.1,433,,433,Express
St. Barthelemy,433,9.2,433,,433,Express
St. Barthelemy,433,9.3,433,,433,Express
St. Barthelemy,433,9.4,433,,433,Express
St. Barthelemy,433,9.5,433,,433,Express
St. Barthelemy,453,9.6,453,,453,Express
St. Barthelemy,453,9.7,453,,453,Express
St. Barthelemy,454,9.8,454,,454,Express
St. Barthelemy,454,9.9,454,,454,Express
St. Barthelemy,454,10,454,,454,Express
St. Eustatius,47,0.1,47,,47,Express
St. Eustatius,47,0.2,47,,47,Express
St. Eustatius,47,0.3,47,,47,Express
St. Eustatius,48,0.4,48,,48,Express
St. Eustatius,48,0.5,48,,48,Express
St. Eustatius,58,0.6,58,,58,Express
St. Eustatius,58,0.7,58,,58,Express
St. Eustatius,58,0.8,58,,58,Express
St. Eustatius,58,0.9,58,,58,Express
St. Eustatius,58,1,58,,58,Express
St. Eustatius,69,1.1,69,,69,Express
St. Eustatius,69,1.2,69,,69,Express
St. Eustatius,69,1.3,69,,69,Express
St. Eustatius,69,1.4,69,,69,Express
St. Eustatius,69,1.5,69,,69,Express
St. Eustatius,78,1.6,78,,78,Express
St. Eustatius,78,1.7,78,,78,Express
St. Eustatius,79,1.8,79,,79,Express
St. Eustatius,79,1.9,79,,79,Express
St. Eustatius,79,2,79,,79,Express
St. Eustatius,89,2.1,89,,89,Express
St. Eustatius,89,2.2,89,,89,Express
St. Eustatius,89,2.3,89,,89,Express
St. Eustatius,89,2.4,89,,89,Express
St. Eustatius,89,2.5,89,,89,Express
St. Eustatius,99,2.6,99,,99,Express
St. Eustatius,100,2.7,100,,100,Express
St. Eustatius,100,2.8,100,,100,Express
St. Eustatius,100,2.9,100,,100,Express
St. Eustatius,100,3,100,,100,Express
St. Eustatius,110,3.1,110,,110,Express
St. Eustatius,110,3.2,110,,110,Express
St. Eustatius,110,3.3,110,,110,Express
St. Eustatius,110,3.4,110,,110,Express
St. Eustatius,111,3.5,111,,111,Express
St. Eustatius,120,3.6,120,,120,Express
St. Eustatius,120,3.7,120,,120,Express
St. Eustatius,120,3.8,120,,120,Express
St. Eustatius,120,3.9,120,,120,Express
St. Eustatius,120,4,120,,120,Express
St. Eustatius,130,4.1,130,,130,Express
St. Eustatius,131,4.2,131,,131,Express
St. Eustatius,131,4.3,131,,131,Express
St. Eustatius,131,4.4,131,,131,Express
St. Eustatius,131,4.5,131,,131,Express
St. Eustatius,140,4.6,140,,140,Express
St. Eustatius,140,4.7,140,,140,Express
St. Eustatius,141,4.8,141,,141,Express
St. Eustatius,141,4.9,141,,141,Express
St. Eustatius,141,5,141,,141,Express
St. Eustatius,293,5.1,293,,293,Express
St. Eustatius,293,5.2,293,,293,Express
St. Eustatius,293,5.3,293,,293,Express
St. Eustatius,293,5.4,293,,293,Express
St. Eustatius,294,5.5,294,,294,Express
St. Eustatius,311,5.6,311,,311,Express
St. Eustatius,311,5.7,311,,311,Express
St. Eustatius,312,5.8,312,,312,Express
St. Eustatius,312,5.9,312,,312,Express
St. Eustatius,312,6,312,,312,Express
St. Eustatius,330,6.1,330,,330,Express
St. Eustatius,330,6.2,330,,330,Express
St. Eustatius,330,6.3,330,,330,Express
St. Eustatius,330,6.4,330,,330,Express
St. Eustatius,331,6.5,331,,331,Express
St. Eustatius,348,6.6,348,,348,Express
St. Eustatius,348,6.7,348,,348,Express
St. Eustatius,348,6.8,348,,348,Express
St. Eustatius,348,6.9,348,,348,Express
St. Eustatius,349,7,349,,349,Express
St. Eustatius,366,7.1,366,,366,Express
St. Eustatius,367,7.2,367,,367,Express
St. Eustatius,367,7.3,367,,367,Express
St. Eustatius,367,7.4,367,,367,Express
St. Eustatius,367,7.5,367,,367,Express
St. Eustatius,383,7.6,383,,383,Express
St. Eustatius,383,7.7,383,,383,Express
St. Eustatius,383,7.8,383,,383,Express
St. Eustatius,383,7.9,383,,383,Express
St. Eustatius,384,8,384,,384,Express
St. Eustatius,399,8.1,399,,399,Express
St. Eustatius,400,8.2,400,,400,Express
St. Eustatius,400,8.3,400,,400,Express
St. Eustatius,400,8.4,400,,400,Express
St. Eustatius,400,8.5,400,,400,Express
St. Eustatius,416,8.6,416,,416,Express
St. Eustatius,416,8.7,416,,416,Express
St. Eustatius,416,8.8,416,,416,Express
St. Eustatius,417,8.9,417,,417,Express
St. Eustatius,417,9,417,,417,Express
St. Eustatius,433,9.1,433,,433,Express
St. Eustatius,433,9.2,433,,433,Express
St. Eustatius,433,9.3,433,,433,Express
St. Eustatius,433,9.4,433,,433,Express
St. Eustatius,433,9.5,433,,433,Express
St. Eustatius,453,9.6,453,,453,Express
St. Eustatius,453,9.7,453,,453,Express
St. Eustatius,454,9.8,454,,454,Express
St. Eustatius,454,9.9,454,,454,Express
St. Eustatius,454,10,454,,454,Express
St. Helena,47,0.1,47,,47,Express
St. Helena,47,0.2,47,,47,Express
St. Helena,47,0.3,47,,47,Express
St. Helena,48,0.4,48,,48,Express
St. Helena,48,0.5,48,,48,Express
St. Helena,58,0.6,58,,58,Express
St. Helena,58,0.7,58,,58,Express
St. Helena,58,0.8,58,,58,Express
St. Helena,58,0.9,58,,58,Express
St. Helena,58,1,58,,58,Express
St. Helena,69,1.1,69,,69,Express
St. Helena,69,1.2,69,,69,Express
St. Helena,69,1.3,69,,69,Express
St. Helena,69,1.4,69,,69,Express
St. Helena,69,1.5,69,,69,Express
St. Helena,78,1.6,78,,78,Express
St. Helena,78,1.7,78,,78,Express
St. Helena,79,1.8,79,,79,Express
St. Helena,79,1.9,79,,79,Express
St. Helena,79,2,79,,79,Express
St. Helena,89,2.1,89,,89,Express
St. Helena,89,2.2,89,,89,Express
St. Helena,89,2.3,89,,89,Express
St. Helena,89,2.4,89,,89,Express
St. Helena,89,2.5,89,,89,Express
St. Helena,99,2.6,99,,99,Express
St. Helena,100,2.7,100,,100,Express
St. Helena,100,2.8,100,,100,Express
St. Helena,100,2.9,100,,100,Express
St. Helena,100,3,100,,100,Express
St. Helena,110,3.1,110,,110,Express
St. Helena,110,3.2,110,,110,Express
St. Helena,110,3.3,110,,110,Express
St. Helena,110,3.4,110,,110,Express
St. Helena,111,3.5,111,,111,Express
St. Helena,120,3.6,120,,120,Express
St. Helena,120,3.7,120,,120,Express
St. Helena,120,3.8,120,,120,Express
St. Helena,120,3.9,120,,120,Express
St. Helena,120,4,120,,120,Express
St. Helena,130,4.1,130,,130,Express
St. Helena,131,4.2,131,,131,Express
St. Helena,131,4.3,131,,131,Express
St. Helena,131,4.4,131,,131,Express
St. Helena,131,4.5,131,,131,Express
St. Helena,140,4.6,140,,140,Express
St. Helena,140,4.7,140,,140,Express
St. Helena,141,4.8,141,,141,Express
St. Helena,141,4.9,141,,141,Express
St. Helena,141,5,141,,141,Express
St. Helena,293,5.1,293,,293,Express
St. Helena,293,5.2,293,,293,Express
St. Helena,293,5.3,293,,293,Express
St. Helena,293,5.4,293,,293,Express
St. Helena,294,5.5,294,,294,Express
St. Helena,311,5.6,311,,311,Express
St. Helena,311,5.7,311,,311,Express
St. Helena,312,5.8,312,,312,Express
St. Helena,312,5.9,312,,312,Express
St. Helena,312,6,312,,312,Express
St. Helena,330,6.1,330,,330,Express
St. Helena,330,6.2,330,,330,Express
St. Helena,330,6.3,330,,330,Express
St. Helena,330,6.4,330,,330,Express
St. Helena,331,6.5,331,,331,Express
St. Helena,348,6.6,348,,348,Express
St. Helena,348,6.7,348,,348,Express
St. Helena,348,6.8,348,,348,Express
St. Helena,348,6.9,348,,348,Express
St. Helena,349,7,349,,349,Express
St. Helena,366,7.1,366,,366,Express
St. Helena,367,7.2,367,,367,Express
St. Helena,367,7.3,367,,367,Express
St. Helena,367,7.4,367,,367,Express
St. Helena,367,7.5,367,,367,Express
St. Helena,383,7.6,383,,383,Express
St. Helena,383,7.7,383,,383,Express
St. Helena,383,7.8,383,,383,Express
St. Helena,383,7.9,383,,383,Express
St. Helena,384,8,384,,384,Express
St. Helena,399,8.1,399,,399,Express
St. Helena,400,8.2,400,,400,Express
St. Helena,400,8.3,400,,400,Express
St. Helena,400,8.4,400,,400,Express
St. Helena,400,8.5,400,,400,Express
St. Helena,416,8.6,416,,416,Express
St. Helena,416,8.7,416,,416,Express
St. Helena,416,8.8,416,,416,Express
St. Helena,417,8.9,417,,417,Express
St. Helena,417,9,417,,417,Express
St. Helena,433,9.1,433,,433,Express
St. Helena,433,9.2,433,,433,Express
St. Helena,433,9.3,433,,433,Express
St. Helena,433,9.4,433,,433,Express
St. Helena,433,9.5,433,,433,Express
St. Helena,453,9.6,453,,453,Express
St. Helena,453,9.7,453,,453,Express
St. Helena,454,9.8,454,,454,Express
St. Helena,454,9.9,454,,454,Express
St. Helena,454,10,454,,454,Express
St. Kitts,47,0.1,47,,47,Express
St. Kitts,47,0.2,47,,47,Express
St. Kitts,47,0.3,47,,47,Express
St. Kitts,48,0.4,48,,48,Express
St. Kitts,48,0.5,48,,48,Express
St. Kitts,58,0.6,58,,58,Express
St. Kitts,58,0.7,58,,58,Express
St. Kitts,58,0.8,58,,58,Express
St. Kitts,58,0.9,58,,58,Express
St. Kitts,58,1,58,,58,Express
St. Kitts,69,1.1,69,,69,Express
St. Kitts,69,1.2,69,,69,Express
St. Kitts,69,1.3,69,,69,Express
St. Kitts,69,1.4,69,,69,Express
St. Kitts,69,1.5,69,,69,Express
St. Kitts,78,1.6,78,,78,Express
St. Kitts,78,1.7,78,,78,Express
St. Kitts,79,1.8,79,,79,Express
St. Kitts,79,1.9,79,,79,Express
St. Kitts,79,2,79,,79,Express
St. Kitts,89,2.1,89,,89,Express
St. Kitts,89,2.2,89,,89,Express
St. Kitts,89,2.3,89,,89,Express
St. Kitts,89,2.4,89,,89,Express
St. Kitts,89,2.5,89,,89,Express
St. Kitts,99,2.6,99,,99,Express
St. Kitts,100,2.7,100,,100,Express
St. Kitts,100,2.8,100,,100,Express
St. Kitts,100,2.9,100,,100,Express
St. Kitts,100,3,100,,100,Express
St. Kitts,110,3.1,110,,110,Express
St. Kitts,110,3.2,110,,110,Express
St. Kitts,110,3.3,110,,110,Express
St. Kitts,110,3.4,110,,110,Express
St. Kitts,111,3.5,111,,111,Express
St. Kitts,120,3.6,120,,120,Express
St. Kitts,120,3.7,120,,120,Express
St. Kitts,120,3.8,120,,120,Express
St. Kitts,120,3.9,120,,120,Express
St. Kitts,120,4,120,,120,Express
St. Kitts,130,4.1,130,,130,Express
St. Kitts,131,4.2,131,,131,Express
St. Kitts,131,4.3,131,,131,Express
St. Kitts,131,4.4,131,,131,Express
St. Kitts,131,4.5,131,,131,Express
St. Kitts,140,4.6,140,,140,Express
St. Kitts,140,4.7,140,,140,Express
St. Kitts,141,4.8,141,,141,Express
St. Kitts,141,4.9,141,,141,Express
St. Kitts,141,5,141,,141,Express
St. Kitts,293,5.1,293,,293,Express
St. Kitts,293,5.2,293,,293,Express
St. Kitts,293,5.3,293,,293,Express
St. Kitts,293,5.4,293,,293,Express
St. Kitts,294,5.5,294,,294,Express
St. Kitts,311,5.6,311,,311,Express
St. Kitts,311,5.7,311,,311,Express
St. Kitts,312,5.8,312,,312,Express
St. Kitts,312,5.9,312,,312,Express
St. Kitts,312,6,312,,312,Express
St. Kitts,330,6.1,330,,330,Express
St. Kitts,330,6.2,330,,330,Express
St. Kitts,330,6.3,330,,330,Express
St. Kitts,330,6.4,330,,330,Express
St. Kitts,331,6.5,331,,331,Express
St. Kitts,348,6.6,348,,348,Express
St. Kitts,348,6.7,348,,348,Express
St. Kitts,348,6.8,348,,348,Express
St. Kitts,348,6.9,348,,348,Express
St. Kitts,349,7,349,,349,Express
St. Kitts,366,7.1,366,,366,Express
St. Kitts,367,7.2,367,,367,Express
St. Kitts,367,7.3,367,,367,Express
St. Kitts,367,7.4,367,,367,Express
St. Kitts,367,7.5,367,,367,Express
St. Kitts,383,7.6,383,,383,Express
St. Kitts,383,7.7,383,,383,Express
St. Kitts,383,7.8,383,,383,Express
St. Kitts,383,7.9,383,,383,Express
St. Kitts,384,8,384,,384,Express
St. Kitts,399,8.1,399,,399,Express
St. Kitts,400,8.2,400,,400,Express
St. Kitts,400,8.3,400,,400,Express
St. Kitts,400,8.4,400,,400,Express
St. Kitts,400,8.5,400,,400,Express
St. Kitts,416,8.6,416,,416,Express
St. Kitts,416,8.7,416,,416,Express
St. Kitts,416,8.8,416,,416,Express
St. Kitts,417,8.9,417,,417,Express
St. Kitts,417,9,417,,417,Express
St. Kitts,433,9.1,433,,433,Express
St. Kitts,433,9.2,433,,433,Express
St. Kitts,433,9.3,433,,433,Express
St. Kitts,433,9.4,433,,433,Express
St. Kitts,433,9.5,433,,433,Express
St. Kitts,453,9.6,453,,453,Express
St. Kitts,453,9.7,453,,453,Express
St. Kitts,454,9.8,454,,454,Express
St. Kitts,454,9.9,454,,454,Express
St. Kitts,454,10,454,,454,Express
St. Lucia,47,0.1,47,,47,Express
St. Lucia,47,0.2,47,,47,Express
St. Lucia,47,0.3,47,,47,Express
St. Lucia,48,0.4,48,,48,Express
St. Lucia,48,0.5,48,,48,Express
St. Lucia,58,0.6,58,,58,Express
St. Lucia,58,0.7,58,,58,Express
St. Lucia,58,0.8,58,,58,Express
St. Lucia,58,0.9,58,,58,Express
St. Lucia,58,1,58,,58,Express
St. Lucia,69,1.1,69,,69,Express
St. Lucia,69,1.2,69,,69,Express
St. Lucia,69,1.3,69,,69,Express
St. Lucia,69,1.4,69,,69,Express
St. Lucia,69,1.5,69,,69,Express
St. Lucia,78,1.6,78,,78,Express
St. Lucia,78,1.7,78,,78,Express
St. Lucia,79,1.8,79,,79,Express
St. Lucia,79,1.9,79,,79,Express
St. Lucia,79,2,79,,79,Express
St. Lucia,89,2.1,89,,89,Express
St. Lucia,89,2.2,89,,89,Express
St. Lucia,89,2.3,89,,89,Express
St. Lucia,89,2.4,89,,89,Express
St. Lucia,89,2.5,89,,89,Express
St. Lucia,99,2.6,99,,99,Express
St. Lucia,100,2.7,100,,100,Express
St. Lucia,100,2.8,100,,100,Express
St. Lucia,100,2.9,100,,100,Express
St. Lucia,100,3,100,,100,Express
St. Lucia,110,3.1,110,,110,Express
St. Lucia,110,3.2,110,,110,Express
St. Lucia,110,3.3,110,,110,Express
St. Lucia,110,3.4,110,,110,Express
St. Lucia,111,3.5,111,,111,Express
St. Lucia,120,3.6,120,,120,Express
St. Lucia,120,3.7,120,,120,Express
St. Lucia,120,3.8,120,,120,Express
St. Lucia,120,3.9,120,,120,Express
St. Lucia,120,4,120,,120,Express
St. Lucia,130,4.1,130,,130,Express
St. Lucia,131,4.2,131,,131,Express
St. Lucia,131,4.3,131,,131,Express
St. Lucia,131,4.4,131,,131,Express
St. Lucia,131,4.5,131,,131,Express
St. Lucia,140,4.6,140,,140,Express
St. Lucia,140,4.7,140,,140,Express
St. Lucia,141,4.8,141,,141,Express
St. Lucia,141,4.9,141,,141,Express
St. Lucia,141,5,141,,141,Express
St. Lucia,293,5.1,293,,293,Express
St. Lucia,293,5.2,293,,293,Express
St. Lucia,293,5.3,293,,293,Express
St. Lucia,293,5.4,293,,293,Express
St. Lucia,294,5.5,294,,294,Express
St. Lucia,311,5.6,311,,311,Express
St. Lucia,311,5.7,311,,311,Express
St. Lucia,312,5.8,312,,312,Express
St. Lucia,312,5.9,312,,312,Express
St. Lucia,312,6,312,,312,Express
St. Lucia,330,6.1,330,,330,Express
St. Lucia,330,6.2,330,,330,Express
St. Lucia,330,6.3,330,,330,Express
St. Lucia,330,6.4,330,,330,Express
St. Lucia,331,6.5,331,,331,Express
St. Lucia,348,6.6,348,,348,Express
St. Lucia,348,6.7,348,,348,Express
St. Lucia,348,6.8,348,,348,Express
St. Lucia,348,6.9,348,,348,Express
St. Lucia,349,7,349,,349,Express
St. Lucia,366,7.1,366,,366,Express
St. Lucia,367,7.2,367,,367,Express
St. Lucia,367,7.3,367,,367,Express
St. Lucia,367,7.4,367,,367,Express
St. Lucia,367,7.5,367,,367,Express
St. Lucia,383,7.6,383,,383,Express
St. Lucia,383,7.7,383,,383,Express
St. Lucia,383,7.8,383,,383,Express
St. Lucia,383,7.9,383,,383,Express
St. Lucia,384,8,384,,384,Express
St. Lucia,399,8.1,399,,399,Express
St. Lucia,400,8.2,400,,400,Express
St. Lucia,400,8.3,400,,400,Express
St. Lucia,400,8.4,400,,400,Express
St. Lucia,400,8.5,400,,400,Express
St. Lucia,416,8.6,416,,416,Express
St. Lucia,416,8.7,416,,416,Express
St. Lucia,416,8.8,416,,416,Express
St. Lucia,417,8.9,417,,417,Express
St. Lucia,417,9,417,,417,Express
St. Lucia,433,9.1,433,,433,Express
St. Lucia,433,9.2,433,,433,Express
St. Lucia,433,9.3,433,,433,Express
St. Lucia,433,9.4,433,,433,Express
St. Lucia,433,9.5,433,,433,Express
St. Lucia,453,9.6,453,,453,Express
St. Lucia,453,9.7,453,,453,Express
St. Lucia,454,9.8,454,,454,Express
St. Lucia,454,9.9,454,,454,Express
St. Lucia,454,10,454,,454,Express
St. Maarten,47,0.1,47,,47,Express
St. Maarten,47,0.2,47,,47,Express
St. Maarten,47,0.3,47,,47,Express
St. Maarten,48,0.4,48,,48,Express
St. Maarten,48,0.5,48,,48,Express
St. Maarten,58,0.6,58,,58,Express
St. Maarten,58,0.7,58,,58,Express
St. Maarten,58,0.8,58,,58,Express
St. Maarten,58,0.9,58,,58,Express
St. Maarten,58,1,58,,58,Express
St. Maarten,69,1.1,69,,69,Express
St. Maarten,69,1.2,69,,69,Express
St. Maarten,69,1.3,69,,69,Express
St. Maarten,69,1.4,69,,69,Express
St. Maarten,69,1.5,69,,69,Express
St. Maarten,78,1.6,78,,78,Express
St. Maarten,78,1.7,78,,78,Express
St. Maarten,79,1.8,79,,79,Express
St. Maarten,79,1.9,79,,79,Express
St. Maarten,79,2,79,,79,Express
St. Maarten,89,2.1,89,,89,Express
St. Maarten,89,2.2,89,,89,Express
St. Maarten,89,2.3,89,,89,Express
St. Maarten,89,2.4,89,,89,Express
St. Maarten,89,2.5,89,,89,Express
St. Maarten,99,2.6,99,,99,Express
St. Maarten,100,2.7,100,,100,Express
St. Maarten,100,2.8,100,,100,Express
St. Maarten,100,2.9,100,,100,Express
St. Maarten,100,3,100,,100,Express
St. Maarten,110,3.1,110,,110,Express
St. Maarten,110,3.2,110,,110,Express
St. Maarten,110,3.3,110,,110,Express
St. Maarten,110,3.4,110,,110,Express
St. Maarten,111,3.5,111,,111,Express
St. Maarten,120,3.6,120,,120,Express
St. Maarten,120,3.7,120,,120,Express
St. Maarten,120,3.8,120,,120,Express
St. Maarten,120,3.9,120,,120,Express
St. Maarten,120,4,120,,120,Express
St. Maarten,130,4.1,130,,130,Express
St. Maarten,131,4.2,131,,131,Express
St. Maarten,131,4.3,131,,131,Express
St. Maarten,131,4.4,131,,131,Express
St. Maarten,131,4.5,131,,131,Express
St. Maarten,140,4.6,140,,140,Express
St. Maarten,140,4.7,140,,140,Express
St. Maarten,141,4.8,141,,141,Express
St. Maarten,141,4.9,141,,141,Express
St. Maarten,141,5,141,,141,Express
St. Maarten,293,5.1,293,,293,Express
St. Maarten,293,5.2,293,,293,Express
St. Maarten,293,5.3,293,,293,Express
St. Maarten,293,5.4,293,,293,Express
St. Maarten,294,5.5,294,,294,Express
St. Maarten,311,5.6,311,,311,Express
St. Maarten,311,5.7,311,,311,Express
St. Maarten,312,5.8,312,,312,Express
St. Maarten,312,5.9,312,,312,Express
St. Maarten,312,6,312,,312,Express
St. Maarten,330,6.1,330,,330,Express
St. Maarten,330,6.2,330,,330,Express
St. Maarten,330,6.3,330,,330,Express
St. Maarten,330,6.4,330,,330,Express
St. Maarten,331,6.5,331,,331,Express
St. Maarten,348,6.6,348,,348,Express
St. Maarten,348,6.7,348,,348,Express
St. Maarten,348,6.8,348,,348,Express
St. Maarten,348,6.9,348,,348,Express
St. Maarten,349,7,349,,349,Express
St. Maarten,366,7.1,366,,366,Express
St. Maarten,367,7.2,367,,367,Express
St. Maarten,367,7.3,367,,367,Express
St. Maarten,367,7.4,367,,367,Express
St. Maarten,367,7.5,367,,367,Express
St. Maarten,383,7.6,383,,383,Express
St. Maarten,383,7.7,383,,383,Express
St. Maarten,383,7.8,383,,383,Express
St. Maarten,383,7.9,383,,383,Express
St. Maarten,384,8,384,,384,Express
St. Maarten,399,8.1,399,,399,Express
St. Maarten,400,8.2,400,,400,Express
St. Maarten,400,8.3,400,,400,Express
St. Maarten,400,8.4,400,,400,Express
St. Maarten,400,8.5,400,,400,Express
St. Maarten,416,8.6,416,,416,Express
St. Maarten,416,8.7,416,,416,Express
St. Maarten,416,8.8,416,,416,Express
St. Maarten,417,8.9,417,,417,Express
St. Maarten,417,9,417,,417,Express
St. Maarten,433,9.1,433,,433,Express
St. Maarten,433,9.2,433,,433,Express
St. Maarten,433,9.3,433,,433,Express
St. Maarten,433,9.4,433,,433,Express
St. Maarten,433,9.5,433,,433,Express
St. Maarten,453,9.6,453,,453,Express
St. Maarten,453,9.7,453,,453,Express
St. Maarten,454,9.8,454,,454,Express
St. Maarten,454,9.9,454,,454,Express
St. Maarten,454,10,454,,454,Express
St. Vincent,47,0.1,47,,47,Express
St. Vincent,47,0.2,47,,47,Express
St. Vincent,47,0.3,47,,47,Express
St. Vincent,48,0.4,48,,48,Express
St. Vincent,48,0.5,48,,48,Express
St. Vincent,58,0.6,58,,58,Express
St. Vincent,58,0.7,58,,58,Express
St. Vincent,58,0.8,58,,58,Express
St. Vincent,58,0.9,58,,58,Express
St. Vincent,58,1,58,,58,Express
St. Vincent,69,1.1,69,,69,Express
St. Vincent,69,1.2,69,,69,Express
St. Vincent,69,1.3,69,,69,Express
St. Vincent,69,1.4,69,,69,Express
St. Vincent,69,1.5,69,,69,Express
St. Vincent,78,1.6,78,,78,Express
St. Vincent,78,1.7,78,,78,Express
St. Vincent,79,1.8,79,,79,Express
St. Vincent,79,1.9,79,,79,Express
St. Vincent,79,2,79,,79,Express
St. Vincent,89,2.1,89,,89,Express
St. Vincent,89,2.2,89,,89,Express
St. Vincent,89,2.3,89,,89,Express
St. Vincent,89,2.4,89,,89,Express
St. Vincent,89,2.5,89,,89,Express
St. Vincent,99,2.6,99,,99,Express
St. Vincent,100,2.7,100,,100,Express
St. Vincent,100,2.8,100,,100,Express
St. Vincent,100,2.9,100,,100,Express
St. Vincent,100,3,100,,100,Express
St. Vincent,110,3.1,110,,110,Express
St. Vincent,110,3.2,110,,110,Express
St. Vincent,110,3.3,110,,110,Express
St. Vincent,110,3.4,110,,110,Express
St. Vincent,111,3.5,111,,111,Express
St. Vincent,120,3.6,120,,120,Express
St. Vincent,120,3.7,120,,120,Express
St. Vincent,120,3.8,120,,120,Express
St. Vincent,120,3.9,120,,120,Express
St. Vincent,120,4,120,,120,Express
St. Vincent,130,4.1,130,,130,Express
St. Vincent,131,4.2,131,,131,Express
St. Vincent,131,4.3,131,,131,Express
St. Vincent,131,4.4,131,,131,Express
St. Vincent,131,4.5,131,,131,Express
St. Vincent,140,4.6,140,,140,Express
St. Vincent,140,4.7,140,,140,Express
St. Vincent,141,4.8,141,,141,Express
St. Vincent,141,4.9,141,,141,Express
St. Vincent,141,5,141,,141,Express
St. Vincent,293,5.1,293,,293,Express
St. Vincent,293,5.2,293,,293,Express
St. Vincent,293,5.3,293,,293,Express
St. Vincent,293,5.4,293,,293,Express
St. Vincent,294,5.5,294,,294,Express
St. Vincent,311,5.6,311,,311,Express
St. Vincent,311,5.7,311,,311,Express
St. Vincent,312,5.8,312,,312,Express
St. Vincent,312,5.9,312,,312,Express
St. Vincent,312,6,312,,312,Express
St. Vincent,330,6.1,330,,330,Express
St. Vincent,330,6.2,330,,330,Express
St. Vincent,330,6.3,330,,330,Express
St. Vincent,330,6.4,330,,330,Express
St. Vincent,331,6.5,331,,331,Express
St. Vincent,348,6.6,348,,348,Express
St. Vincent,348,6.7,348,,348,Express
St. Vincent,348,6.8,348,,348,Express
St. Vincent,348,6.9,348,,348,Express
St. Vincent,349,7,349,,349,Express
St. Vincent,366,7.1,366,,366,Express
St. Vincent,367,7.2,367,,367,Express
St. Vincent,367,7.3,367,,367,Express
St. Vincent,367,7.4,367,,367,Express
St. Vincent,367,7.5,367,,367,Express
St. Vincent,383,7.6,383,,383,Express
St. Vincent,383,7.7,383,,383,Express
St. Vincent,383,7.8,383,,383,Express
St. Vincent,383,7.9,383,,383,Express
St. Vincent,384,8,384,,384,Express
St. Vincent,399,8.1,399,,399,Express
St. Vincent,400,8.2,400,,400,Express
St. Vincent,400,8.3,400,,400,Express
St. Vincent,400,8.4,400,,400,Express
St. Vincent,400,8.5,400,,400,Express
St. Vincent,416,8.6,416,,416,Express
St. Vincent,416,8.7,416,,416,Express
St. Vincent,416,8.8,416,,416,Express
St. Vincent,417,8.9,417,,417,Express
St. Vincent,417,9,417,,417,Express
St. Vincent,433,9.1,433,,433,Express
St. Vincent,433,9.2,433,,433,Express
St. Vincent,433,9.3,433,,433,Express
St. Vincent,433,9.4,433,,433,Express
St. Vincent,433,9.5,433,,433,Express
St. Vincent,453,9.6,453,,453,Express
St. Vincent,453,9.7,453,,453,Express
St. Vincent,454,9.8,454,,454,Express
St. Vincent,454,9.9,454,,454,Express
St. Vincent,454,10,454,,454,Express
Sudan,47,0.1,47,,47,Express
Sudan,47,0.2,47,,47,Express
Sudan,47,0.3,47,,47,Express
Sudan,48,0.4,48,,48,Express
Sudan,48,0.5,48,,48,Express
Sudan,58,0.6,58,,58,Express
Sudan,58,0.7,58,,58,Express
Sudan,58,0.8,58,,58,Express
Sudan,58,0.9,58,,58,Express
Sudan,58,1,58,,58,Express
Sudan,69,1.1,69,,69,Express
Sudan,69,1.2,69,,69,Express
Sudan,69,1.3,69,,69,Express
Sudan,69,1.4,69,,69,Express
Sudan,69,1.5,69,,69,Express
Sudan,78,1.6,78,,78,Express
Sudan,78,1.7,78,,78,Express
Sudan,79,1.8,79,,79,Express
Sudan,79,1.9,79,,79,Express
Sudan,79,2,79,,79,Express
Sudan,89,2.1,89,,89,Express
Sudan,89,2.2,89,,89,Express
Sudan,89,2.3,89,,89,Express
Sudan,89,2.4,89,,89,Express
Sudan,89,2.5,89,,89,Express
Sudan,99,2.6,99,,99,Express
Sudan,100,2.7,100,,100,Express
Sudan,100,2.8,100,,100,Express
Sudan,100,2.9,100,,100,Express
Sudan,100,3,100,,100,Express
Sudan,110,3.1,110,,110,Express
Sudan,110,3.2,110,,110,Express
Sudan,110,3.3,110,,110,Express
Sudan,110,3.4,110,,110,Express
Sudan,111,3.5,111,,111,Express
Sudan,120,3.6,120,,120,Express
Sudan,120,3.7,120,,120,Express
Sudan,120,3.8,120,,120,Express
Sudan,120,3.9,120,,120,Express
Sudan,120,4,120,,120,Express
Sudan,130,4.1,130,,130,Express
Sudan,131,4.2,131,,131,Express
Sudan,131,4.3,131,,131,Express
Sudan,131,4.4,131,,131,Express
Sudan,131,4.5,131,,131,Express
Sudan,140,4.6,140,,140,Express
Sudan,140,4.7,140,,140,Express
Sudan,141,4.8,141,,141,Express
Sudan,141,4.9,141,,141,Express
Sudan,141,5,141,,141,Express
Sudan,293,5.1,293,,293,Express
Sudan,293,5.2,293,,293,Express
Sudan,293,5.3,293,,293,Express
Sudan,293,5.4,293,,293,Express
Sudan,294,5.5,294,,294,Express
Sudan,311,5.6,311,,311,Express
Sudan,311,5.7,311,,311,Express
Sudan,312,5.8,312,,312,Express
Sudan,312,5.9,312,,312,Express
Sudan,312,6,312,,312,Express
Sudan,330,6.1,330,,330,Express
Sudan,330,6.2,330,,330,Express
Sudan,330,6.3,330,,330,Express
Sudan,330,6.4,330,,330,Express
Sudan,331,6.5,331,,331,Express
Sudan,348,6.6,348,,348,Express
Sudan,348,6.7,348,,348,Express
Sudan,348,6.8,348,,348,Express
Sudan,348,6.9,348,,348,Express
Sudan,349,7,349,,349,Express
Sudan,366,7.1,366,,366,Express
Sudan,367,7.2,367,,367,Express
Sudan,367,7.3,367,,367,Express
Sudan,367,7.4,367,,367,Express
Sudan,367,7.5,367,,367,Express
Sudan,383,7.6,383,,383,Express
Sudan,383,7.7,383,,383,Express
Sudan,383,7.8,383,,383,Express
Sudan,383,7.9,383,,383,Express
Sudan,384,8,384,,384,Express
Sudan,399,8.1,399,,399,Express
Sudan,400,8.2,400,,400,Express
Sudan,400,8.3,400,,400,Express
Sudan,400,8.4,400,,400,Express
Sudan,400,8.5,400,,400,Express
Sudan,416,8.6,416,,416,Express
Sudan,416,8.7,416,,416,Express
Sudan,416,8.8,416,,416,Express
Sudan,417,8.9,417,,417,Express
Sudan,417,9,417,,417,Express
Sudan,433,9.1,433,,433,Express
Sudan,433,9.2,433,,433,Express
Sudan,433,9.3,433,,433,Express
Sudan,433,9.4,433,,433,Express
Sudan,433,9.5,433,,433,Express
Sudan,453,9.6,453,,453,Express
Sudan,453,9.7,453,,453,Express
Sudan,454,9.8,454,,454,Express
Sudan,454,9.9,454,,454,Express
Sudan,454,10,454,,454,Express
Suriname,47,0.1,47,,47,Express
Suriname,47,0.2,47,,47,Express
Suriname,47,0.3,47,,47,Express
Suriname,48,0.4,48,,48,Express
Suriname,48,0.5,48,,48,Express
Suriname,58,0.6,58,,58,Express
Suriname,58,0.7,58,,58,Express
Suriname,58,0.8,58,,58,Express
Suriname,58,0.9,58,,58,Express
Suriname,58,1,58,,58,Express
Suriname,69,1.1,69,,69,Express
Suriname,69,1.2,69,,69,Express
Suriname,69,1.3,69,,69,Express
Suriname,69,1.4,69,,69,Express
Suriname,69,1.5,69,,69,Express
Suriname,78,1.6,78,,78,Express
Suriname,78,1.7,78,,78,Express
Suriname,79,1.8,79,,79,Express
Suriname,79,1.9,79,,79,Express
Suriname,79,2,79,,79,Express
Suriname,89,2.1,89,,89,Express
Suriname,89,2.2,89,,89,Express
Suriname,89,2.3,89,,89,Express
Suriname,89,2.4,89,,89,Express
Suriname,89,2.5,89,,89,Express
Suriname,99,2.6,99,,99,Express
Suriname,100,2.7,100,,100,Express
Suriname,100,2.8,100,,100,Express
Suriname,100,2.9,100,,100,Express
Suriname,100,3,100,,100,Express
Suriname,110,3.1,110,,110,Express
Suriname,110,3.2,110,,110,Express
Suriname,110,3.3,110,,110,Express
Suriname,110,3.4,110,,110,Express
Suriname,111,3.5,111,,111,Express
Suriname,120,3.6,120,,120,Express
Suriname,120,3.7,120,,120,Express
Suriname,120,3.8,120,,120,Express
Suriname,120,3.9,120,,120,Express
Suriname,120,4,120,,120,Express
Suriname,130,4.1,130,,130,Express
Suriname,131,4.2,131,,131,Express
Suriname,131,4.3,131,,131,Express
Suriname,131,4.4,131,,131,Express
Suriname,131,4.5,131,,131,Express
Suriname,140,4.6,140,,140,Express
Suriname,140,4.7,140,,140,Express
Suriname,141,4.8,141,,141,Express
Suriname,141,4.9,141,,141,Express
Suriname,141,5,141,,141,Express
Suriname,293,5.1,293,,293,Express
Suriname,293,5.2,293,,293,Express
Suriname,293,5.3,293,,293,Express
Suriname,293,5.4,293,,293,Express
Suriname,294,5.5,294,,294,Express
Suriname,311,5.6,311,,311,Express
Suriname,311,5.7,311,,311,Express
Suriname,312,5.8,312,,312,Express
Suriname,312,5.9,312,,312,Express
Suriname,312,6,312,,312,Express
Suriname,330,6.1,330,,330,Express
Suriname,330,6.2,330,,330,Express
Suriname,330,6.3,330,,330,Express
Suriname,330,6.4,330,,330,Express
Suriname,331,6.5,331,,331,Express
Suriname,348,6.6,348,,348,Express
Suriname,348,6.7,348,,348,Express
Suriname,348,6.8,348,,348,Express
Suriname,348,6.9,348,,348,Express
Suriname,349,7,349,,349,Express
Suriname,366,7.1,366,,366,Express
Suriname,367,7.2,367,,367,Express
Suriname,367,7.3,367,,367,Express
Suriname,367,7.4,367,,367,Express
Suriname,367,7.5,367,,367,Express
Suriname,383,7.6,383,,383,Express
Suriname,383,7.7,383,,383,Express
Suriname,383,7.8,383,,383,Express
Suriname,383,7.9,383,,383,Express
Suriname,384,8,384,,384,Express
Suriname,399,8.1,399,,399,Express
Suriname,400,8.2,400,,400,Express
Suriname,400,8.3,400,,400,Express
Suriname,400,8.4,400,,400,Express
Suriname,400,8.5,400,,400,Express
Suriname,416,8.6,416,,416,Express
Suriname,416,8.7,416,,416,Express
Suriname,416,8.8,416,,416,Express
Suriname,417,8.9,417,,417,Express
Suriname,417,9,417,,417,Express
Suriname,433,9.1,433,,433,Express
Suriname,433,9.2,433,,433,Express
Suriname,433,9.3,433,,433,Express
Suriname,433,9.4,433,,433,Express
Suriname,433,9.5,433,,433,Express
Suriname,453,9.6,453,,453,Express
Suriname,453,9.7,453,,453,Express
Suriname,454,9.8,454,,454,Express
Suriname,454,9.9,454,,454,Express
Suriname,454,10,454,,454,Express
Swaziland,47,0.1,47,,47,Express
Swaziland,47,0.2,47,,47,Express
Swaziland,47,0.3,47,,47,Express
Swaziland,48,0.4,48,,48,Express
Swaziland,48,0.5,48,,48,Express
Swaziland,58,0.6,58,,58,Express
Swaziland,58,0.7,58,,58,Express
Swaziland,58,0.8,58,,58,Express
Swaziland,58,0.9,58,,58,Express
Swaziland,58,1,58,,58,Express
Swaziland,69,1.1,69,,69,Express
Swaziland,69,1.2,69,,69,Express
Swaziland,69,1.3,69,,69,Express
Swaziland,69,1.4,69,,69,Express
Swaziland,69,1.5,69,,69,Express
Swaziland,78,1.6,78,,78,Express
Swaziland,78,1.7,78,,78,Express
Swaziland,79,1.8,79,,79,Express
Swaziland,79,1.9,79,,79,Express
Swaziland,79,2,79,,79,Express
Swaziland,89,2.1,89,,89,Express
Swaziland,89,2.2,89,,89,Express
Swaziland,89,2.3,89,,89,Express
Swaziland,89,2.4,89,,89,Express
Swaziland,89,2.5,89,,89,Express
Swaziland,99,2.6,99,,99,Express
Swaziland,100,2.7,100,,100,Express
Swaziland,100,2.8,100,,100,Express
Swaziland,100,2.9,100,,100,Express
Swaziland,100,3,100,,100,Express
Swaziland,110,3.1,110,,110,Express
Swaziland,110,3.2,110,,110,Express
Swaziland,110,3.3,110,,110,Express
Swaziland,110,3.4,110,,110,Express
Swaziland,111,3.5,111,,111,Express
Swaziland,120,3.6,120,,120,Express
Swaziland,120,3.7,120,,120,Express
Swaziland,120,3.8,120,,120,Express
Swaziland,120,3.9,120,,120,Express
Swaziland,120,4,120,,120,Express
Swaziland,130,4.1,130,,130,Express
Swaziland,131,4.2,131,,131,Express
Swaziland,131,4.3,131,,131,Express
Swaziland,131,4.4,131,,131,Express
Swaziland,131,4.5,131,,131,Express
Swaziland,140,4.6,140,,140,Express
Swaziland,140,4.7,140,,140,Express
Swaziland,141,4.8,141,,141,Express
Swaziland,141,4.9,141,,141,Express
Swaziland,141,5,141,,141,Express
Swaziland,293,5.1,293,,293,Express
Swaziland,293,5.2,293,,293,Express
Swaziland,293,5.3,293,,293,Express
Swaziland,293,5.4,293,,293,Express
Swaziland,294,5.5,294,,294,Express
Swaziland,311,5.6,311,,311,Express
Swaziland,311,5.7,311,,311,Express
Swaziland,312,5.8,312,,312,Express
Swaziland,312,5.9,312,,312,Express
Swaziland,312,6,312,,312,Express
Swaziland,330,6.1,330,,330,Express
Swaziland,330,6.2,330,,330,Express
Swaziland,330,6.3,330,,330,Express
Swaziland,330,6.4,330,,330,Express
Swaziland,331,6.5,331,,331,Express
Swaziland,348,6.6,348,,348,Express
Swaziland,348,6.7,348,,348,Express
Swaziland,348,6.8,348,,348,Express
Swaziland,348,6.9,348,,348,Express
Swaziland,349,7,349,,349,Express
Swaziland,366,7.1,366,,366,Express
Swaziland,367,7.2,367,,367,Express
Swaziland,367,7.3,367,,367,Express
Swaziland,367,7.4,367,,367,Express
Swaziland,367,7.5,367,,367,Express
Swaziland,383,7.6,383,,383,Express
Swaziland,383,7.7,383,,383,Express
Swaziland,383,7.8,383,,383,Express
Swaziland,383,7.9,383,,383,Express
Swaziland,384,8,384,,384,Express
Swaziland,399,8.1,399,,399,Express
Swaziland,400,8.2,400,,400,Express
Swaziland,400,8.3,400,,400,Express
Swaziland,400,8.4,400,,400,Express
Swaziland,400,8.5,400,,400,Express
Swaziland,416,8.6,416,,416,Express
Swaziland,416,8.7,416,,416,Express
Swaziland,416,8.8,416,,416,Express
Swaziland,417,8.9,417,,417,Express
Swaziland,417,9,417,,417,Express
Swaziland,433,9.1,433,,433,Express
Swaziland,433,9.2,433,,433,Express
Swaziland,433,9.3,433,,433,Express
Swaziland,433,9.4,433,,433,Express
Swaziland,433,9.5,433,,433,Express
Swaziland,453,9.6,453,,453,Express
Swaziland,453,9.7,453,,453,Express
Swaziland,454,9.8,454,,454,Express
Swaziland,454,9.9,454,,454,Express
Swaziland,454,10,454,,454,Express
Sweden,9,0.1,9,26,30,Standard
Sweden,11,0.2,11,26,30,Standard
Sweden,14,0.3,14,26,31,Standard
Sweden,17,0.4,17,26,31,Standard
Sweden,20,0.5,20,26,31,Standard
Sweden,22,0.6,22,28,35,Standard
Sweden,25,0.7,25,28,35,Standard
Sweden,28,0.8,28,29,36,Standard
Sweden,29,0.9,29,29,36,Standard
Sweden,29,1,29,29,36,Standard
Sweden,30,1.1,30,30,40,Standard
Sweden,30,1.2,30,30,41,Standard
Sweden,31,1.3,31,31,41,Standard
Sweden,31,1.4,31,31,41,Standard
Sweden,31,1.5,31,31,41,Standard
Sweden,33,1.6,33,33,47,Standard
Sweden,33,1.7,33,33,47,Standard
Sweden,35,1.8,35,35,47,Standard
Sweden,35,1.9,35,35,47,Standard
Sweden,35,2,35,35,47,Standard
Sweden,38,2.1,38,38,53,Standard
Sweden,38,2.2,38,38,54,Standard
Sweden,38,2.3,38,38,54,Standard
Sweden,38,2.4,38,38,54,Standard
Sweden,38,2.5,38,38,54,Standard
Sweden,41,2.6,41,41,58,Standard
Sweden,41,2.7,41,41,58,Standard
Sweden,41,2.8,41,41,58,Standard
Sweden,41,2.9,41,41,58,Standard
Sweden,41,3,41,41,59,Standard
Sweden,43,3.1,43,43,64,Standard
Sweden,43,3.2,43,43,64,Standard
Sweden,43,3.3,43,43,64,Standard
Sweden,43,3.4,43,43,65,Standard
Sweden,43,3.5,43,43,65,Standard
Sweden,46,3.6,46,46,70,Standard
Sweden,46,3.7,46,46,70,Standard
Sweden,46,3.8,46,46,70,Standard
Sweden,46,3.9,46,46,70,Standard
Sweden,46,4,46,46,70,Standard
Sweden,49,4.1,49,49,76,Standard
Sweden,49,4.2,49,49,76,Standard
Sweden,49,4.3,49,49,76,Standard
Sweden,49,4.4,49,49,76,Standard
Sweden,49,4.5,49,49,76,Standard
Sweden,52,4.6,52,52,81,Standard
Sweden,52,4.7,52,52,81,Standard
Sweden,52,4.8,52,52,81,Standard
Sweden,52,4.9,52,52,82,Standard
Sweden,52,5,52,52,82,Standard
Sweden,55,5.1,55,55,126,Standard
Sweden,55,5.2,55,55,127,Standard
Sweden,55,5.3,55,55,127,Standard
Sweden,55,5.4,55,55,127,Standard
Sweden,55,5.5,55,55,127,Standard
Sweden,58,5.6,58,58,135,Standard
Sweden,58,5.7,58,58,135,Standard
Sweden,58,5.8,58,58,135,Standard
Sweden,58,5.9,58,58,135,Standard
Sweden,58,6,58,58,136,Standard
Sweden,61,6.1,61,61,144,Standard
Sweden,61,6.2,61,61,144,Standard
Sweden,61,6.3,61,61,144,Standard
Sweden,61,6.4,61,61,144,Standard
Sweden,61,6.5,61,61,145,Standard
Sweden,65,6.6,65,65,153,Standard
Sweden,65,6.7,65,65,153,Standard
Sweden,65,6.8,65,65,153,Standard
Sweden,65,6.9,65,65,153,Standard
Sweden,65,7,65,65,153,Standard
Sweden,69,7.1,69,69,162,Standard
Sweden,69,7.2,69,69,162,Standard
Sweden,69,7.3,69,69,162,Standard
Sweden,69,7.4,69,69,162,Standard
Sweden,69,7.5,69,69,162,Standard
Sweden,72,7.6,72,72,169,Standard
Sweden,72,7.7,72,72,170,Standard
Sweden,72,7.8,72,72,170,Standard
Sweden,72,7.9,72,72,170,Standard
Sweden,72,8,72,72,170,Standard
Sweden,76,8.1,76,76,177,Standard
Sweden,76,8.2,76,76,177,Standard
Sweden,76,8.3,76,76,177,Standard
Sweden,76,8.4,76,76,177,Standard
Sweden,76,8.5,76,76,177,Standard
Sweden,80,8.6,80,80,185,Standard
Sweden,80,8.7,80,80,185,Standard
Sweden,80,8.8,80,80,185,Standard
Sweden,80,8.9,80,80,185,Standard
Sweden,80,9,80,80,185,Standard
Sweden,84,9.1,84,84,192,Standard
Sweden,84,9.2,84,84,192,Standard
Sweden,84,9.3,84,84,192,Standard
Sweden,84,9.4,84,84,193,Standard
Sweden,84,9.5,84,84,193,Standard
Sweden,88,9.6,88,88,198,Standard
Sweden,88,9.7,88,88,199,Standard
Sweden,88,9.8,88,88,199,Standard
Sweden,88,9.9,88,88,199,Standard
Sweden,88,10,88,88,199,Standard
Switzerland,4,0.1,4,21,30,Standard
Switzerland,6,0.2,6,21,30,Standard
Switzerland,9,0.3,9,21,31,Standard
Switzerland,12,0.4,12,21,31,Standard
Switzerland,15,0.5,15,21,31,Standard
Switzerland,17,0.6,17,23,35,Standard
Switzerland,20,0.7,20,23,35,Standard
Switzerland,23,0.8,23,24,36,Standard
Switzerland,24,0.9,24,24,36,Standard
Switzerland,24,1,24,24,36,Standard
Switzerland,25,1.1,25,25,40,Standard
Switzerland,25,1.2,25,25,41,Standard
Switzerland,26,1.3,26,26,41,Standard
Switzerland,26,1.4,26,26,41,Standard
Switzerland,26,1.5,26,26,41,Standard
Switzerland,28,1.6,28,28,47,Standard
Switzerland,28,1.7,28,28,47,Standard
Switzerland,30,1.8,30,30,47,Standard
Switzerland,30,1.9,30,30,47,Standard
Switzerland,30,2,30,30,47,Standard
Switzerland,33,2.1,33,33,53,Standard
Switzerland,33,2.2,33,33,54,Standard
Switzerland,33,2.3,33,33,54,Standard
Switzerland,33,2.4,33,33,54,Standard
Switzerland,33,2.5,33,33,54,Standard
Switzerland,36,2.6,36,36,58,Standard
Switzerland,36,2.7,36,36,58,Standard
Switzerland,36,2.8,36,36,58,Standard
Switzerland,36,2.9,36,36,58,Standard
Switzerland,36,3,36,36,59,Standard
Switzerland,38,3.1,38,38,64,Standard
Switzerland,38,3.2,38,38,64,Standard
Switzerland,38,3.3,38,38,64,Standard
Switzerland,38,3.4,38,38,65,Standard
Switzerland,38,3.5,38,38,65,Standard
Switzerland,41,3.6,41,41,70,Standard
Switzerland,41,3.7,41,41,70,Standard
Switzerland,41,3.8,41,41,70,Standard
Switzerland,41,3.9,41,41,70,Standard
Switzerland,41,4,41,41,70,Standard
Switzerland,44,4.1,44,44,76,Standard
Switzerland,44,4.2,44,44,76,Standard
Switzerland,44,4.3,44,44,76,Standard
Switzerland,44,4.4,44,44,76,Standard
Switzerland,44,4.5,44,44,76,Standard
Switzerland,47,4.6,47,47,81,Standard
Switzerland,47,4.7,47,47,81,Standard
Switzerland,47,4.8,47,47,81,Standard
Switzerland,47,4.9,47,47,82,Standard
Switzerland,47,5,47,47,82,Standard
Switzerland,50,5.1,50,50,126,Standard
Switzerland,50,5.2,50,50,127,Standard
Switzerland,50,5.3,50,50,127,Standard
Switzerland,50,5.4,50,50,127,Standard
Switzerland,50,5.5,50,50,127,Standard
Switzerland,53,5.6,53,53,135,Standard
Switzerland,53,5.7,53,53,135,Standard
Switzerland,53,5.8,53,53,135,Standard
Switzerland,53,5.9,53,53,135,Standard
Switzerland,53,6,53,53,136,Standard
Switzerland,56,6.1,56,56,144,Standard
Switzerland,56,6.2,56,56,144,Standard
Switzerland,56,6.3,56,56,144,Standard
Switzerland,56,6.4,56,56,144,Standard
Switzerland,56,6.5,56,56,145,Standard
Switzerland,60,6.6,60,60,153,Standard
Switzerland,60,6.7,60,60,153,Standard
Switzerland,60,6.8,60,60,153,Standard
Switzerland,60,6.9,60,60,153,Standard
Switzerland,60,7,60,60,153,Standard
Switzerland,64,7.1,64,64,162,Standard
Switzerland,64,7.2,64,64,162,Standard
Switzerland,64,7.3,64,64,162,Standard
Switzerland,64,7.4,64,64,162,Standard
Switzerland,64,7.5,64,64,162,Standard
Switzerland,67,7.6,67,67,169,Standard
Switzerland,67,7.7,67,67,170,Standard
Switzerland,67,7.8,67,67,170,Standard
Switzerland,67,7.9,67,67,170,Standard
Switzerland,67,8,67,67,170,Standard
Switzerland,71,8.1,71,71,177,Standard
Switzerland,71,8.2,71,71,177,Standard
Switzerland,71,8.3,71,71,177,Standard
Switzerland,71,8.4,71,71,177,Standard
Switzerland,71,8.5,71,71,177,Standard
Switzerland,75,8.6,75,75,185,Standard
Switzerland,75,8.7,75,75,185,Standard
Switzerland,75,8.8,75,75,185,Standard
Switzerland,75,8.9,75,75,185,Standard
Switzerland,75,9,75,75,185,Standard
Switzerland,78,9.1,78,78,192,Standard
Switzerland,78,9.2,78,78,192,Standard
Switzerland,78,9.3,78,78,192,Standard
Switzerland,78,9.4,78,78,193,Standard
Switzerland,78,9.5,78,78,193,Standard
Switzerland,83,9.6,83,83,198,Standard
Switzerland,83,9.7,83,83,199,Standard
Switzerland,83,9.8,83,83,199,Standard
Switzerland,83,9.9,83,83,199,Standard
Switzerland,83,10,83,83,199,Standard
Syria,47,0.1,47,,47,Express
Syria,47,0.2,47,,47,Express
Syria,47,0.3,47,,47,Express
Syria,48,0.4,48,,48,Express
Syria,48,0.5,48,,48,Express
Syria,58,0.6,58,,58,Express
Syria,58,0.7,58,,58,Express
Syria,58,0.8,58,,58,Express
Syria,58,0.9,58,,58,Express
Syria,58,1,58,,58,Express
Syria,69,1.1,69,,69,Express
Syria,69,1.2,69,,69,Express
Syria,69,1.3,69,,69,Express
Syria,69,1.4,69,,69,Express
Syria,69,1.5,69,,69,Express
Syria,78,1.6,78,,78,Express
Syria,78,1.7,78,,78,Express
Syria,79,1.8,79,,79,Express
Syria,79,1.9,79,,79,Express
Syria,79,2,79,,79,Express
Syria,89,2.1,89,,89,Express
Syria,89,2.2,89,,89,Express
Syria,89,2.3,89,,89,Express
Syria,89,2.4,89,,89,Express
Syria,89,2.5,89,,89,Express
Syria,99,2.6,99,,99,Express
Syria,100,2.7,100,,100,Express
Syria,100,2.8,100,,100,Express
Syria,100,2.9,100,,100,Express
Syria,100,3,100,,100,Express
Syria,110,3.1,110,,110,Express
Syria,110,3.2,110,,110,Express
Syria,110,3.3,110,,110,Express
Syria,110,3.4,110,,110,Express
Syria,111,3.5,111,,111,Express
Syria,120,3.6,120,,120,Express
Syria,120,3.7,120,,120,Express
Syria,120,3.8,120,,120,Express
Syria,120,3.9,120,,120,Express
Syria,120,4,120,,120,Express
Syria,130,4.1,130,,130,Express
Syria,131,4.2,131,,131,Express
Syria,131,4.3,131,,131,Express
Syria,131,4.4,131,,131,Express
Syria,131,4.5,131,,131,Express
Syria,140,4.6,140,,140,Express
Syria,140,4.7,140,,140,Express
Syria,141,4.8,141,,141,Express
Syria,141,4.9,141,,141,Express
Syria,141,5,141,,141,Express
Syria,293,5.1,293,,293,Express
Syria,293,5.2,293,,293,Express
Syria,293,5.3,293,,293,Express
Syria,293,5.4,293,,293,Express
Syria,294,5.5,294,,294,Express
Syria,311,5.6,311,,311,Express
Syria,311,5.7,311,,311,Express
Syria,312,5.8,312,,312,Express
Syria,312,5.9,312,,312,Express
Syria,312,6,312,,312,Express
Syria,330,6.1,330,,330,Express
Syria,330,6.2,330,,330,Express
Syria,330,6.3,330,,330,Express
Syria,330,6.4,330,,330,Express
Syria,331,6.5,331,,331,Express
Syria,348,6.6,348,,348,Express
Syria,348,6.7,348,,348,Express
Syria,348,6.8,348,,348,Express
Syria,348,6.9,348,,348,Express
Syria,349,7,349,,349,Express
Syria,366,7.1,366,,366,Express
Syria,367,7.2,367,,367,Express
Syria,367,7.3,367,,367,Express
Syria,367,7.4,367,,367,Express
Syria,367,7.5,367,,367,Express
Syria,383,7.6,383,,383,Express
Syria,383,7.7,383,,383,Express
Syria,383,7.8,383,,383,Express
Syria,383,7.9,383,,383,Express
Syria,384,8,384,,384,Express
Syria,399,8.1,399,,399,Express
Syria,400,8.2,400,,400,Express
Syria,400,8.3,400,,400,Express
Syria,400,8.4,400,,400,Express
Syria,400,8.5,400,,400,Express
Syria,416,8.6,416,,416,Express
Syria,416,8.7,416,,416,Express
Syria,416,8.8,416,,416,Express
Syria,417,8.9,417,,417,Express
Syria,417,9,417,,417,Express
Syria,433,9.1,433,,433,Express
Syria,433,9.2,433,,433,Express
Syria,433,9.3,433,,433,Express
Syria,433,9.4,433,,433,Express
Syria,433,9.5,433,,433,Express
Syria,453,9.6,453,,453,Express
Syria,453,9.7,453,,453,Express
Syria,454,9.8,454,,454,Express
Syria,454,9.9,454,,454,Express
Syria,454,10,454,,454,Express
Tahiti,47,0.1,47,,47,Express
Tahiti,47,0.2,47,,47,Express
Tahiti,47,0.3,47,,47,Express
Tahiti,48,0.4,48,,48,Express
Tahiti,48,0.5,48,,48,Express
Tahiti,58,0.6,58,,58,Express
Tahiti,58,0.7,58,,58,Express
Tahiti,58,0.8,58,,58,Express
Tahiti,58,0.9,58,,58,Express
Tahiti,58,1,58,,58,Express
Tahiti,69,1.1,69,,69,Express
Tahiti,69,1.2,69,,69,Express
Tahiti,69,1.3,69,,69,Express
Tahiti,69,1.4,69,,69,Express
Tahiti,69,1.5,69,,69,Express
Tahiti,78,1.6,78,,78,Express
Tahiti,78,1.7,78,,78,Express
Tahiti,79,1.8,79,,79,Express
Tahiti,79,1.9,79,,79,Express
Tahiti,79,2,79,,79,Express
Tahiti,89,2.1,89,,89,Express
Tahiti,89,2.2,89,,89,Express
Tahiti,89,2.3,89,,89,Express
Tahiti,89,2.4,89,,89,Express
Tahiti,89,2.5,89,,89,Express
Tahiti,99,2.6,99,,99,Express
Tahiti,100,2.7,100,,100,Express
Tahiti,100,2.8,100,,100,Express
Tahiti,100,2.9,100,,100,Express
Tahiti,100,3,100,,100,Express
Tahiti,110,3.1,110,,110,Express
Tahiti,110,3.2,110,,110,Express
Tahiti,110,3.3,110,,110,Express
Tahiti,110,3.4,110,,110,Express
Tahiti,111,3.5,111,,111,Express
Tahiti,120,3.6,120,,120,Express
Tahiti,120,3.7,120,,120,Express
Tahiti,120,3.8,120,,120,Express
Tahiti,120,3.9,120,,120,Express
Tahiti,120,4,120,,120,Express
Tahiti,130,4.1,130,,130,Express
Tahiti,131,4.2,131,,131,Express
Tahiti,131,4.3,131,,131,Express
Tahiti,131,4.4,131,,131,Express
Tahiti,131,4.5,131,,131,Express
Tahiti,140,4.6,140,,140,Express
Tahiti,140,4.7,140,,140,Express
Tahiti,141,4.8,141,,141,Express
Tahiti,141,4.9,141,,141,Express
Tahiti,141,5,141,,141,Express
Tahiti,293,5.1,293,,293,Express
Tahiti,293,5.2,293,,293,Express
Tahiti,293,5.3,293,,293,Express
Tahiti,293,5.4,293,,293,Express
Tahiti,294,5.5,294,,294,Express
Tahiti,311,5.6,311,,311,Express
Tahiti,311,5.7,311,,311,Express
Tahiti,312,5.8,312,,312,Express
Tahiti,312,5.9,312,,312,Express
Tahiti,312,6,312,,312,Express
Tahiti,330,6.1,330,,330,Express
Tahiti,330,6.2,330,,330,Express
Tahiti,330,6.3,330,,330,Express
Tahiti,330,6.4,330,,330,Express
Tahiti,331,6.5,331,,331,Express
Tahiti,348,6.6,348,,348,Express
Tahiti,348,6.7,348,,348,Express
Tahiti,348,6.8,348,,348,Express
Tahiti,348,6.9,348,,348,Express
Tahiti,349,7,349,,349,Express
Tahiti,366,7.1,366,,366,Express
Tahiti,367,7.2,367,,367,Express
Tahiti,367,7.3,367,,367,Express
Tahiti,367,7.4,367,,367,Express
Tahiti,367,7.5,367,,367,Express
Tahiti,383,7.6,383,,383,Express
Tahiti,383,7.7,383,,383,Express
Tahiti,383,7.8,383,,383,Express
Tahiti,383,7.9,383,,383,Express
Tahiti,384,8,384,,384,Express
Tahiti,399,8.1,399,,399,Express
Tahiti,400,8.2,400,,400,Express
Tahiti,400,8.3,400,,400,Express
Tahiti,400,8.4,400,,400,Express
Tahiti,400,8.5,400,,400,Express
Tahiti,416,8.6,416,,416,Express
Tahiti,416,8.7,416,,416,Express
Tahiti,416,8.8,416,,416,Express
Tahiti,417,8.9,417,,417,Express
Tahiti,417,9,417,,417,Express
Tahiti,433,9.1,433,,433,Express
Tahiti,433,9.2,433,,433,Express
Tahiti,433,9.3,433,,433,Express
Tahiti,433,9.4,433,,433,Express
Tahiti,433,9.5,433,,433,Express
Tahiti,453,9.6,453,,453,Express
Tahiti,453,9.7,453,,453,Express
Tahiti,454,9.8,454,,454,Express
Tahiti,454,9.9,454,,454,Express
Tahiti,454,10,454,,454,Express
Taiwan,3,0.1,3,12,25,Standard
Taiwan,4,0.2,4,12,25,Standard
Taiwan,5,0.3,5,12,25,Standard
Taiwan,6,0.4,6,12,25,Standard
Taiwan,7,0.5,7,12,25,Standard
Taiwan,8,0.6,8,13,26,Standard
Taiwan,9,0.7,9,13,26,Standard
Taiwan,10,0.8,10,14,26,Standard
Taiwan,11,0.9,11,14,26,Standard
Taiwan,11,1,11,14,26,Standard
Taiwan,12,1.1,12,15,28,Standard
Taiwan,13,1.2,13,15,28,Standard
Taiwan,14,1.3,14,16,28,Standard
Taiwan,14,1.4,14,16,28,Standard
Taiwan,15,1.5,15,16,28,Standard
Taiwan,16,1.6,16,17,30,Standard
Taiwan,16,1.7,16,17,30,Standard
Taiwan,17,1.8,17,18,30,Standard
Taiwan,17,1.9,17,18,30,Standard
Taiwan,18,2,18,18,30,Standard
Taiwan,18,2.1,18,18,32,Standard
Taiwan,18,2.2,18,18,32,Standard
Taiwan,18,2.3,18,18,32,Standard
Taiwan,18,2.4,18,18,32,Standard
Taiwan,18,2.5,18,18,32,Standard
Taiwan,20,2.6,20,20,34,Standard
Taiwan,20,2.7,20,20,34,Standard
Taiwan,20,2.8,20,20,34,Standard
Taiwan,20,2.9,20,20,34,Standard
Taiwan,20,3,20,20,34,Standard
Taiwan,21,3.1,21,21,36,Standard
Taiwan,21,3.2,21,21,36,Standard
Taiwan,21,3.3,21,21,36,Standard
Taiwan,21,3.4,21,21,36,Standard
Taiwan,21,3.5,21,21,36,Standard
Taiwan,23,3.6,23,23,38,Standard
Taiwan,23,3.7,23,23,38,Standard
Taiwan,23,3.8,23,23,38,Standard
Taiwan,23,3.9,23,23,38,Standard
Taiwan,23,4,23,23,38,Standard
Taiwan,24,4.1,24,24,41,Standard
Taiwan,24,4.2,24,24,41,Standard
Taiwan,24,4.3,24,24,41,Standard
Taiwan,24,4.4,24,24,41,Standard
Taiwan,24,4.5,24,24,41,Standard
Taiwan,25,4.6,25,25,42,Standard
Taiwan,25,4.7,25,25,42,Standard
Taiwan,25,4.8,25,25,42,Standard
Taiwan,25,4.9,25,25,42,Standard
Taiwan,25,5,25,25,42,Standard
Taiwan,26,5.1,26,26,67,Standard
Taiwan,26,5.2,26,26,67,Standard
Taiwan,26,5.3,26,26,67,Standard
Taiwan,26,5.4,26,26,67,Standard
Taiwan,26,5.5,26,26,67,Standard
Taiwan,28,5.6,28,28,70,Standard
Taiwan,28,5.7,28,28,70,Standard
Taiwan,28,5.8,28,28,70,Standard
Taiwan,28,5.9,28,28,70,Standard
Taiwan,28,6,28,28,70,Standard
Taiwan,30,6.1,30,30,72,Standard
Taiwan,30,6.2,30,30,72,Standard
Taiwan,30,6.3,30,30,72,Standard
Taiwan,30,6.4,30,30,72,Standard
Taiwan,30,6.5,30,30,72,Standard
Taiwan,32,6.6,32,32,74,Standard
Taiwan,32,6.7,32,32,74,Standard
Taiwan,32,6.8,32,32,74,Standard
Taiwan,32,6.9,32,32,74,Standard
Taiwan,32,7,32,32,74,Standard
Taiwan,34,7.1,34,34,76,Standard
Taiwan,34,7.2,34,34,76,Standard
Taiwan,34,7.3,34,34,76,Standard
Taiwan,34,7.4,34,34,76,Standard
Taiwan,34,7.5,34,34,76,Standard
Taiwan,36,7.6,36,36,78,Standard
Taiwan,36,7.7,36,36,78,Standard
Taiwan,36,7.8,36,36,78,Standard
Taiwan,36,7.9,36,36,78,Standard
Taiwan,36,8,36,36,78,Standard
Taiwan,37,8.1,37,37,81,Standard
Taiwan,37,8.2,37,37,81,Standard
Taiwan,37,8.3,37,37,81,Standard
Taiwan,37,8.4,37,37,81,Standard
Taiwan,37,8.5,37,37,81,Standard
Taiwan,39,8.6,39,39,83,Standard
Taiwan,39,8.7,39,39,83,Standard
Taiwan,39,8.8,39,39,83,Standard
Taiwan,39,8.9,39,39,83,Standard
Taiwan,39,9,39,39,83,Standard
Taiwan,40,9.1,40,40,85,Standard
Taiwan,40,9.2,40,40,85,Standard
Taiwan,40,9.3,40,40,85,Standard
Taiwan,40,9.4,40,40,85,Standard
Taiwan,40,9.5,40,40,85,Standard
Taiwan,42,9.6,42,42,87,Standard
Taiwan,42,9.7,42,42,87,Standard
Taiwan,42,9.8,42,42,87,Standard
Taiwan,42,9.9,42,42,87,Standard
Taiwan,42,10,42,42,87,Standard
Tajikistan,47,0.1,47,,47,Express
Tajikistan,47,0.2,47,,47,Express
Tajikistan,47,0.3,47,,47,Express
Tajikistan,48,0.4,48,,48,Express
Tajikistan,48,0.5,48,,48,Express
Tajikistan,58,0.6,58,,58,Express
Tajikistan,58,0.7,58,,58,Express
Tajikistan,58,0.8,58,,58,Express
Tajikistan,58,0.9,58,,58,Express
Tajikistan,58,1,58,,58,Express
Tajikistan,69,1.1,69,,69,Express
Tajikistan,69,1.2,69,,69,Express
Tajikistan,69,1.3,69,,69,Express
Tajikistan,69,1.4,69,,69,Express
Tajikistan,69,1.5,69,,69,Express
Tajikistan,78,1.6,78,,78,Express
Tajikistan,78,1.7,78,,78,Express
Tajikistan,79,1.8,79,,79,Express
Tajikistan,79,1.9,79,,79,Express
Tajikistan,79,2,79,,79,Express
Tajikistan,89,2.1,89,,89,Express
Tajikistan,89,2.2,89,,89,Express
Tajikistan,89,2.3,89,,89,Express
Tajikistan,89,2.4,89,,89,Express
Tajikistan,89,2.5,89,,89,Express
Tajikistan,99,2.6,99,,99,Express
Tajikistan,100,2.7,100,,100,Express
Tajikistan,100,2.8,100,,100,Express
Tajikistan,100,2.9,100,,100,Express
Tajikistan,100,3,100,,100,Express
Tajikistan,110,3.1,110,,110,Express
Tajikistan,110,3.2,110,,110,Express
Tajikistan,110,3.3,110,,110,Express
Tajikistan,110,3.4,110,,110,Express
Tajikistan,111,3.5,111,,111,Express
Tajikistan,120,3.6,120,,120,Express
Tajikistan,120,3.7,120,,120,Express
Tajikistan,120,3.8,120,,120,Express
Tajikistan,120,3.9,120,,120,Express
Tajikistan,120,4,120,,120,Express
Tajikistan,130,4.1,130,,130,Express
Tajikistan,131,4.2,131,,131,Express
Tajikistan,131,4.3,131,,131,Express
Tajikistan,131,4.4,131,,131,Express
Tajikistan,131,4.5,131,,131,Express
Tajikistan,140,4.6,140,,140,Express
Tajikistan,140,4.7,140,,140,Express
Tajikistan,141,4.8,141,,141,Express
Tajikistan,141,4.9,141,,141,Express
Tajikistan,141,5,141,,141,Express
Tajikistan,293,5.1,293,,293,Express
Tajikistan,293,5.2,293,,293,Express
Tajikistan,293,5.3,293,,293,Express
Tajikistan,293,5.4,293,,293,Express
Tajikistan,294,5.5,294,,294,Express
Tajikistan,311,5.6,311,,311,Express
Tajikistan,311,5.7,311,,311,Express
Tajikistan,312,5.8,312,,312,Express
Tajikistan,312,5.9,312,,312,Express
Tajikistan,312,6,312,,312,Express
Tajikistan,330,6.1,330,,330,Express
Tajikistan,330,6.2,330,,330,Express
Tajikistan,330,6.3,330,,330,Express
Tajikistan,330,6.4,330,,330,Express
Tajikistan,331,6.5,331,,331,Express
Tajikistan,348,6.6,348,,348,Express
Tajikistan,348,6.7,348,,348,Express
Tajikistan,348,6.8,348,,348,Express
Tajikistan,348,6.9,348,,348,Express
Tajikistan,349,7,349,,349,Express
Tajikistan,366,7.1,366,,366,Express
Tajikistan,367,7.2,367,,367,Express
Tajikistan,367,7.3,367,,367,Express
Tajikistan,367,7.4,367,,367,Express
Tajikistan,367,7.5,367,,367,Express
Tajikistan,383,7.6,383,,383,Express
Tajikistan,383,7.7,383,,383,Express
Tajikistan,383,7.8,383,,383,Express
Tajikistan,383,7.9,383,,383,Express
Tajikistan,384,8,384,,384,Express
Tajikistan,399,8.1,399,,399,Express
Tajikistan,400,8.2,400,,400,Express
Tajikistan,400,8.3,400,,400,Express
Tajikistan,400,8.4,400,,400,Express
Tajikistan,400,8.5,400,,400,Express
Tajikistan,416,8.6,416,,416,Express
Tajikistan,416,8.7,416,,416,Express
Tajikistan,416,8.8,416,,416,Express
Tajikistan,417,8.9,417,,417,Express
Tajikistan,417,9,417,,417,Express
Tajikistan,433,9.1,433,,433,Express
Tajikistan,433,9.2,433,,433,Express
Tajikistan,433,9.3,433,,433,Express
Tajikistan,433,9.4,433,,433,Express
Tajikistan,433,9.5,433,,433,Express
Tajikistan,453,9.6,453,,453,Express
Tajikistan,453,9.7,453,,453,Express
Tajikistan,454,9.8,454,,454,Express
Tajikistan,454,9.9,454,,454,Express
Tajikistan,454,10,454,,454,Express
Thailand,3,0.1,3,11,25,Standard
Thailand,4,0.2,4,11,25,Standard
Thailand,5,0.3,5,11,25,Standard
Thailand,6,0.4,6,11,25,Standard
Thailand,7,0.5,7,11,25,Standard
Thailand,8,0.6,8,12,27,Standard
Thailand,8,0.7,8,12,27,Standard
Thailand,9,0.8,9,12,27,Standard
Thailand,10,0.9,10,12,27,Standard
Thailand,11,1,11,12,27,Standard
Thailand,12,1.1,12,12,29,Standard
Thailand,12,1.2,12,12,29,Standard
Thailand,13,1.3,13,13,29,Standard
Thailand,13,1.4,13,13,29,Standard
Thailand,13,1.5,13,13,29,Standard
Thailand,14,1.6,14,14,30,Standard
Thailand,14,1.7,14,14,30,Standard
Thailand,14,1.8,14,14,30,Standard
Thailand,14,1.9,14,14,30,Standard
Thailand,14,2,14,14,30,Standard
Thailand,15,2.1,15,15,32,Standard
Thailand,15,2.2,15,15,32,Standard
Thailand,15,2.3,15,15,32,Standard
Thailand,15,2.4,15,15,32,Standard
Thailand,15,2.5,15,15,32,Standard
Thailand,15,2.6,15,15,34,Standard
Thailand,15,2.7,15,15,34,Standard
Thailand,15,2.8,15,15,34,Standard
Thailand,15,2.9,15,15,34,Standard
Thailand,15,3,15,15,34,Standard
Thailand,17,3.1,17,17,36,Standard
Thailand,17,3.2,17,17,36,Standard
Thailand,17,3.3,17,17,36,Standard
Thailand,17,3.4,17,17,36,Standard
Thailand,17,3.5,17,17,36,Standard
Thailand,18,3.6,18,18,38,Standard
Thailand,18,3.7,18,18,38,Standard
Thailand,18,3.8,18,18,38,Standard
Thailand,18,3.9,18,18,38,Standard
Thailand,18,4,18,18,38,Standard
Thailand,19,4.1,19,19,41,Standard
Thailand,19,4.2,19,19,41,Standard
Thailand,19,4.3,19,19,41,Standard
Thailand,19,4.4,19,19,41,Standard
Thailand,19,4.5,19,19,41,Standard
Thailand,20,4.6,20,20,43,Standard
Thailand,20,4.7,20,20,43,Standard
Thailand,20,4.8,20,20,43,Standard
Thailand,20,4.9,20,20,43,Standard
Thailand,20,5,20,20,43,Standard
Thailand,22,5.1,22,22,78,Standard
Thailand,22,5.2,22,22,78,Standard
Thailand,22,5.3,22,22,78,Standard
Thailand,22,5.4,22,22,78,Standard
Thailand,22,5.5,22,22,78,Standard
Thailand,23,5.6,23,23,82,Standard
Thailand,23,5.7,23,23,82,Standard
Thailand,23,5.8,23,23,82,Standard
Thailand,23,5.9,23,23,82,Standard
Thailand,23,6,23,23,82,Standard
Thailand,24,6.1,24,24,86,Standard
Thailand,24,6.2,24,24,86,Standard
Thailand,24,6.3,24,24,86,Standard
Thailand,24,6.4,24,24,86,Standard
Thailand,24,6.5,24,24,86,Standard
Thailand,25,6.6,25,25,90,Standard
Thailand,25,6.7,25,25,90,Standard
Thailand,25,6.8,25,25,90,Standard
Thailand,25,6.9,25,25,90,Standard
Thailand,25,7,25,25,90,Standard
Thailand,26,7.1,26,26,93,Standard
Thailand,26,7.2,26,26,93,Standard
Thailand,26,7.3,26,26,93,Standard
Thailand,26,7.4,26,26,93,Standard
Thailand,26,7.5,26,26,93,Standard
Thailand,28,7.6,28,28,97,Standard
Thailand,28,7.7,28,28,97,Standard
Thailand,28,7.8,28,28,97,Standard
Thailand,28,7.9,28,28,97,Standard
Thailand,28,8,28,28,97,Standard
Thailand,29,8.1,29,29,100,Standard
Thailand,29,8.2,29,29,100,Standard
Thailand,29,8.3,29,29,100,Standard
Thailand,29,8.4,29,29,100,Standard
Thailand,29,8.5,29,29,100,Standard
Thailand,31,8.6,31,31,104,Standard
Thailand,31,8.7,31,31,104,Standard
Thailand,31,8.8,31,31,104,Standard
Thailand,31,8.9,31,31,104,Standard
Thailand,31,9,31,31,104,Standard
Thailand,32,9.1,32,32,107,Standard
Thailand,32,9.2,32,32,107,Standard
Thailand,32,9.3,32,32,107,Standard
Thailand,32,9.4,32,32,107,Standard
Thailand,32,9.5,32,32,107,Standard
Thailand,34,9.6,34,34,111,Standard
Thailand,34,9.7,34,34,111,Standard
Thailand,34,9.8,34,34,111,Standard
Thailand,34,9.9,34,34,111,Standard
Thailand,34,10,34,34,111,Standard
The Bahamas,47,0.1,47,,47,Express
The Bahamas,47,0.2,47,,47,Express
The Bahamas,47,0.3,47,,47,Express
The Bahamas,48,0.4,48,,48,Express
The Bahamas,48,0.5,48,,48,Express
The Bahamas,58,0.6,58,,58,Express
The Bahamas,58,0.7,58,,58,Express
The Bahamas,58,0.8,58,,58,Express
The Bahamas,58,0.9,58,,58,Express
The Bahamas,58,1,58,,58,Express
The Bahamas,69,1.1,69,,69,Express
The Bahamas,69,1.2,69,,69,Express
The Bahamas,69,1.3,69,,69,Express
The Bahamas,69,1.4,69,,69,Express
The Bahamas,69,1.5,69,,69,Express
The Bahamas,78,1.6,78,,78,Express
The Bahamas,78,1.7,78,,78,Express
The Bahamas,79,1.8,79,,79,Express
The Bahamas,79,1.9,79,,79,Express
The Bahamas,79,2,79,,79,Express
The Bahamas,89,2.1,89,,89,Express
The Bahamas,89,2.2,89,,89,Express
The Bahamas,89,2.3,89,,89,Express
The Bahamas,89,2.4,89,,89,Express
The Bahamas,89,2.5,89,,89,Express
The Bahamas,99,2.6,99,,99,Express
The Bahamas,100,2.7,100,,100,Express
The Bahamas,100,2.8,100,,100,Express
The Bahamas,100,2.9,100,,100,Express
The Bahamas,100,3,100,,100,Express
The Bahamas,110,3.1,110,,110,Express
The Bahamas,110,3.2,110,,110,Express
The Bahamas,110,3.3,110,,110,Express
The Bahamas,110,3.4,110,,110,Express
The Bahamas,111,3.5,111,,111,Express
The Bahamas,120,3.6,120,,120,Express
The Bahamas,120,3.7,120,,120,Express
The Bahamas,120,3.8,120,,120,Express
The Bahamas,120,3.9,120,,120,Express
The Bahamas,120,4,120,,120,Express
The Bahamas,130,4.1,130,,130,Express
The Bahamas,131,4.2,131,,131,Express
The Bahamas,131,4.3,131,,131,Express
The Bahamas,131,4.4,131,,131,Express
The Bahamas,131,4.5,131,,131,Express
The Bahamas,140,4.6,140,,140,Express
The Bahamas,140,4.7,140,,140,Express
The Bahamas,141,4.8,141,,141,Express
The Bahamas,141,4.9,141,,141,Express
The Bahamas,141,5,141,,141,Express
The Bahamas,293,5.1,293,,293,Express
The Bahamas,293,5.2,293,,293,Express
The Bahamas,293,5.3,293,,293,Express
The Bahamas,293,5.4,293,,293,Express
The Bahamas,294,5.5,294,,294,Express
The Bahamas,311,5.6,311,,311,Express
The Bahamas,311,5.7,311,,311,Express
The Bahamas,312,5.8,312,,312,Express
The Bahamas,312,5.9,312,,312,Express
The Bahamas,312,6,312,,312,Express
The Bahamas,330,6.1,330,,330,Express
The Bahamas,330,6.2,330,,330,Express
The Bahamas,330,6.3,330,,330,Express
The Bahamas,330,6.4,330,,330,Express
The Bahamas,331,6.5,331,,331,Express
The Bahamas,348,6.6,348,,348,Express
The Bahamas,348,6.7,348,,348,Express
The Bahamas,348,6.8,348,,348,Express
The Bahamas,348,6.9,348,,348,Express
The Bahamas,349,7,349,,349,Express
The Bahamas,366,7.1,366,,366,Express
The Bahamas,367,7.2,367,,367,Express
The Bahamas,367,7.3,367,,367,Express
The Bahamas,367,7.4,367,,367,Express
The Bahamas,367,7.5,367,,367,Express
The Bahamas,383,7.6,383,,383,Express
The Bahamas,383,7.7,383,,383,Express
The Bahamas,383,7.8,383,,383,Express
The Bahamas,383,7.9,383,,383,Express
The Bahamas,384,8,384,,384,Express
The Bahamas,399,8.1,399,,399,Express
The Bahamas,400,8.2,400,,400,Express
The Bahamas,400,8.3,400,,400,Express
The Bahamas,400,8.4,400,,400,Express
The Bahamas,400,8.5,400,,400,Express
The Bahamas,416,8.6,416,,416,Express
The Bahamas,416,8.7,416,,416,Express
The Bahamas,416,8.8,416,,416,Express
The Bahamas,417,8.9,417,,417,Express
The Bahamas,417,9,417,,417,Express
The Bahamas,433,9.1,433,,433,Express
The Bahamas,433,9.2,433,,433,Express
The Bahamas,433,9.3,433,,433,Express
The Bahamas,433,9.4,433,,433,Express
The Bahamas,433,9.5,433,,433,Express
The Bahamas,453,9.6,453,,453,Express
The Bahamas,453,9.7,453,,453,Express
The Bahamas,454,9.8,454,,454,Express
The Bahamas,454,9.9,454,,454,Express
The Bahamas,454,10,454,,454,Express
Timor-Leste,47,0.1,47,,47,Express
Timor-Leste,47,0.2,47,,47,Express
Timor-Leste,47,0.3,47,,47,Express
Timor-Leste,48,0.4,48,,48,Express
Timor-Leste,48,0.5,48,,48,Express
Timor-Leste,58,0.6,58,,58,Express
Timor-Leste,58,0.7,58,,58,Express
Timor-Leste,58,0.8,58,,58,Express
Timor-Leste,58,0.9,58,,58,Express
Timor-Leste,58,1,58,,58,Express
Timor-Leste,69,1.1,69,,69,Express
Timor-Leste,69,1.2,69,,69,Express
Timor-Leste,69,1.3,69,,69,Express
Timor-Leste,69,1.4,69,,69,Express
Timor-Leste,69,1.5,69,,69,Express
Timor-Leste,78,1.6,78,,78,Express
Timor-Leste,78,1.7,78,,78,Express
Timor-Leste,79,1.8,79,,79,Express
Timor-Leste,79,1.9,79,,79,Express
Timor-Leste,79,2,79,,79,Express
Timor-Leste,89,2.1,89,,89,Express
Timor-Leste,89,2.2,89,,89,Express
Timor-Leste,89,2.3,89,,89,Express
Timor-Leste,89,2.4,89,,89,Express
Timor-Leste,89,2.5,89,,89,Express
Timor-Leste,99,2.6,99,,99,Express
Timor-Leste,100,2.7,100,,100,Express
Timor-Leste,100,2.8,100,,100,Express
Timor-Leste,100,2.9,100,,100,Express
Timor-Leste,100,3,100,,100,Express
Timor-Leste,110,3.1,110,,110,Express
Timor-Leste,110,3.2,110,,110,Express
Timor-Leste,110,3.3,110,,110,Express
Timor-Leste,110,3.4,110,,110,Express
Timor-Leste,111,3.5,111,,111,Express
Timor-Leste,120,3.6,120,,120,Express
Timor-Leste,120,3.7,120,,120,Express
Timor-Leste,120,3.8,120,,120,Express
Timor-Leste,120,3.9,120,,120,Express
Timor-Leste,120,4,120,,120,Express
Timor-Leste,130,4.1,130,,130,Express
Timor-Leste,131,4.2,131,,131,Express
Timor-Leste,131,4.3,131,,131,Express
Timor-Leste,131,4.4,131,,131,Express
Timor-Leste,131,4.5,131,,131,Express
Timor-Leste,140,4.6,140,,140,Express
Timor-Leste,140,4.7,140,,140,Express
Timor-Leste,141,4.8,141,,141,Express
Timor-Leste,141,4.9,141,,141,Express
Timor-Leste,141,5,141,,141,Express
Timor-Leste,293,5.1,293,,293,Express
Timor-Leste,293,5.2,293,,293,Express
Timor-Leste,293,5.3,293,,293,Express
Timor-Leste,293,5.4,293,,293,Express
Timor-Leste,294,5.5,294,,294,Express
Timor-Leste,311,5.6,311,,311,Express
Timor-Leste,311,5.7,311,,311,Express
Timor-Leste,312,5.8,312,,312,Express
Timor-Leste,312,5.9,312,,312,Express
Timor-Leste,312,6,312,,312,Express
Timor-Leste,330,6.1,330,,330,Express
Timor-Leste,330,6.2,330,,330,Express
Timor-Leste,330,6.3,330,,330,Express
Timor-Leste,330,6.4,330,,330,Express
Timor-Leste,331,6.5,331,,331,Express
Timor-Leste,348,6.6,348,,348,Express
Timor-Leste,348,6.7,348,,348,Express
Timor-Leste,348,6.8,348,,348,Express
Timor-Leste,348,6.9,348,,348,Express
Timor-Leste,349,7,349,,349,Express
Timor-Leste,366,7.1,366,,366,Express
Timor-Leste,367,7.2,367,,367,Express
Timor-Leste,367,7.3,367,,367,Express
Timor-Leste,367,7.4,367,,367,Express
Timor-Leste,367,7.5,367,,367,Express
Timor-Leste,383,7.6,383,,383,Express
Timor-Leste,383,7.7,383,,383,Express
Timor-Leste,383,7.8,383,,383,Express
Timor-Leste,383,7.9,383,,383,Express
Timor-Leste,384,8,384,,384,Express
Timor-Leste,399,8.1,399,,399,Express
Timor-Leste,400,8.2,400,,400,Express
Timor-Leste,400,8.3,400,,400,Express
Timor-Leste,400,8.4,400,,400,Express
Timor-Leste,400,8.5,400,,400,Express
Timor-Leste,416,8.6,416,,416,Express
Timor-Leste,416,8.7,416,,416,Express
Timor-Leste,416,8.8,416,,416,Express
Timor-Leste,417,8.9,417,,417,Express
Timor-Leste,417,9,417,,417,Express
Timor-Leste,433,9.1,433,,433,Express
Timor-Leste,433,9.2,433,,433,Express
Timor-Leste,433,9.3,433,,433,Express
Timor-Leste,433,9.4,433,,433,Express
Timor-Leste,433,9.5,433,,433,Express
Timor-Leste,453,9.6,453,,453,Express
Timor-Leste,453,9.7,453,,453,Express
Timor-Leste,454,9.8,454,,454,Express
Timor-Leste,454,9.9,454,,454,Express
Timor-Leste,454,10,454,,454,Express
Togo,47,0.1,47,,47,Express
Togo,47,0.2,47,,47,Express
Togo,47,0.3,47,,47,Express
Togo,48,0.4,48,,48,Express
Togo,48,0.5,48,,48,Express
Togo,58,0.6,58,,58,Express
Togo,58,0.7,58,,58,Express
Togo,58,0.8,58,,58,Express
Togo,58,0.9,58,,58,Express
Togo,58,1,58,,58,Express
Togo,69,1.1,69,,69,Express
Togo,69,1.2,69,,69,Express
Togo,69,1.3,69,,69,Express
Togo,69,1.4,69,,69,Express
Togo,69,1.5,69,,69,Express
Togo,78,1.6,78,,78,Express
Togo,78,1.7,78,,78,Express
Togo,79,1.8,79,,79,Express
Togo,79,1.9,79,,79,Express
Togo,79,2,79,,79,Express
Togo,89,2.1,89,,89,Express
Togo,89,2.2,89,,89,Express
Togo,89,2.3,89,,89,Express
Togo,89,2.4,89,,89,Express
Togo,89,2.5,89,,89,Express
Togo,99,2.6,99,,99,Express
Togo,100,2.7,100,,100,Express
Togo,100,2.8,100,,100,Express
Togo,100,2.9,100,,100,Express
Togo,100,3,100,,100,Express
Togo,110,3.1,110,,110,Express
Togo,110,3.2,110,,110,Express
Togo,110,3.3,110,,110,Express
Togo,110,3.4,110,,110,Express
Togo,111,3.5,111,,111,Express
Togo,120,3.6,120,,120,Express
Togo,120,3.7,120,,120,Express
Togo,120,3.8,120,,120,Express
Togo,120,3.9,120,,120,Express
Togo,120,4,120,,120,Express
Togo,130,4.1,130,,130,Express
Togo,131,4.2,131,,131,Express
Togo,131,4.3,131,,131,Express
Togo,131,4.4,131,,131,Express
Togo,131,4.5,131,,131,Express
Togo,140,4.6,140,,140,Express
Togo,140,4.7,140,,140,Express
Togo,141,4.8,141,,141,Express
Togo,141,4.9,141,,141,Express
Togo,141,5,141,,141,Express
Togo,293,5.1,293,,293,Express
Togo,293,5.2,293,,293,Express
Togo,293,5.3,293,,293,Express
Togo,293,5.4,293,,293,Express
Togo,294,5.5,294,,294,Express
Togo,311,5.6,311,,311,Express
Togo,311,5.7,311,,311,Express
Togo,312,5.8,312,,312,Express
Togo,312,5.9,312,,312,Express
Togo,312,6,312,,312,Express
Togo,330,6.1,330,,330,Express
Togo,330,6.2,330,,330,Express
Togo,330,6.3,330,,330,Express
Togo,330,6.4,330,,330,Express
Togo,331,6.5,331,,331,Express
Togo,348,6.6,348,,348,Express
Togo,348,6.7,348,,348,Express
Togo,348,6.8,348,,348,Express
Togo,348,6.9,348,,348,Express
Togo,349,7,349,,349,Express
Togo,366,7.1,366,,366,Express
Togo,367,7.2,367,,367,Express
Togo,367,7.3,367,,367,Express
Togo,367,7.4,367,,367,Express
Togo,367,7.5,367,,367,Express
Togo,383,7.6,383,,383,Express
Togo,383,7.7,383,,383,Express
Togo,383,7.8,383,,383,Express
Togo,383,7.9,383,,383,Express
Togo,384,8,384,,384,Express
Togo,399,8.1,399,,399,Express
Togo,400,8.2,400,,400,Express
Togo,400,8.3,400,,400,Express
Togo,400,8.4,400,,400,Express
Togo,400,8.5,400,,400,Express
Togo,416,8.6,416,,416,Express
Togo,416,8.7,416,,416,Express
Togo,416,8.8,416,,416,Express
Togo,417,8.9,417,,417,Express
Togo,417,9,417,,417,Express
Togo,433,9.1,433,,433,Express
Togo,433,9.2,433,,433,Express
Togo,433,9.3,433,,433,Express
Togo,433,9.4,433,,433,Express
Togo,433,9.5,433,,433,Express
Togo,453,9.6,453,,453,Express
Togo,453,9.7,453,,453,Express
Togo,454,9.8,454,,454,Express
Togo,454,9.9,454,,454,Express
Togo,454,10,454,,454,Express
Tonga,47,0.1,47,,47,Express
Tonga,47,0.2,47,,47,Express
Tonga,47,0.3,47,,47,Express
Tonga,48,0.4,48,,48,Express
Tonga,48,0.5,48,,48,Express
Tonga,58,0.6,58,,58,Express
Tonga,58,0.7,58,,58,Express
Tonga,58,0.8,58,,58,Express
Tonga,58,0.9,58,,58,Express
Tonga,58,1,58,,58,Express
Tonga,69,1.1,69,,69,Express
Tonga,69,1.2,69,,69,Express
Tonga,69,1.3,69,,69,Express
Tonga,69,1.4,69,,69,Express
Tonga,69,1.5,69,,69,Express
Tonga,78,1.6,78,,78,Express
Tonga,78,1.7,78,,78,Express
Tonga,79,1.8,79,,79,Express
Tonga,79,1.9,79,,79,Express
Tonga,79,2,79,,79,Express
Tonga,89,2.1,89,,89,Express
Tonga,89,2.2,89,,89,Express
Tonga,89,2.3,89,,89,Express
Tonga,89,2.4,89,,89,Express
Tonga,89,2.5,89,,89,Express
Tonga,99,2.6,99,,99,Express
Tonga,100,2.7,100,,100,Express
Tonga,100,2.8,100,,100,Express
Tonga,100,2.9,100,,100,Express
Tonga,100,3,100,,100,Express
Tonga,110,3.1,110,,110,Express
Tonga,110,3.2,110,,110,Express
Tonga,110,3.3,110,,110,Express
Tonga,110,3.4,110,,110,Express
Tonga,111,3.5,111,,111,Express
Tonga,120,3.6,120,,120,Express
Tonga,120,3.7,120,,120,Express
Tonga,120,3.8,120,,120,Express
Tonga,120,3.9,120,,120,Express
Tonga,120,4,120,,120,Express
Tonga,130,4.1,130,,130,Express
Tonga,131,4.2,131,,131,Express
Tonga,131,4.3,131,,131,Express
Tonga,131,4.4,131,,131,Express
Tonga,131,4.5,131,,131,Express
Tonga,140,4.6,140,,140,Express
Tonga,140,4.7,140,,140,Express
Tonga,141,4.8,141,,141,Express
Tonga,141,4.9,141,,141,Express
Tonga,141,5,141,,141,Express
Tonga,293,5.1,293,,293,Express
Tonga,293,5.2,293,,293,Express
Tonga,293,5.3,293,,293,Express
Tonga,293,5.4,293,,293,Express
Tonga,294,5.5,294,,294,Express
Tonga,311,5.6,311,,311,Express
Tonga,311,5.7,311,,311,Express
Tonga,312,5.8,312,,312,Express
Tonga,312,5.9,312,,312,Express
Tonga,312,6,312,,312,Express
Tonga,330,6.1,330,,330,Express
Tonga,330,6.2,330,,330,Express
Tonga,330,6.3,330,,330,Express
Tonga,330,6.4,330,,330,Express
Tonga,331,6.5,331,,331,Express
Tonga,348,6.6,348,,348,Express
Tonga,348,6.7,348,,348,Express
Tonga,348,6.8,348,,348,Express
Tonga,348,6.9,348,,348,Express
Tonga,349,7,349,,349,Express
Tonga,366,7.1,366,,366,Express
Tonga,367,7.2,367,,367,Express
Tonga,367,7.3,367,,367,Express
Tonga,367,7.4,367,,367,Express
Tonga,367,7.5,367,,367,Express
Tonga,383,7.6,383,,383,Express
Tonga,383,7.7,383,,383,Express
Tonga,383,7.8,383,,383,Express
Tonga,383,7.9,383,,383,Express
Tonga,384,8,384,,384,Express
Tonga,399,8.1,399,,399,Express
Tonga,400,8.2,400,,400,Express
Tonga,400,8.3,400,,400,Express
Tonga,400,8.4,400,,400,Express
Tonga,400,8.5,400,,400,Express
Tonga,416,8.6,416,,416,Express
Tonga,416,8.7,416,,416,Express
Tonga,416,8.8,416,,416,Express
Tonga,417,8.9,417,,417,Express
Tonga,417,9,417,,417,Express
Tonga,433,9.1,433,,433,Express
Tonga,433,9.2,433,,433,Express
Tonga,433,9.3,433,,433,Express
Tonga,433,9.4,433,,433,Express
Tonga,433,9.5,433,,433,Express
Tonga,453,9.6,453,,453,Express
Tonga,453,9.7,453,,453,Express
Tonga,454,9.8,454,,454,Express
Tonga,454,9.9,454,,454,Express
Tonga,454,10,454,,454,Express
Trinidad And Tobago,47,0.1,47,,47,Express
Trinidad And Tobago,47,0.2,47,,47,Express
Trinidad And Tobago,47,0.3,47,,47,Express
Trinidad And Tobago,48,0.4,48,,48,Express
Trinidad And Tobago,48,0.5,48,,48,Express
Trinidad And Tobago,58,0.6,58,,58,Express
Trinidad And Tobago,58,0.7,58,,58,Express
Trinidad And Tobago,58,0.8,58,,58,Express
Trinidad And Tobago,58,0.9,58,,58,Express
Trinidad And Tobago,58,1,58,,58,Express
Trinidad And Tobago,69,1.1,69,,69,Express
Trinidad And Tobago,69,1.2,69,,69,Express
Trinidad And Tobago,69,1.3,69,,69,Express
Trinidad And Tobago,69,1.4,69,,69,Express
Trinidad And Tobago,69,1.5,69,,69,Express
Trinidad And Tobago,78,1.6,78,,78,Express
Trinidad And Tobago,78,1.7,78,,78,Express
Trinidad And Tobago,79,1.8,79,,79,Express
Trinidad And Tobago,79,1.9,79,,79,Express
Trinidad And Tobago,79,2,79,,79,Express
Trinidad And Tobago,89,2.1,89,,89,Express
Trinidad And Tobago,89,2.2,89,,89,Express
Trinidad And Tobago,89,2.3,89,,89,Express
Trinidad And Tobago,89,2.4,89,,89,Express
Trinidad And Tobago,89,2.5,89,,89,Express
Trinidad And Tobago,99,2.6,99,,99,Express
Trinidad And Tobago,100,2.7,100,,100,Express
Trinidad And Tobago,100,2.8,100,,100,Express
Trinidad And Tobago,100,2.9,100,,100,Express
Trinidad And Tobago,100,3,100,,100,Express
Trinidad And Tobago,110,3.1,110,,110,Express
Trinidad And Tobago,110,3.2,110,,110,Express
Trinidad And Tobago,110,3.3,110,,110,Express
Trinidad And Tobago,110,3.4,110,,110,Express
Trinidad And Tobago,111,3.5,111,,111,Express
Trinidad And Tobago,120,3.6,120,,120,Express
Trinidad And Tobago,120,3.7,120,,120,Express
Trinidad And Tobago,120,3.8,120,,120,Express
Trinidad And Tobago,120,3.9,120,,120,Express
Trinidad And Tobago,120,4,120,,120,Express
Trinidad And Tobago,130,4.1,130,,130,Express
Trinidad And Tobago,131,4.2,131,,131,Express
Trinidad And Tobago,131,4.3,131,,131,Express
Trinidad And Tobago,131,4.4,131,,131,Express
Trinidad And Tobago,131,4.5,131,,131,Express
Trinidad And Tobago,140,4.6,140,,140,Express
Trinidad And Tobago,140,4.7,140,,140,Express
Trinidad And Tobago,141,4.8,141,,141,Express
Trinidad And Tobago,141,4.9,141,,141,Express
Trinidad And Tobago,141,5,141,,141,Express
Trinidad And Tobago,293,5.1,293,,293,Express
Trinidad And Tobago,293,5.2,293,,293,Express
Trinidad And Tobago,293,5.3,293,,293,Express
Trinidad And Tobago,293,5.4,293,,293,Express
Trinidad And Tobago,294,5.5,294,,294,Express
Trinidad And Tobago,311,5.6,311,,311,Express
Trinidad And Tobago,311,5.7,311,,311,Express
Trinidad And Tobago,312,5.8,312,,312,Express
Trinidad And Tobago,312,5.9,312,,312,Express
Trinidad And Tobago,312,6,312,,312,Express
Trinidad And Tobago,330,6.1,330,,330,Express
Trinidad And Tobago,330,6.2,330,,330,Express
Trinidad And Tobago,330,6.3,330,,330,Express
Trinidad And Tobago,330,6.4,330,,330,Express
Trinidad And Tobago,331,6.5,331,,331,Express
Trinidad And Tobago,348,6.6,348,,348,Express
Trinidad And Tobago,348,6.7,348,,348,Express
Trinidad And Tobago,348,6.8,348,,348,Express
Trinidad And Tobago,348,6.9,348,,348,Express
Trinidad And Tobago,349,7,349,,349,Express
Trinidad And Tobago,366,7.1,366,,366,Express
Trinidad And Tobago,367,7.2,367,,367,Express
Trinidad And Tobago,367,7.3,367,,367,Express
Trinidad And Tobago,367,7.4,367,,367,Express
Trinidad And Tobago,367,7.5,367,,367,Express
Trinidad And Tobago,383,7.6,383,,383,Express
Trinidad And Tobago,383,7.7,383,,383,Express
Trinidad And Tobago,383,7.8,383,,383,Express
Trinidad And Tobago,383,7.9,383,,383,Express
Trinidad And Tobago,384,8,384,,384,Express
Trinidad And Tobago,399,8.1,399,,399,Express
Trinidad And Tobago,400,8.2,400,,400,Express
Trinidad And Tobago,400,8.3,400,,400,Express
Trinidad And Tobago,400,8.4,400,,400,Express
Trinidad And Tobago,400,8.5,400,,400,Express
Trinidad And Tobago,416,8.6,416,,416,Express
Trinidad And Tobago,416,8.7,416,,416,Express
Trinidad And Tobago,416,8.8,416,,416,Express
Trinidad And Tobago,417,8.9,417,,417,Express
Trinidad And Tobago,417,9,417,,417,Express
Trinidad And Tobago,433,9.1,433,,433,Express
Trinidad And Tobago,433,9.2,433,,433,Express
Trinidad And Tobago,433,9.3,433,,433,Express
Trinidad And Tobago,433,9.4,433,,433,Express
Trinidad And Tobago,433,9.5,433,,433,Express
Trinidad And Tobago,453,9.6,453,,453,Express
Trinidad And Tobago,453,9.7,453,,453,Express
Trinidad And Tobago,454,9.8,454,,454,Express
Trinidad And Tobago,454,9.9,454,,454,Express
Trinidad And Tobago,454,10,454,,454,Express
Tunisia,47,0.1,47,,47,Express
Tunisia,47,0.2,47,,47,Express
Tunisia,47,0.3,47,,47,Express
Tunisia,48,0.4,48,,48,Express
Tunisia,48,0.5,48,,48,Express
Tunisia,58,0.6,58,,58,Express
Tunisia,58,0.7,58,,58,Express
Tunisia,58,0.8,58,,58,Express
Tunisia,58,0.9,58,,58,Express
Tunisia,58,1,58,,58,Express
Tunisia,69,1.1,69,,69,Express
Tunisia,69,1.2,69,,69,Express
Tunisia,69,1.3,69,,69,Express
Tunisia,69,1.4,69,,69,Express
Tunisia,69,1.5,69,,69,Express
Tunisia,78,1.6,78,,78,Express
Tunisia,78,1.7,78,,78,Express
Tunisia,79,1.8,79,,79,Express
Tunisia,79,1.9,79,,79,Express
Tunisia,79,2,79,,79,Express
Tunisia,89,2.1,89,,89,Express
Tunisia,89,2.2,89,,89,Express
Tunisia,89,2.3,89,,89,Express
Tunisia,89,2.4,89,,89,Express
Tunisia,89,2.5,89,,89,Express
Tunisia,99,2.6,99,,99,Express
Tunisia,100,2.7,100,,100,Express
Tunisia,100,2.8,100,,100,Express
Tunisia,100,2.9,100,,100,Express
Tunisia,100,3,100,,100,Express
Tunisia,110,3.1,110,,110,Express
Tunisia,110,3.2,110,,110,Express
Tunisia,110,3.3,110,,110,Express
Tunisia,110,3.4,110,,110,Express
Tunisia,111,3.5,111,,111,Express
Tunisia,120,3.6,120,,120,Express
Tunisia,120,3.7,120,,120,Express
Tunisia,120,3.8,120,,120,Express
Tunisia,120,3.9,120,,120,Express
Tunisia,120,4,120,,120,Express
Tunisia,130,4.1,130,,130,Express
Tunisia,131,4.2,131,,131,Express
Tunisia,131,4.3,131,,131,Express
Tunisia,131,4.4,131,,131,Express
Tunisia,131,4.5,131,,131,Express
Tunisia,140,4.6,140,,140,Express
Tunisia,140,4.7,140,,140,Express
Tunisia,141,4.8,141,,141,Express
Tunisia,141,4.9,141,,141,Express
Tunisia,141,5,141,,141,Express
Tunisia,293,5.1,293,,293,Express
Tunisia,293,5.2,293,,293,Express
Tunisia,293,5.3,293,,293,Express
Tunisia,293,5.4,293,,293,Express
Tunisia,294,5.5,294,,294,Express
Tunisia,311,5.6,311,,311,Express
Tunisia,311,5.7,311,,311,Express
Tunisia,312,5.8,312,,312,Express
Tunisia,312,5.9,312,,312,Express
Tunisia,312,6,312,,312,Express
Tunisia,330,6.1,330,,330,Express
Tunisia,330,6.2,330,,330,Express
Tunisia,330,6.3,330,,330,Express
Tunisia,330,6.4,330,,330,Express
Tunisia,331,6.5,331,,331,Express
Tunisia,348,6.6,348,,348,Express
Tunisia,348,6.7,348,,348,Express
Tunisia,348,6.8,348,,348,Express
Tunisia,348,6.9,348,,348,Express
Tunisia,349,7,349,,349,Express
Tunisia,366,7.1,366,,366,Express
Tunisia,367,7.2,367,,367,Express
Tunisia,367,7.3,367,,367,Express
Tunisia,367,7.4,367,,367,Express
Tunisia,367,7.5,367,,367,Express
Tunisia,383,7.6,383,,383,Express
Tunisia,383,7.7,383,,383,Express
Tunisia,383,7.8,383,,383,Express
Tunisia,383,7.9,383,,383,Express
Tunisia,384,8,384,,384,Express
Tunisia,399,8.1,399,,399,Express
Tunisia,400,8.2,400,,400,Express
Tunisia,400,8.3,400,,400,Express
Tunisia,400,8.4,400,,400,Express
Tunisia,400,8.5,400,,400,Express
Tunisia,416,8.6,416,,416,Express
Tunisia,416,8.7,416,,416,Express
Tunisia,416,8.8,416,,416,Express
Tunisia,417,8.9,417,,417,Express
Tunisia,417,9,417,,417,Express
Tunisia,433,9.1,433,,433,Express
Tunisia,433,9.2,433,,433,Express
Tunisia,433,9.3,433,,433,Express
Tunisia,433,9.4,433,,433,Express
Tunisia,433,9.5,433,,433,Express
Tunisia,453,9.6,453,,453,Express
Tunisia,453,9.7,453,,453,Express
Tunisia,454,9.8,454,,454,Express
Tunisia,454,9.9,454,,454,Express
Tunisia,454,10,454,,454,Express
Turkey,4,0.1,4,21,32,Standard
Turkey,6,0.2,6,21,32,Standard
Turkey,9,0.3,9,21,33,Standard
Turkey,12,0.4,12,21,33,Standard
Turkey,15,0.5,15,21,33,Standard
Turkey,17,0.6,17,23,45,Standard
Turkey,20,0.7,20,23,45,Standard
Turkey,23,0.8,23,24,46,Standard
Turkey,24,0.9,24,24,46,Standard
Turkey,24,1,24,24,46,Standard
Turkey,25,1.1,25,25,54,Standard
Turkey,25,1.2,25,25,54,Standard
Turkey,26,1.3,26,26,54,Standard
Turkey,26,1.4,26,26,54,Standard
Turkey,26,1.5,26,26,54,Standard
Turkey,28,1.6,28,28,62,Standard
Turkey,28,1.7,28,28,62,Standard
Turkey,30,1.8,30,30,62,Standard
Turkey,30,1.9,30,30,62,Standard
Turkey,30,2,30,30,62,Standard
Turkey,33,2.1,33,33,70,Standard
Turkey,33,2.2,33,33,70,Standard
Turkey,33,2.3,33,33,70,Standard
Turkey,33,2.4,33,33,70,Standard
Turkey,33,2.5,33,33,70,Standard
Turkey,36,2.6,36,36,74,Standard
Turkey,36,2.7,36,36,74,Standard
Turkey,36,2.8,36,36,75,Standard
Turkey,36,2.9,36,36,75,Standard
Turkey,36,3,36,36,75,Standard
Turkey,38,3.1,38,38,82,Standard
Turkey,38,3.2,38,38,82,Standard
Turkey,38,3.3,38,38,82,Standard
Turkey,38,3.4,38,38,83,Standard
Turkey,38,3.5,38,38,83,Standard
Turkey,41,3.6,41,41,90,Standard
Turkey,41,3.7,41,41,91,Standard
Turkey,41,3.8,41,41,91,Standard
Turkey,41,3.9,41,41,91,Standard
Turkey,41,4,41,41,91,Standard
Turkey,44,4.1,44,44,98,Standard
Turkey,44,4.2,44,44,98,Standard
Turkey,44,4.3,44,44,98,Standard
Turkey,44,4.4,44,44,98,Standard
Turkey,44,4.5,44,44,99,Standard
Turkey,47,4.6,47,47,108,Standard
Turkey,47,4.7,47,47,108,Standard
Turkey,47,4.8,47,47,108,Standard
Turkey,47,4.9,47,47,108,Standard
Turkey,47,5,47,47,109,Standard
Turkey,50,5.1,50,50,223,Standard
Turkey,50,5.2,50,50,223,Standard
Turkey,50,5.3,50,50,223,Standard
Turkey,50,5.4,50,50,224,Standard
Turkey,50,5.5,50,50,224,Standard
Turkey,53,5.6,53,53,239,Standard
Turkey,53,5.7,53,53,239,Standard
Turkey,53,5.8,53,53,239,Standard
Turkey,53,5.9,53,53,239,Standard
Turkey,53,6,53,53,239,Standard
Turkey,56,6.1,56,56,255,Standard
Turkey,56,6.2,56,56,255,Standard
Turkey,56,6.3,56,56,255,Standard
Turkey,56,6.4,56,56,255,Standard
Turkey,56,6.5,56,56,255,Standard
Turkey,60,6.6,60,60,270,Standard
Turkey,60,6.7,60,60,271,Standard
Turkey,60,6.8,60,60,271,Standard
Turkey,60,6.9,60,60,271,Standard
Turkey,60,7,60,60,271,Standard
Turkey,64,7.1,64,64,286,Standard
Turkey,64,7.2,64,64,286,Standard
Turkey,64,7.3,64,64,287,Standard
Turkey,64,7.4,64,64,287,Standard
Turkey,64,7.5,64,64,287,Standard
Turkey,67,7.6,67,67,301,Standard
Turkey,67,7.7,67,67,301,Standard
Turkey,67,7.8,67,67,301,Standard
Turkey,67,7.9,67,67,302,Standard
Turkey,67,8,67,67,302,Standard
Turkey,71,8.1,71,71,316,Standard
Turkey,71,8.2,71,71,316,Standard
Turkey,71,8.3,71,71,316,Standard
Turkey,71,8.4,71,71,317,Standard
Turkey,71,8.5,71,71,317,Standard
Turkey,75,8.6,75,75,331,Standard
Turkey,75,8.7,75,75,331,Standard
Turkey,75,8.8,75,75,331,Standard
Turkey,75,8.9,75,75,332,Standard
Turkey,75,9,75,75,332,Standard
Turkey,78,9.1,78,78,346,Standard
Turkey,78,9.2,78,78,346,Standard
Turkey,78,9.3,78,78,346,Standard
Turkey,78,9.4,78,78,346,Standard
Turkey,78,9.5,78,78,347,Standard
Turkey,83,9.6,83,83,355,Standard
Turkey,83,9.7,83,83,356,Standard
Turkey,83,9.8,83,83,356,Standard
Turkey,83,9.9,83,83,356,Standard
Turkey,83,10,83,83,356,Standard
Turkmenistan,47,0.1,47,,47,Express
Turkmenistan,47,0.2,47,,47,Express
Turkmenistan,47,0.3,47,,47,Express
Turkmenistan,48,0.4,48,,48,Express
Turkmenistan,48,0.5,48,,48,Express
Turkmenistan,58,0.6,58,,58,Express
Turkmenistan,58,0.7,58,,58,Express
Turkmenistan,58,0.8,58,,58,Express
Turkmenistan,58,0.9,58,,58,Express
Turkmenistan,58,1,58,,58,Express
Turkmenistan,69,1.1,69,,69,Express
Turkmenistan,69,1.2,69,,69,Express
Turkmenistan,69,1.3,69,,69,Express
Turkmenistan,69,1.4,69,,69,Express
Turkmenistan,69,1.5,69,,69,Express
Turkmenistan,78,1.6,78,,78,Express
Turkmenistan,78,1.7,78,,78,Express
Turkmenistan,79,1.8,79,,79,Express
Turkmenistan,79,1.9,79,,79,Express
Turkmenistan,79,2,79,,79,Express
Turkmenistan,89,2.1,89,,89,Express
Turkmenistan,89,2.2,89,,89,Express
Turkmenistan,89,2.3,89,,89,Express
Turkmenistan,89,2.4,89,,89,Express
Turkmenistan,89,2.5,89,,89,Express
Turkmenistan,99,2.6,99,,99,Express
Turkmenistan,100,2.7,100,,100,Express
Turkmenistan,100,2.8,100,,100,Express
Turkmenistan,100,2.9,100,,100,Express
Turkmenistan,100,3,100,,100,Express
Turkmenistan,110,3.1,110,,110,Express
Turkmenistan,110,3.2,110,,110,Express
Turkmenistan,110,3.3,110,,110,Express
Turkmenistan,110,3.4,110,,110,Express
Turkmenistan,111,3.5,111,,111,Express
Turkmenistan,120,3.6,120,,120,Express
Turkmenistan,120,3.7,120,,120,Express
Turkmenistan,120,3.8,120,,120,Express
Turkmenistan,120,3.9,120,,120,Express
Turkmenistan,120,4,120,,120,Express
Turkmenistan,130,4.1,130,,130,Express
Turkmenistan,131,4.2,131,,131,Express
Turkmenistan,131,4.3,131,,131,Express
Turkmenistan,131,4.4,131,,131,Express
Turkmenistan,131,4.5,131,,131,Express
Turkmenistan,140,4.6,140,,140,Express
Turkmenistan,140,4.7,140,,140,Express
Turkmenistan,141,4.8,141,,141,Express
Turkmenistan,141,4.9,141,,141,Express
Turkmenistan,141,5,141,,141,Express
Turkmenistan,293,5.1,293,,293,Express
Turkmenistan,293,5.2,293,,293,Express
Turkmenistan,293,5.3,293,,293,Express
Turkmenistan,293,5.4,293,,293,Express
Turkmenistan,294,5.5,294,,294,Express
Turkmenistan,311,5.6,311,,311,Express
Turkmenistan,311,5.7,311,,311,Express
Turkmenistan,312,5.8,312,,312,Express
Turkmenistan,312,5.9,312,,312,Express
Turkmenistan,312,6,312,,312,Express
Turkmenistan,330,6.1,330,,330,Express
Turkmenistan,330,6.2,330,,330,Express
Turkmenistan,330,6.3,330,,330,Express
Turkmenistan,330,6.4,330,,330,Express
Turkmenistan,331,6.5,331,,331,Express
Turkmenistan,348,6.6,348,,348,Express
Turkmenistan,348,6.7,348,,348,Express
Turkmenistan,348,6.8,348,,348,Express
Turkmenistan,348,6.9,348,,348,Express
Turkmenistan,349,7,349,,349,Express
Turkmenistan,366,7.1,366,,366,Express
Turkmenistan,367,7.2,367,,367,Express
Turkmenistan,367,7.3,367,,367,Express
Turkmenistan,367,7.4,367,,367,Express
Turkmenistan,367,7.5,367,,367,Express
Turkmenistan,383,7.6,383,,383,Express
Turkmenistan,383,7.7,383,,383,Express
Turkmenistan,383,7.8,383,,383,Express
Turkmenistan,383,7.9,383,,383,Express
Turkmenistan,384,8,384,,384,Express
Turkmenistan,399,8.1,399,,399,Express
Turkmenistan,400,8.2,400,,400,Express
Turkmenistan,400,8.3,400,,400,Express
Turkmenistan,400,8.4,400,,400,Express
Turkmenistan,400,8.5,400,,400,Express
Turkmenistan,416,8.6,416,,416,Express
Turkmenistan,416,8.7,416,,416,Express
Turkmenistan,416,8.8,416,,416,Express
Turkmenistan,417,8.9,417,,417,Express
Turkmenistan,417,9,417,,417,Express
Turkmenistan,433,9.1,433,,433,Express
Turkmenistan,433,9.2,433,,433,Express
Turkmenistan,433,9.3,433,,433,Express
Turkmenistan,433,9.4,433,,433,Express
Turkmenistan,433,9.5,433,,433,Express
Turkmenistan,453,9.6,453,,453,Express
Turkmenistan,453,9.7,453,,453,Express
Turkmenistan,454,9.8,454,,454,Express
Turkmenistan,454,9.9,454,,454,Express
Turkmenistan,454,10,454,,454,Express
Turks And Caicos Islands,47,0.1,47,,47,Express
Turks And Caicos Islands,47,0.2,47,,47,Express
Turks And Caicos Islands,47,0.3,47,,47,Express
Turks And Caicos Islands,48,0.4,48,,48,Express
Turks And Caicos Islands,48,0.5,48,,48,Express
Turks And Caicos Islands,58,0.6,58,,58,Express
Turks And Caicos Islands,58,0.7,58,,58,Express
Turks And Caicos Islands,58,0.8,58,,58,Express
Turks And Caicos Islands,58,0.9,58,,58,Express
Turks And Caicos Islands,58,1,58,,58,Express
Turks And Caicos Islands,69,1.1,69,,69,Express
Turks And Caicos Islands,69,1.2,69,,69,Express
Turks And Caicos Islands,69,1.3,69,,69,Express
Turks And Caicos Islands,69,1.4,69,,69,Express
Turks And Caicos Islands,69,1.5,69,,69,Express
Turks And Caicos Islands,78,1.6,78,,78,Express
Turks And Caicos Islands,78,1.7,78,,78,Express
Turks And Caicos Islands,79,1.8,79,,79,Express
Turks And Caicos Islands,79,1.9,79,,79,Express
Turks And Caicos Islands,79,2,79,,79,Express
Turks And Caicos Islands,89,2.1,89,,89,Express
Turks And Caicos Islands,89,2.2,89,,89,Express
Turks And Caicos Islands,89,2.3,89,,89,Express
Turks And Caicos Islands,89,2.4,89,,89,Express
Turks And Caicos Islands,89,2.5,89,,89,Express
Turks And Caicos Islands,99,2.6,99,,99,Express
Turks And Caicos Islands,100,2.7,100,,100,Express
Turks And Caicos Islands,100,2.8,100,,100,Express
Turks And Caicos Islands,100,2.9,100,,100,Express
Turks And Caicos Islands,100,3,100,,100,Express
Turks And Caicos Islands,110,3.1,110,,110,Express
Turks And Caicos Islands,110,3.2,110,,110,Express
Turks And Caicos Islands,110,3.3,110,,110,Express
Turks And Caicos Islands,110,3.4,110,,110,Express
Turks And Caicos Islands,111,3.5,111,,111,Express
Turks And Caicos Islands,120,3.6,120,,120,Express
Turks And Caicos Islands,120,3.7,120,,120,Express
Turks And Caicos Islands,120,3.8,120,,120,Express
Turks And Caicos Islands,120,3.9,120,,120,Express
Turks And Caicos Islands,120,4,120,,120,Express
Turks And Caicos Islands,130,4.1,130,,130,Express
Turks And Caicos Islands,131,4.2,131,,131,Express
Turks And Caicos Islands,131,4.3,131,,131,Express
Turks And Caicos Islands,131,4.4,131,,131,Express
Turks And Caicos Islands,131,4.5,131,,131,Express
Turks And Caicos Islands,140,4.6,140,,140,Express
Turks And Caicos Islands,140,4.7,140,,140,Express
Turks And Caicos Islands,141,4.8,141,,141,Express
Turks And Caicos Islands,141,4.9,141,,141,Express
Turks And Caicos Islands,141,5,141,,141,Express
Turks And Caicos Islands,293,5.1,293,,293,Express
Turks And Caicos Islands,293,5.2,293,,293,Express
Turks And Caicos Islands,293,5.3,293,,293,Express
Turks And Caicos Islands,293,5.4,293,,293,Express
Turks And Caicos Islands,294,5.5,294,,294,Express
Turks And Caicos Islands,311,5.6,311,,311,Express
Turks And Caicos Islands,311,5.7,311,,311,Express
Turks And Caicos Islands,312,5.8,312,,312,Express
Turks And Caicos Islands,312,5.9,312,,312,Express
Turks And Caicos Islands,312,6,312,,312,Express
Turks And Caicos Islands,330,6.1,330,,330,Express
Turks And Caicos Islands,330,6.2,330,,330,Express
Turks And Caicos Islands,330,6.3,330,,330,Express
Turks And Caicos Islands,330,6.4,330,,330,Express
Turks And Caicos Islands,331,6.5,331,,331,Express
Turks And Caicos Islands,348,6.6,348,,348,Express
Turks And Caicos Islands,348,6.7,348,,348,Express
Turks And Caicos Islands,348,6.8,348,,348,Express
Turks And Caicos Islands,348,6.9,348,,348,Express
Turks And Caicos Islands,349,7,349,,349,Express
Turks And Caicos Islands,366,7.1,366,,366,Express
Turks And Caicos Islands,367,7.2,367,,367,Express
Turks And Caicos Islands,367,7.3,367,,367,Express
Turks And Caicos Islands,367,7.4,367,,367,Express
Turks And Caicos Islands,367,7.5,367,,367,Express
Turks And Caicos Islands,383,7.6,383,,383,Express
Turks And Caicos Islands,383,7.7,383,,383,Express
Turks And Caicos Islands,383,7.8,383,,383,Express
Turks And Caicos Islands,383,7.9,383,,383,Express
Turks And Caicos Islands,384,8,384,,384,Express
Turks And Caicos Islands,399,8.1,399,,399,Express
Turks And Caicos Islands,400,8.2,400,,400,Express
Turks And Caicos Islands,400,8.3,400,,400,Express
Turks And Caicos Islands,400,8.4,400,,400,Express
Turks And Caicos Islands,400,8.5,400,,400,Express
Turks And Caicos Islands,416,8.6,416,,416,Express
Turks And Caicos Islands,416,8.7,416,,416,Express
Turks And Caicos Islands,416,8.8,416,,416,Express
Turks And Caicos Islands,417,8.9,417,,417,Express
Turks And Caicos Islands,417,9,417,,417,Express
Turks And Caicos Islands,433,9.1,433,,433,Express
Turks And Caicos Islands,433,9.2,433,,433,Express
Turks And Caicos Islands,433,9.3,433,,433,Express
Turks And Caicos Islands,433,9.4,433,,433,Express
Turks And Caicos Islands,433,9.5,433,,433,Express
Turks And Caicos Islands,453,9.6,453,,453,Express
Turks And Caicos Islands,453,9.7,453,,453,Express
Turks And Caicos Islands,454,9.8,454,,454,Express
Turks And Caicos Islands,454,9.9,454,,454,Express
Turks And Caicos Islands,454,10,454,,454,Express
Tuvalu,47,0.1,47,,47,Express
Tuvalu,47,0.2,47,,47,Express
Tuvalu,47,0.3,47,,47,Express
Tuvalu,48,0.4,48,,48,Express
Tuvalu,48,0.5,48,,48,Express
Tuvalu,58,0.6,58,,58,Express
Tuvalu,58,0.7,58,,58,Express
Tuvalu,58,0.8,58,,58,Express
Tuvalu,58,0.9,58,,58,Express
Tuvalu,58,1,58,,58,Express
Tuvalu,69,1.1,69,,69,Express
Tuvalu,69,1.2,69,,69,Express
Tuvalu,69,1.3,69,,69,Express
Tuvalu,69,1.4,69,,69,Express
Tuvalu,69,1.5,69,,69,Express
Tuvalu,78,1.6,78,,78,Express
Tuvalu,78,1.7,78,,78,Express
Tuvalu,79,1.8,79,,79,Express
Tuvalu,79,1.9,79,,79,Express
Tuvalu,79,2,79,,79,Express
Tuvalu,89,2.1,89,,89,Express
Tuvalu,89,2.2,89,,89,Express
Tuvalu,89,2.3,89,,89,Express
Tuvalu,89,2.4,89,,89,Express
Tuvalu,89,2.5,89,,89,Express
Tuvalu,99,2.6,99,,99,Express
Tuvalu,100,2.7,100,,100,Express
Tuvalu,100,2.8,100,,100,Express
Tuvalu,100,2.9,100,,100,Express
Tuvalu,100,3,100,,100,Express
Tuvalu,110,3.1,110,,110,Express
Tuvalu,110,3.2,110,,110,Express
Tuvalu,110,3.3,110,,110,Express
Tuvalu,110,3.4,110,,110,Express
Tuvalu,111,3.5,111,,111,Express
Tuvalu,120,3.6,120,,120,Express
Tuvalu,120,3.7,120,,120,Express
Tuvalu,120,3.8,120,,120,Express
Tuvalu,120,3.9,120,,120,Express
Tuvalu,120,4,120,,120,Express
Tuvalu,130,4.1,130,,130,Express
Tuvalu,131,4.2,131,,131,Express
Tuvalu,131,4.3,131,,131,Express
Tuvalu,131,4.4,131,,131,Express
Tuvalu,131,4.5,131,,131,Express
Tuvalu,140,4.6,140,,140,Express
Tuvalu,140,4.7,140,,140,Express
Tuvalu,141,4.8,141,,141,Express
Tuvalu,141,4.9,141,,141,Express
Tuvalu,141,5,141,,141,Express
Tuvalu,293,5.1,293,,293,Express
Tuvalu,293,5.2,293,,293,Express
Tuvalu,293,5.3,293,,293,Express
Tuvalu,293,5.4,293,,293,Express
Tuvalu,294,5.5,294,,294,Express
Tuvalu,311,5.6,311,,311,Express
Tuvalu,311,5.7,311,,311,Express
Tuvalu,312,5.8,312,,312,Express
Tuvalu,312,5.9,312,,312,Express
Tuvalu,312,6,312,,312,Express
Tuvalu,330,6.1,330,,330,Express
Tuvalu,330,6.2,330,,330,Express
Tuvalu,330,6.3,330,,330,Express
Tuvalu,330,6.4,330,,330,Express
Tuvalu,331,6.5,331,,331,Express
Tuvalu,348,6.6,348,,348,Express
Tuvalu,348,6.7,348,,348,Express
Tuvalu,348,6.8,348,,348,Express
Tuvalu,348,6.9,348,,348,Express
Tuvalu,349,7,349,,349,Express
Tuvalu,366,7.1,366,,366,Express
Tuvalu,367,7.2,367,,367,Express
Tuvalu,367,7.3,367,,367,Express
Tuvalu,367,7.4,367,,367,Express
Tuvalu,367,7.5,367,,367,Express
Tuvalu,383,7.6,383,,383,Express
Tuvalu,383,7.7,383,,383,Express
Tuvalu,383,7.8,383,,383,Express
Tuvalu,383,7.9,383,,383,Express
Tuvalu,384,8,384,,384,Express
Tuvalu,399,8.1,399,,399,Express
Tuvalu,400,8.2,400,,400,Express
Tuvalu,400,8.3,400,,400,Express
Tuvalu,400,8.4,400,,400,Express
Tuvalu,400,8.5,400,,400,Express
Tuvalu,416,8.6,416,,416,Express
Tuvalu,416,8.7,416,,416,Express
Tuvalu,416,8.8,416,,416,Express
Tuvalu,417,8.9,417,,417,Express
Tuvalu,417,9,417,,417,Express
Tuvalu,433,9.1,433,,433,Express
Tuvalu,433,9.2,433,,433,Express
Tuvalu,433,9.3,433,,433,Express
Tuvalu,433,9.4,433,,433,Express
Tuvalu,433,9.5,433,,433,Express
Tuvalu,453,9.6,453,,453,Express
Tuvalu,453,9.7,453,,453,Express
Tuvalu,454,9.8,454,,454,Express
Tuvalu,454,9.9,454,,454,Express
Tuvalu,454,10,454,,454,Express
Ukraine,47,0.1,47,,47,Express
Ukraine,47,0.2,47,,47,Express
Ukraine,47,0.3,47,,47,Express
Ukraine,48,0.4,48,,48,Express
Ukraine,48,0.5,48,,48,Express
Ukraine,58,0.6,58,,58,Express
Ukraine,58,0.7,58,,58,Express
Ukraine,58,0.8,58,,58,Express
Ukraine,58,0.9,58,,58,Express
Ukraine,58,1,58,,58,Express
Ukraine,69,1.1,69,,69,Express
Ukraine,69,1.2,69,,69,Express
Ukraine,69,1.3,69,,69,Express
Ukraine,69,1.4,69,,69,Express
Ukraine,69,1.5,69,,69,Express
Ukraine,78,1.6,78,,78,Express
Ukraine,78,1.7,78,,78,Express
Ukraine,79,1.8,79,,79,Express
Ukraine,79,1.9,79,,79,Express
Ukraine,79,2,79,,79,Express
Ukraine,89,2.1,89,,89,Express
Ukraine,89,2.2,89,,89,Express
Ukraine,89,2.3,89,,89,Express
Ukraine,89,2.4,89,,89,Express
Ukraine,89,2.5,89,,89,Express
Ukraine,99,2.6,99,,99,Express
Ukraine,100,2.7,100,,100,Express
Ukraine,100,2.8,100,,100,Express
Ukraine,100,2.9,100,,100,Express
Ukraine,100,3,100,,100,Express
Ukraine,110,3.1,110,,110,Express
Ukraine,110,3.2,110,,110,Express
Ukraine,110,3.3,110,,110,Express
Ukraine,110,3.4,110,,110,Express
Ukraine,111,3.5,111,,111,Express
Ukraine,120,3.6,120,,120,Express
Ukraine,120,3.7,120,,120,Express
Ukraine,120,3.8,120,,120,Express
Ukraine,120,3.9,120,,120,Express
Ukraine,120,4,120,,120,Express
Ukraine,130,4.1,130,,130,Express
Ukraine,131,4.2,131,,131,Express
Ukraine,131,4.3,131,,131,Express
Ukraine,131,4.4,131,,131,Express
Ukraine,131,4.5,131,,131,Express
Ukraine,140,4.6,140,,140,Express
Ukraine,140,4.7,140,,140,Express
Ukraine,141,4.8,141,,141,Express
Ukraine,141,4.9,141,,141,Express
Ukraine,141,5,141,,141,Express
Ukraine,293,5.1,293,,293,Express
Ukraine,293,5.2,293,,293,Express
Ukraine,293,5.3,293,,293,Express
Ukraine,293,5.4,293,,293,Express
Ukraine,294,5.5,294,,294,Express
Ukraine,311,5.6,311,,311,Express
Ukraine,311,5.7,311,,311,Express
Ukraine,312,5.8,312,,312,Express
Ukraine,312,5.9,312,,312,Express
Ukraine,312,6,312,,312,Express
Ukraine,330,6.1,330,,330,Express
Ukraine,330,6.2,330,,330,Express
Ukraine,330,6.3,330,,330,Express
Ukraine,330,6.4,330,,330,Express
Ukraine,331,6.5,331,,331,Express
Ukraine,348,6.6,348,,348,Express
Ukraine,348,6.7,348,,348,Express
Ukraine,348,6.8,348,,348,Express
Ukraine,348,6.9,348,,348,Express
Ukraine,349,7,349,,349,Express
Ukraine,366,7.1,366,,366,Express
Ukraine,367,7.2,367,,367,Express
Ukraine,367,7.3,367,,367,Express
Ukraine,367,7.4,367,,367,Express
Ukraine,367,7.5,367,,367,Express
Ukraine,383,7.6,383,,383,Express
Ukraine,383,7.7,383,,383,Express
Ukraine,383,7.8,383,,383,Express
Ukraine,383,7.9,383,,383,Express
Ukraine,384,8,384,,384,Express
Ukraine,399,8.1,399,,399,Express
Ukraine,400,8.2,400,,400,Express
Ukraine,400,8.3,400,,400,Express
Ukraine,400,8.4,400,,400,Express
Ukraine,400,8.5,400,,400,Express
Ukraine,416,8.6,416,,416,Express
Ukraine,416,8.7,416,,416,Express
Ukraine,416,8.8,416,,416,Express
Ukraine,417,8.9,417,,417,Express
Ukraine,417,9,417,,417,Express
Ukraine,433,9.1,433,,433,Express
Ukraine,433,9.2,433,,433,Express
Ukraine,433,9.3,433,,433,Express
Ukraine,433,9.4,433,,433,Express
Ukraine,433,9.5,433,,433,Express
Ukraine,453,9.6,453,,453,Express
Ukraine,453,9.7,453,,453,Express
Ukraine,454,9.8,454,,454,Express
Ukraine,454,9.9,454,,454,Express
Ukraine,454,10,454,,454,Express
United Arab Emirates,3,0.1,3,21,32,Standard
United Arab Emirates,6,0.2,6,21,32,Standard
United Arab Emirates,8,0.3,8,21,33,Standard
United Arab Emirates,10,0.4,10,21,33,Standard
United Arab Emirates,13,0.5,13,21,33,Standard
United Arab Emirates,15,0.6,15,23,45,Standard
United Arab Emirates,18,0.7,18,23,45,Standard
United Arab Emirates,20,0.8,20,24,46,Standard
United Arab Emirates,22,0.9,22,24,46,Standard
United Arab Emirates,24,1,24,24,46,Standard
United Arab Emirates,25,1.1,25,25,54,Standard
United Arab Emirates,25,1.2,25,25,54,Standard
United Arab Emirates,26,1.3,26,26,54,Standard
United Arab Emirates,26,1.4,26,26,54,Standard
United Arab Emirates,26,1.5,26,26,54,Standard
United Arab Emirates,28,1.6,28,28,62,Standard
United Arab Emirates,28,1.7,28,28,62,Standard
United Arab Emirates,30,1.8,30,30,62,Standard
United Arab Emirates,30,1.9,30,30,62,Standard
United Arab Emirates,30,2,30,30,62,Standard
United Arab Emirates,33,2.1,33,33,70,Standard
United Arab Emirates,33,2.2,33,33,70,Standard
United Arab Emirates,33,2.3,33,33,70,Standard
United Arab Emirates,33,2.4,33,33,70,Standard
United Arab Emirates,33,2.5,33,33,70,Standard
United Arab Emirates,36,2.6,36,36,74,Standard
United Arab Emirates,36,2.7,36,36,74,Standard
United Arab Emirates,36,2.8,36,36,75,Standard
United Arab Emirates,36,2.9,36,36,75,Standard
United Arab Emirates,36,3,36,36,75,Standard
United Arab Emirates,38,3.1,38,38,82,Standard
United Arab Emirates,38,3.2,38,38,82,Standard
United Arab Emirates,38,3.3,38,38,82,Standard
United Arab Emirates,38,3.4,38,38,83,Standard
United Arab Emirates,38,3.5,38,38,83,Standard
United Arab Emirates,41,3.6,41,41,90,Standard
United Arab Emirates,41,3.7,41,41,91,Standard
United Arab Emirates,41,3.8,41,41,91,Standard
United Arab Emirates,41,3.9,41,41,91,Standard
United Arab Emirates,41,4,41,41,91,Standard
United Arab Emirates,44,4.1,44,44,98,Standard
United Arab Emirates,44,4.2,44,44,98,Standard
United Arab Emirates,44,4.3,44,44,98,Standard
United Arab Emirates,44,4.4,44,44,98,Standard
United Arab Emirates,44,4.5,44,44,99,Standard
United Arab Emirates,47,4.6,47,47,108,Standard
United Arab Emirates,47,4.7,47,47,108,Standard
United Arab Emirates,47,4.8,47,47,108,Standard
United Arab Emirates,47,4.9,47,47,108,Standard
United Arab Emirates,47,5,47,47,109,Standard
United Arab Emirates,50,5.1,50,50,223,Standard
United Arab Emirates,50,5.2,50,50,223,Standard
United Arab Emirates,50,5.3,50,50,223,Standard
United Arab Emirates,50,5.4,50,50,224,Standard
United Arab Emirates,50,5.5,50,50,224,Standard
United Arab Emirates,53,5.6,53,53,239,Standard
United Arab Emirates,53,5.7,53,53,239,Standard
United Arab Emirates,53,5.8,53,53,239,Standard
United Arab Emirates,53,5.9,53,53,239,Standard
United Arab Emirates,53,6,53,53,239,Standard
United Arab Emirates,56,6.1,56,56,255,Standard
United Arab Emirates,56,6.2,56,56,255,Standard
United Arab Emirates,56,6.3,56,56,255,Standard
United Arab Emirates,56,6.4,56,56,255,Standard
United Arab Emirates,56,6.5,56,56,255,Standard
United Arab Emirates,60,6.6,60,60,270,Standard
United Arab Emirates,60,6.7,60,60,271,Standard
United Arab Emirates,60,6.8,60,60,271,Standard
United Arab Emirates,60,6.9,60,60,271,Standard
United Arab Emirates,60,7,60,60,271,Standard
United Arab Emirates,64,7.1,64,64,286,Standard
United Arab Emirates,64,7.2,64,64,286,Standard
United Arab Emirates,64,7.3,64,64,287,Standard
United Arab Emirates,64,7.4,64,64,287,Standard
United Arab Emirates,64,7.5,64,64,287,Standard
United Arab Emirates,67,7.6,67,67,301,Standard
United Arab Emirates,67,7.7,67,67,301,Standard
United Arab Emirates,67,7.8,67,67,301,Standard
United Arab Emirates,67,7.9,67,67,302,Standard
United Arab Emirates,67,8,67,67,302,Standard
United Arab Emirates,71,8.1,71,71,316,Standard
United Arab Emirates,71,8.2,71,71,316,Standard
United Arab Emirates,71,8.3,71,71,316,Standard
United Arab Emirates,71,8.4,71,71,317,Standard
United Arab Emirates,71,8.5,71,71,317,Standard
United Arab Emirates,75,8.6,75,75,331,Standard
United Arab Emirates,75,8.7,75,75,331,Standard
United Arab Emirates,75,8.8,75,75,331,Standard
United Arab Emirates,75,8.9,75,75,332,Standard
United Arab Emirates,75,9,75,75,332,Standard
United Arab Emirates,78,9.1,78,78,346,Standard
United Arab Emirates,78,9.2,78,78,346,Standard
United Arab Emirates,78,9.3,78,78,346,Standard
United Arab Emirates,78,9.4,78,78,346,Standard
United Arab Emirates,78,9.5,78,78,347,Standard
United Arab Emirates,83,9.6,83,83,355,Standard
United Arab Emirates,83,9.7,83,83,356,Standard
United Arab Emirates,83,9.8,83,83,356,Standard
United Arab Emirates,83,9.9,83,83,356,Standard
United Arab Emirates,83,10,83,83,356,Standard
United Kingdom,4,0.1,4,22,30,Standard
United Kingdom,6,0.2,6,22,30,Standard
United Kingdom,8,0.3,8,22,31,Standard
United Kingdom,9,0.4,9,22,31,Standard
United Kingdom,11,0.5,11,22,31,Standard
United Kingdom,12,0.6,12,23,35,Standard
United Kingdom,14,0.7,14,23,35,Standard
United Kingdom,15,0.8,15,25,36,Standard
United Kingdom,16,0.9,16,25,36,Standard
United Kingdom,18,1,18,25,36,Standard
United Kingdom,19,1.1,19,26,40,Standard
United Kingdom,21,1.2,21,26,41,Standard
United Kingdom,23,1.3,23,28,41,Standard
United Kingdom,24,1.4,24,28,41,Standard
United Kingdom,26,1.5,26,28,41,Standard
United Kingdom,27,1.6,27,29,47,Standard
United Kingdom,29,1.7,29,29,47,Standard
United Kingdom,31,1.8,31,31,47,Standard
United Kingdom,31,1.9,31,31,47,Standard
United Kingdom,31,2,31,31,47,Standard
United Kingdom,34,2.1,34,34,53,Standard
United Kingdom,34,2.2,34,34,54,Standard
United Kingdom,34,2.3,34,34,54,Standard
United Kingdom,34,2.4,34,34,54,Standard
United Kingdom,34,2.5,34,34,54,Standard
United Kingdom,37,2.6,37,37,58,Standard
United Kingdom,37,2.7,37,37,58,Standard
United Kingdom,37,2.8,37,37,58,Standard
United Kingdom,37,2.9,37,37,58,Standard
United Kingdom,37,3,37,37,59,Standard
United Kingdom,40,3.1,40,40,64,Standard
United Kingdom,40,3.2,40,40,64,Standard
United Kingdom,40,3.3,40,40,64,Standard
United Kingdom,40,3.4,40,40,65,Standard
United Kingdom,40,3.5,40,40,65,Standard
United Kingdom,43,3.6,43,43,70,Standard
United Kingdom,43,3.7,43,43,70,Standard
United Kingdom,43,3.8,43,43,70,Standard
United Kingdom,43,3.9,43,43,70,Standard
United Kingdom,43,4,43,43,70,Standard
United Kingdom,47,4.1,47,47,76,Standard
United Kingdom,47,4.2,47,47,76,Standard
United Kingdom,47,4.3,47,47,76,Standard
United Kingdom,47,4.4,47,47,76,Standard
United Kingdom,47,4.5,47,47,76,Standard
United Kingdom,50,4.6,50,50,81,Standard
United Kingdom,50,4.7,50,50,81,Standard
United Kingdom,50,4.8,50,50,81,Standard
United Kingdom,50,4.9,50,50,82,Standard
United Kingdom,50,5,50,50,82,Standard
United Kingdom,54,5.1,54,54,126,Standard
United Kingdom,54,5.2,54,54,127,Standard
United Kingdom,54,5.3,54,54,127,Standard
United Kingdom,54,5.4,54,54,127,Standard
United Kingdom,54,5.5,54,54,127,Standard
United Kingdom,58,5.6,58,58,135,Standard
United Kingdom,58,5.7,58,58,135,Standard
United Kingdom,58,5.8,58,58,135,Standard
United Kingdom,58,5.9,58,58,135,Standard
United Kingdom,58,6,58,58,136,Standard
United Kingdom,61,6.1,61,61,144,Standard
United Kingdom,61,6.2,61,61,144,Standard
United Kingdom,61,6.3,61,61,144,Standard
United Kingdom,61,6.4,61,61,144,Standard
United Kingdom,61,6.5,61,61,145,Standard
United Kingdom,65,6.6,65,65,153,Standard
United Kingdom,65,6.7,65,65,153,Standard
United Kingdom,65,6.8,65,65,153,Standard
United Kingdom,65,6.9,65,65,153,Standard
United Kingdom,65,7,65,65,153,Standard
United Kingdom,69,7.1,69,69,162,Standard
United Kingdom,69,7.2,69,69,162,Standard
United Kingdom,69,7.3,69,69,162,Standard
United Kingdom,69,7.4,69,69,162,Standard
United Kingdom,69,7.5,69,69,162,Standard
United Kingdom,73,7.6,73,73,169,Standard
United Kingdom,73,7.7,73,73,170,Standard
United Kingdom,73,7.8,73,73,170,Standard
United Kingdom,73,7.9,73,73,170,Standard
United Kingdom,73,8,73,73,170,Standard
United Kingdom,77,8.1,77,77,177,Standard
United Kingdom,77,8.2,77,77,177,Standard
United Kingdom,77,8.3,77,77,177,Standard
United Kingdom,77,8.4,77,77,177,Standard
United Kingdom,77,8.5,77,77,177,Standard
United Kingdom,82,8.6,82,82,185,Standard
United Kingdom,82,8.7,82,82,185,Standard
United Kingdom,82,8.8,82,82,185,Standard
United Kingdom,82,8.9,82,82,185,Standard
United Kingdom,82,9,82,82,185,Standard
United Kingdom,86,9.1,86,86,192,Standard
United Kingdom,86,9.2,86,86,192,Standard
United Kingdom,86,9.3,86,86,192,Standard
United Kingdom,86,9.4,86,86,193,Standard
United Kingdom,86,9.5,86,86,193,Standard
United Kingdom,90,9.6,90,90,198,Standard
United Kingdom,90,9.7,90,90,199,Standard
United Kingdom,90,9.8,90,90,199,Standard
United Kingdom,90,9.9,90,90,199,Standard
United Kingdom,90,10,90,90,199,Standard
United States,7,0.1,7,23,59,Standard
United States,8,0.2,8,23,59,Standard
United States,10,0.3,10,23,59,Standard
United States,12,0.4,12,23,59,Standard
United States,14,0.5,14,23,59,Standard
United States,16,0.6,16,25,66,Standard
United States,18,0.7,18,25,66,Standard
United States,19,0.8,19,27,66,Standard
United States,21,0.9,21,27,66,Standard
United States,23,1,23,27,66,Standard
United States,25,1.1,25,29,68,Standard
United States,27,1.2,27,29,68,Standard
United States,29,1.3,29,33,68,Standard
United States,32,1.4,32,33,68,Standard
United States,33,1.5,33,33,69,Standard
United States,36,1.6,36,36,73,Standard
United States,36,1.7,36,36,73,Standard
United States,39,1.8,39,39,73,Standard
United States,39,1.9,39,39,73,Standard
United States,39,2,39,39,74,Standard
United States,43,2.1,43,43,79,Standard
United States,43,2.2,43,43,79,Standard
United States,43,2.3,43,43,79,Standard
United States,43,2.4,43,43,79,Standard
United States,43,2.5,43,43,79,Standard
United States,49,2.6,49,49,86,Standard
United States,49,2.7,49,49,86,Standard
United States,49,2.8,49,49,86,Standard
United States,49,2.9,49,49,86,Standard
United States,49,3,49,49,86,Standard
United States,54,3.1,54,54,91,Standard
United States,54,3.2,54,54,91,Standard
United States,54,3.3,54,54,91,Standard
United States,54,3.4,54,54,91,Standard
United States,54,3.5,54,54,91,Standard
United States,60,3.6,60,60,96,Standard
United States,60,3.7,60,60,96,Standard
United States,60,3.8,60,60,96,Standard
United States,60,3.9,60,60,96,Standard
United States,60,4,60,60,96,Standard
United States,66,4.1,66,66,101,Standard
United States,66,4.2,66,66,101,Standard
United States,66,4.3,66,66,101,Standard
United States,66,4.4,66,66,101,Standard
United States,66,4.5,66,66,101,Standard
United States,72,4.6,72,72,106,Standard
United States,72,4.7,72,72,106,Standard
United States,72,4.8,72,72,106,Standard
United States,72,4.9,72,72,106,Standard
United States,72,5,72,72,106,Standard
United States,78,5.1,78,78,131,Standard
United States,78,5.2,78,78,131,Standard
United States,78,5.3,78,78,131,Standard
United States,78,5.4,78,78,131,Standard
United States,78,5.5,78,78,131,Standard
United States,84,5.6,84,84,137,Standard
United States,84,5.7,84,84,137,Standard
United States,84,5.8,84,84,137,Standard
United States,84,5.9,84,84,137,Standard
United States,84,6,84,84,137,Standard
United States,90,6.1,90,90,142,Standard
United States,90,6.2,90,90,143,Standard
United States,90,6.3,90,90,143,Standard
United States,90,6.4,90,90,143,Standard
United States,90,6.5,90,90,143,Standard
United States,95,6.6,95,95,148,Standard
United States,95,6.7,95,95,149,Standard
United States,95,6.8,95,95,149,Standard
United States,95,6.9,95,95,149,Standard
United States,95,7,95,95,149,Standard
United States,101,7.1,101,101,153,Standard
United States,101,7.2,101,101,154,Standard
United States,101,7.3,101,101,154,Standard
United States,101,7.4,101,101,154,Standard
United States,101,7.5,101,101,154,Standard
United States,106,7.6,106,106,159,Standard
United States,106,7.7,106,106,159,Standard
United States,106,7.8,106,106,160,Standard
United States,106,7.9,106,106,160,Standard
United States,106,8,106,106,160,Standard
United States,112,8.1,112,112,165,Standard
United States,112,8.2,112,112,165,Standard
United States,112,8.3,112,112,165,Standard
United States,112,8.4,112,112,165,Standard
United States,112,8.5,112,112,165,Standard
United States,118,8.6,118,118,171,Standard
United States,118,8.7,118,118,171,Standard
United States,118,8.8,118,118,171,Standard
United States,118,8.9,118,118,171,Standard
United States,118,9,118,118,171,Standard
United States,124,9.1,124,124,177,Standard
United States,124,9.2,124,124,177,Standard
United States,124,9.3,124,124,177,Standard
United States,124,9.4,124,124,177,Standard
United States,124,9.5,124,124,177,Standard
United States,130,9.6,130,130,183,Standard
United States,130,9.7,130,130,183,Standard
United States,130,9.8,130,130,183,Standard
United States,130,9.9,130,130,183,Standard
United States,130,10,130,130,183,Standard
Uruguay,47,0.1,47,,47,Express
Uruguay,47,0.2,47,,47,Express
Uruguay,47,0.3,47,,47,Express
Uruguay,48,0.4,48,,48,Express
Uruguay,48,0.5,48,,48,Express
Uruguay,58,0.6,58,,58,Express
Uruguay,58,0.7,58,,58,Express
Uruguay,58,0.8,58,,58,Express
Uruguay,58,0.9,58,,58,Express
Uruguay,58,1,58,,58,Express
Uruguay,69,1.1,69,,69,Express
Uruguay,69,1.2,69,,69,Express
Uruguay,69,1.3,69,,69,Express
Uruguay,69,1.4,69,,69,Express
Uruguay,69,1.5,69,,69,Express
Uruguay,78,1.6,78,,78,Express
Uruguay,78,1.7,78,,78,Express
Uruguay,79,1.8,79,,79,Express
Uruguay,79,1.9,79,,79,Express
Uruguay,79,2,79,,79,Express
Uruguay,89,2.1,89,,89,Express
Uruguay,89,2.2,89,,89,Express
Uruguay,89,2.3,89,,89,Express
Uruguay,89,2.4,89,,89,Express
Uruguay,89,2.5,89,,89,Express
Uruguay,99,2.6,99,,99,Express
Uruguay,100,2.7,100,,100,Express
Uruguay,100,2.8,100,,100,Express
Uruguay,100,2.9,100,,100,Express
Uruguay,100,3,100,,100,Express
Uruguay,110,3.1,110,,110,Express
Uruguay,110,3.2,110,,110,Express
Uruguay,110,3.3,110,,110,Express
Uruguay,110,3.4,110,,110,Express
Uruguay,111,3.5,111,,111,Express
Uruguay,120,3.6,120,,120,Express
Uruguay,120,3.7,120,,120,Express
Uruguay,120,3.8,120,,120,Express
Uruguay,120,3.9,120,,120,Express
Uruguay,120,4,120,,120,Express
Uruguay,130,4.1,130,,130,Express
Uruguay,131,4.2,131,,131,Express
Uruguay,131,4.3,131,,131,Express
Uruguay,131,4.4,131,,131,Express
Uruguay,131,4.5,131,,131,Express
Uruguay,140,4.6,140,,140,Express
Uruguay,140,4.7,140,,140,Express
Uruguay,141,4.8,141,,141,Express
Uruguay,141,4.9,141,,141,Express
Uruguay,141,5,141,,141,Express
Uruguay,293,5.1,293,,293,Express
Uruguay,293,5.2,293,,293,Express
Uruguay,293,5.3,293,,293,Express
Uruguay,293,5.4,293,,293,Express
Uruguay,294,5.5,294,,294,Express
Uruguay,311,5.6,311,,311,Express
Uruguay,311,5.7,311,,311,Express
Uruguay,312,5.8,312,,312,Express
Uruguay,312,5.9,312,,312,Express
Uruguay,312,6,312,,312,Express
Uruguay,330,6.1,330,,330,Express
Uruguay,330,6.2,330,,330,Express
Uruguay,330,6.3,330,,330,Express
Uruguay,330,6.4,330,,330,Express
Uruguay,331,6.5,331,,331,Express
Uruguay,348,6.6,348,,348,Express
Uruguay,348,6.7,348,,348,Express
Uruguay,348,6.8,348,,348,Express
Uruguay,348,6.9,348,,348,Express
Uruguay,349,7,349,,349,Express
Uruguay,366,7.1,366,,366,Express
Uruguay,367,7.2,367,,367,Express
Uruguay,367,7.3,367,,367,Express
Uruguay,367,7.4,367,,367,Express
Uruguay,367,7.5,367,,367,Express
Uruguay,383,7.6,383,,383,Express
Uruguay,383,7.7,383,,383,Express
Uruguay,383,7.8,383,,383,Express
Uruguay,383,7.9,383,,383,Express
Uruguay,384,8,384,,384,Express
Uruguay,399,8.1,399,,399,Express
Uruguay,400,8.2,400,,400,Express
Uruguay,400,8.3,400,,400,Express
Uruguay,400,8.4,400,,400,Express
Uruguay,400,8.5,400,,400,Express
Uruguay,416,8.6,416,,416,Express
Uruguay,416,8.7,416,,416,Express
Uruguay,416,8.8,416,,416,Express
Uruguay,417,8.9,417,,417,Express
Uruguay,417,9,417,,417,Express
Uruguay,433,9.1,433,,433,Express
Uruguay,433,9.2,433,,433,Express
Uruguay,433,9.3,433,,433,Express
Uruguay,433,9.4,433,,433,Express
Uruguay,433,9.5,433,,433,Express
Uruguay,453,9.6,453,,453,Express
Uruguay,453,9.7,453,,453,Express
Uruguay,454,9.8,454,,454,Express
Uruguay,454,9.9,454,,454,Express
Uruguay,454,10,454,,454,Express
Uzbekistan,3,0.1,3,21,32,Standard
Uzbekistan,5,0.2,5,21,32,Standard
Uzbekistan,8,0.3,8,21,33,Standard
Uzbekistan,10,0.4,10,21,33,Standard
Uzbekistan,12,0.5,12,21,33,Standard
Uzbekistan,14,0.6,14,23,45,Standard
Uzbekistan,16,0.7,16,23,45,Standard
Uzbekistan,19,0.8,19,24,46,Standard
Uzbekistan,21,0.9,21,24,46,Standard
Uzbekistan,23,1,23,24,46,Standard
Uzbekistan,25,1.1,25,25,54,Standard
Uzbekistan,25,1.2,25,25,54,Standard
Uzbekistan,26,1.3,26,26,54,Standard
Uzbekistan,26,1.4,26,26,54,Standard
Uzbekistan,26,1.5,26,26,54,Standard
Uzbekistan,28,1.6,28,28,62,Standard
Uzbekistan,28,1.7,28,28,62,Standard
Uzbekistan,30,1.8,30,30,62,Standard
Uzbekistan,30,1.9,30,30,62,Standard
Uzbekistan,30,2,30,30,62,Standard
Uzbekistan,33,2.1,33,33,70,Standard
Uzbekistan,33,2.2,33,33,70,Standard
Uzbekistan,33,2.3,33,33,70,Standard
Uzbekistan,33,2.4,33,33,70,Standard
Uzbekistan,33,2.5,33,33,70,Standard
Uzbekistan,36,2.6,36,36,74,Standard
Uzbekistan,36,2.7,36,36,74,Standard
Uzbekistan,36,2.8,36,36,75,Standard
Uzbekistan,36,2.9,36,36,75,Standard
Uzbekistan,36,3,36,36,75,Standard
Uzbekistan,38,3.1,38,38,82,Standard
Uzbekistan,38,3.2,38,38,82,Standard
Uzbekistan,38,3.3,38,38,82,Standard
Uzbekistan,38,3.4,38,38,83,Standard
Uzbekistan,38,3.5,38,38,83,Standard
Uzbekistan,41,3.6,41,41,90,Standard
Uzbekistan,41,3.7,41,41,91,Standard
Uzbekistan,41,3.8,41,41,91,Standard
Uzbekistan,41,3.9,41,41,91,Standard
Uzbekistan,41,4,41,41,91,Standard
Uzbekistan,44,4.1,44,44,98,Standard
Uzbekistan,44,4.2,44,44,98,Standard
Uzbekistan,44,4.3,44,44,98,Standard
Uzbekistan,44,4.4,44,44,98,Standard
Uzbekistan,44,4.5,44,44,99,Standard
Uzbekistan,47,4.6,47,47,108,Standard
Uzbekistan,47,4.7,47,47,108,Standard
Uzbekistan,47,4.8,47,47,108,Standard
Uzbekistan,47,4.9,47,47,108,Standard
Uzbekistan,47,5,47,47,109,Standard
Uzbekistan,50,5.1,50,50,223,Standard
Uzbekistan,50,5.2,50,50,223,Standard
Uzbekistan,50,5.3,50,50,223,Standard
Uzbekistan,50,5.4,50,50,224,Standard
Uzbekistan,50,5.5,50,50,224,Standard
Uzbekistan,53,5.6,53,53,239,Standard
Uzbekistan,53,5.7,53,53,239,Standard
Uzbekistan,53,5.8,53,53,239,Standard
Uzbekistan,53,5.9,53,53,239,Standard
Uzbekistan,53,6,53,53,239,Standard
Uzbekistan,56,6.1,56,56,255,Standard
Uzbekistan,56,6.2,56,56,255,Standard
Uzbekistan,56,6.3,56,56,255,Standard
Uzbekistan,56,6.4,56,56,255,Standard
Uzbekistan,56,6.5,56,56,255,Standard
Uzbekistan,60,6.6,60,60,270,Standard
Uzbekistan,60,6.7,60,60,271,Standard
Uzbekistan,60,6.8,60,60,271,Standard
Uzbekistan,60,6.9,60,60,271,Standard
Uzbekistan,60,7,60,60,271,Standard
Uzbekistan,64,7.1,64,64,286,Standard
Uzbekistan,64,7.2,64,64,286,Standard
Uzbekistan,64,7.3,64,64,287,Standard
Uzbekistan,64,7.4,64,64,287,Standard
Uzbekistan,64,7.5,64,64,287,Standard
Uzbekistan,67,7.6,67,67,301,Standard
Uzbekistan,67,7.7,67,67,301,Standard
Uzbekistan,67,7.8,67,67,301,Standard
Uzbekistan,67,7.9,67,67,302,Standard
Uzbekistan,67,8,67,67,302,Standard
Uzbekistan,71,8.1,71,71,316,Standard
Uzbekistan,71,8.2,71,71,316,Standard
Uzbekistan,71,8.3,71,71,316,Standard
Uzbekistan,71,8.4,71,71,317,Standard
Uzbekistan,71,8.5,71,71,317,Standard
Uzbekistan,75,8.6,75,75,331,Standard
Uzbekistan,75,8.7,75,75,331,Standard
Uzbekistan,75,8.8,75,75,331,Standard
Uzbekistan,75,8.9,75,75,332,Standard
Uzbekistan,75,9,75,75,332,Standard
Uzbekistan,78,9.1,78,78,346,Standard
Uzbekistan,78,9.2,78,78,346,Standard
Uzbekistan,78,9.3,78,78,346,Standard
Uzbekistan,78,9.4,78,78,346,Standard
Uzbekistan,78,9.5,78,78,347,Standard
Uzbekistan,83,9.6,83,83,355,Standard
Uzbekistan,83,9.7,83,83,356,Standard
Uzbekistan,83,9.8,83,83,356,Standard
Uzbekistan,83,9.9,83,83,356,Standard
Uzbekistan,83,10,83,83,356,Standard
Vanuatu,47,0.1,47,,47,Express
Vanuatu,47,0.2,47,,47,Express
Vanuatu,47,0.3,47,,47,Express
Vanuatu,48,0.4,48,,48,Express
Vanuatu,48,0.5,48,,48,Express
Vanuatu,58,0.6,58,,58,Express
Vanuatu,58,0.7,58,,58,Express
Vanuatu,58,0.8,58,,58,Express
Vanuatu,58,0.9,58,,58,Express
Vanuatu,58,1,58,,58,Express
Vanuatu,69,1.1,69,,69,Express
Vanuatu,69,1.2,69,,69,Express
Vanuatu,69,1.3,69,,69,Express
Vanuatu,69,1.4,69,,69,Express
Vanuatu,69,1.5,69,,69,Express
Vanuatu,78,1.6,78,,78,Express
Vanuatu,78,1.7,78,,78,Express
Vanuatu,79,1.8,79,,79,Express
Vanuatu,79,1.9,79,,79,Express
Vanuatu,79,2,79,,79,Express
Vanuatu,89,2.1,89,,89,Express
Vanuatu,89,2.2,89,,89,Express
Vanuatu,89,2.3,89,,89,Express
Vanuatu,89,2.4,89,,89,Express
Vanuatu,89,2.5,89,,89,Express
Vanuatu,99,2.6,99,,99,Express
Vanuatu,100,2.7,100,,100,Express
Vanuatu,100,2.8,100,,100,Express
Vanuatu,100,2.9,100,,100,Express
Vanuatu,100,3,100,,100,Express
Vanuatu,110,3.1,110,,110,Express
Vanuatu,110,3.2,110,,110,Express
Vanuatu,110,3.3,110,,110,Express
Vanuatu,110,3.4,110,,110,Express
Vanuatu,111,3.5,111,,111,Express
Vanuatu,120,3.6,120,,120,Express
Vanuatu,120,3.7,120,,120,Express
Vanuatu,120,3.8,120,,120,Express
Vanuatu,120,3.9,120,,120,Express
Vanuatu,120,4,120,,120,Express
Vanuatu,130,4.1,130,,130,Express
Vanuatu,131,4.2,131,,131,Express
Vanuatu,131,4.3,131,,131,Express
Vanuatu,131,4.4,131,,131,Express
Vanuatu,131,4.5,131,,131,Express
Vanuatu,140,4.6,140,,140,Express
Vanuatu,140,4.7,140,,140,Express
Vanuatu,141,4.8,141,,141,Express
Vanuatu,141,4.9,141,,141,Express
Vanuatu,141,5,141,,141,Express
Vanuatu,293,5.1,293,,293,Express
Vanuatu,293,5.2,293,,293,Express
Vanuatu,293,5.3,293,,293,Express
Vanuatu,293,5.4,293,,293,Express
Vanuatu,294,5.5,294,,294,Express
Vanuatu,311,5.6,311,,311,Express
Vanuatu,311,5.7,311,,311,Express
Vanuatu,312,5.8,312,,312,Express
Vanuatu,312,5.9,312,,312,Express
Vanuatu,312,6,312,,312,Express
Vanuatu,330,6.1,330,,330,Express
Vanuatu,330,6.2,330,,330,Express
Vanuatu,330,6.3,330,,330,Express
Vanuatu,330,6.4,330,,330,Express
Vanuatu,331,6.5,331,,331,Express
Vanuatu,348,6.6,348,,348,Express
Vanuatu,348,6.7,348,,348,Express
Vanuatu,348,6.8,348,,348,Express
Vanuatu,348,6.9,348,,348,Express
Vanuatu,349,7,349,,349,Express
Vanuatu,366,7.1,366,,366,Express
Vanuatu,367,7.2,367,,367,Express
Vanuatu,367,7.3,367,,367,Express
Vanuatu,367,7.4,367,,367,Express
Vanuatu,367,7.5,367,,367,Express
Vanuatu,383,7.6,383,,383,Express
Vanuatu,383,7.7,383,,383,Express
Vanuatu,383,7.8,383,,383,Express
Vanuatu,383,7.9,383,,383,Express
Vanuatu,384,8,384,,384,Express
Vanuatu,399,8.1,399,,399,Express
Vanuatu,400,8.2,400,,400,Express
Vanuatu,400,8.3,400,,400,Express
Vanuatu,400,8.4,400,,400,Express
Vanuatu,400,8.5,400,,400,Express
Vanuatu,416,8.6,416,,416,Express
Vanuatu,416,8.7,416,,416,Express
Vanuatu,416,8.8,416,,416,Express
Vanuatu,417,8.9,417,,417,Express
Vanuatu,417,9,417,,417,Express
Vanuatu,433,9.1,433,,433,Express
Vanuatu,433,9.2,433,,433,Express
Vanuatu,433,9.3,433,,433,Express
Vanuatu,433,9.4,433,,433,Express
Vanuatu,433,9.5,433,,433,Express
Vanuatu,453,9.6,453,,453,Express
Vanuatu,453,9.7,453,,453,Express
Vanuatu,454,9.8,454,,454,Express
Vanuatu,454,9.9,454,,454,Express
Vanuatu,454,10,454,,454,Express
Vatican City State,47,0.1,47,,47,Express
Vatican City State,47,0.2,47,,47,Express
Vatican City State,47,0.3,47,,47,Express
Vatican City State,48,0.4,48,,48,Express
Vatican City State,48,0.5,48,,48,Express
Vatican City State,58,0.6,58,,58,Express
Vatican City State,58,0.7,58,,58,Express
Vatican City State,58,0.8,58,,58,Express
Vatican City State,58,0.9,58,,58,Express
Vatican City State,58,1,58,,58,Express
Vatican City State,69,1.1,69,,69,Express
Vatican City State,69,1.2,69,,69,Express
Vatican City State,69,1.3,69,,69,Express
Vatican City State,69,1.4,69,,69,Express
Vatican City State,69,1.5,69,,69,Express
Vatican City State,78,1.6,78,,78,Express
Vatican City State,78,1.7,78,,78,Express
Vatican City State,79,1.8,79,,79,Express
Vatican City State,79,1.9,79,,79,Express
Vatican City State,79,2,79,,79,Express
Vatican City State,89,2.1,89,,89,Express
Vatican City State,89,2.2,89,,89,Express
Vatican City State,89,2.3,89,,89,Express
Vatican City State,89,2.4,89,,89,Express
Vatican City State,89,2.5,89,,89,Express
Vatican City State,99,2.6,99,,99,Express
Vatican City State,100,2.7,100,,100,Express
Vatican City State,100,2.8,100,,100,Express
Vatican City State,100,2.9,100,,100,Express
Vatican City State,100,3,100,,100,Express
Vatican City State,110,3.1,110,,110,Express
Vatican City State,110,3.2,110,,110,Express
Vatican City State,110,3.3,110,,110,Express
Vatican City State,110,3.4,110,,110,Express
Vatican City State,111,3.5,111,,111,Express
Vatican City State,120,3.6,120,,120,Express
Vatican City State,120,3.7,120,,120,Express
Vatican City State,120,3.8,120,,120,Express
Vatican City State,120,3.9,120,,120,Express
Vatican City State,120,4,120,,120,Express
Vatican City State,130,4.1,130,,130,Express
Vatican City State,131,4.2,131,,131,Express
Vatican City State,131,4.3,131,,131,Express
Vatican City State,131,4.4,131,,131,Express
Vatican City State,131,4.5,131,,131,Express
Vatican City State,140,4.6,140,,140,Express
Vatican City State,140,4.7,140,,140,Express
Vatican City State,141,4.8,141,,141,Express
Vatican City State,141,4.9,141,,141,Express
Vatican City State,141,5,141,,141,Express
Vatican City State,293,5.1,293,,293,Express
Vatican City State,293,5.2,293,,293,Express
Vatican City State,293,5.3,293,,293,Express
Vatican City State,293,5.4,293,,293,Express
Vatican City State,294,5.5,294,,294,Express
Vatican City State,311,5.6,311,,311,Express
Vatican City State,311,5.7,311,,311,Express
Vatican City State,312,5.8,312,,312,Express
Vatican City State,312,5.9,312,,312,Express
Vatican City State,312,6,312,,312,Express
Vatican City State,330,6.1,330,,330,Express
Vatican City State,330,6.2,330,,330,Express
Vatican City State,330,6.3,330,,330,Express
Vatican City State,330,6.4,330,,330,Express
Vatican City State,331,6.5,331,,331,Express
Vatican City State,348,6.6,348,,348,Express
Vatican City State,348,6.7,348,,348,Express
Vatican City State,348,6.8,348,,348,Express
Vatican City State,348,6.9,348,,348,Express
Vatican City State,349,7,349,,349,Express
Vatican City State,366,7.1,366,,366,Express
Vatican City State,367,7.2,367,,367,Express
Vatican City State,367,7.3,367,,367,Express
Vatican City State,367,7.4,367,,367,Express
Vatican City State,367,7.5,367,,367,Express
Vatican City State,383,7.6,383,,383,Express
Vatican City State,383,7.7,383,,383,Express
Vatican City State,383,7.8,383,,383,Express
Vatican City State,383,7.9,383,,383,Express
Vatican City State,384,8,384,,384,Express
Vatican City State,399,8.1,399,,399,Express
Vatican City State,400,8.2,400,,400,Express
Vatican City State,400,8.3,400,,400,Express
Vatican City State,400,8.4,400,,400,Express
Vatican City State,400,8.5,400,,400,Express
Vatican City State,416,8.6,416,,416,Express
Vatican City State,416,8.7,416,,416,Express
Vatican City State,416,8.8,416,,416,Express
Vatican City State,417,8.9,417,,417,Express
Vatican City State,417,9,417,,417,Express
Vatican City State,433,9.1,433,,433,Express
Vatican City State,433,9.2,433,,433,Express
Vatican City State,433,9.3,433,,433,Express
Vatican City State,433,9.4,433,,433,Express
Vatican City State,433,9.5,433,,433,Express
Vatican City State,453,9.6,453,,453,Express
Vatican City State,453,9.7,453,,453,Express
Vatican City State,454,9.8,454,,454,Express
Vatican City State,454,9.9,454,,454,Express
Vatican City State,454,10,454,,454,Express
Venezuela,47,0.1,47,,47,Express
Venezuela,47,0.2,47,,47,Express
Venezuela,47,0.3,47,,47,Express
Venezuela,48,0.4,48,,48,Express
Venezuela,48,0.5,48,,48,Express
Venezuela,58,0.6,58,,58,Express
Venezuela,58,0.7,58,,58,Express
Venezuela,58,0.8,58,,58,Express
Venezuela,58,0.9,58,,58,Express
Venezuela,58,1,58,,58,Express
Venezuela,69,1.1,69,,69,Express
Venezuela,69,1.2,69,,69,Express
Venezuela,69,1.3,69,,69,Express
Venezuela,69,1.4,69,,69,Express
Venezuela,69,1.5,69,,69,Express
Venezuela,78,1.6,78,,78,Express
Venezuela,78,1.7,78,,78,Express
Venezuela,79,1.8,79,,79,Express
Venezuela,79,1.9,79,,79,Express
Venezuela,79,2,79,,79,Express
Venezuela,89,2.1,89,,89,Express
Venezuela,89,2.2,89,,89,Express
Venezuela,89,2.3,89,,89,Express
Venezuela,89,2.4,89,,89,Express
Venezuela,89,2.5,89,,89,Express
Venezuela,99,2.6,99,,99,Express
Venezuela,100,2.7,100,,100,Express
Venezuela,100,2.8,100,,100,Express
Venezuela,100,2.9,100,,100,Express
Venezuela,100,3,100,,100,Express
Venezuela,110,3.1,110,,110,Express
Venezuela,110,3.2,110,,110,Express
Venezuela,110,3.3,110,,110,Express
Venezuela,110,3.4,110,,110,Express
Venezuela,111,3.5,111,,111,Express
Venezuela,120,3.6,120,,120,Express
Venezuela,120,3.7,120,,120,Express
Venezuela,120,3.8,120,,120,Express
Venezuela,120,3.9,120,,120,Express
Venezuela,120,4,120,,120,Express
Venezuela,130,4.1,130,,130,Express
Venezuela,131,4.2,131,,131,Express
Venezuela,131,4.3,131,,131,Express
Venezuela,131,4.4,131,,131,Express
Venezuela,131,4.5,131,,131,Express
Venezuela,140,4.6,140,,140,Express
Venezuela,140,4.7,140,,140,Express
Venezuela,141,4.8,141,,141,Express
Venezuela,141,4.9,141,,141,Express
Venezuela,141,5,141,,141,Express
Venezuela,293,5.1,293,,293,Express
Venezuela,293,5.2,293,,293,Express
Venezuela,293,5.3,293,,293,Express
Venezuela,293,5.4,293,,293,Express
Venezuela,294,5.5,294,,294,Express
Venezuela,311,5.6,311,,311,Express
Venezuela,311,5.7,311,,311,Express
Venezuela,312,5.8,312,,312,Express
Venezuela,312,5.9,312,,312,Express
Venezuela,312,6,312,,312,Express
Venezuela,330,6.1,330,,330,Express
Venezuela,330,6.2,330,,330,Express
Venezuela,330,6.3,330,,330,Express
Venezuela,330,6.4,330,,330,Express
Venezuela,331,6.5,331,,331,Express
Venezuela,348,6.6,348,,348,Express
Venezuela,348,6.7,348,,348,Express
Venezuela,348,6.8,348,,348,Express
Venezuela,348,6.9,348,,348,Express
Venezuela,349,7,349,,349,Express
Venezuela,366,7.1,366,,366,Express
Venezuela,367,7.2,367,,367,Express
Venezuela,367,7.3,367,,367,Express
Venezuela,367,7.4,367,,367,Express
Venezuela,367,7.5,367,,367,Express
Venezuela,383,7.6,383,,383,Express
Venezuela,383,7.7,383,,383,Express
Venezuela,383,7.8,383,,383,Express
Venezuela,383,7.9,383,,383,Express
Venezuela,384,8,384,,384,Express
Venezuela,399,8.1,399,,399,Express
Venezuela,400,8.2,400,,400,Express
Venezuela,400,8.3,400,,400,Express
Venezuela,400,8.4,400,,400,Express
Venezuela,400,8.5,400,,400,Express
Venezuela,416,8.6,416,,416,Express
Venezuela,416,8.7,416,,416,Express
Venezuela,416,8.8,416,,416,Express
Venezuela,417,8.9,417,,417,Express
Venezuela,417,9,417,,417,Express
Venezuela,433,9.1,433,,433,Express
Venezuela,433,9.2,433,,433,Express
Venezuela,433,9.3,433,,433,Express
Venezuela,433,9.4,433,,433,Express
Venezuela,433,9.5,433,,433,Express
Venezuela,453,9.6,453,,453,Express
Venezuela,453,9.7,453,,453,Express
Venezuela,454,9.8,454,,454,Express
Venezuela,454,9.9,454,,454,Express
Venezuela,454,10,454,,454,Express
Vietnam,4,0.1,4,10,26,Standard
Vietnam,4,0.2,4,10,26,Standard
Vietnam,5,0.3,5,10,26,Standard
Vietnam,5,0.4,5,10,26,Standard
Vietnam,6,0.5,6,10,26,Standard
Vietnam,7,0.6,7,10,27,Standard
Vietnam,7,0.7,7,10,27,Standard
Vietnam,8,0.8,8,11,27,Standard
Vietnam,8,0.9,8,11,27,Standard
Vietnam,9,1,9,11,27,Standard
Vietnam,9,1.1,9,11,29,Standard
Vietnam,10,1.2,10,11,29,Standard
Vietnam,10,1.3,10,12,29,Standard
Vietnam,11,1.4,11,12,29,Standard
Vietnam,11,1.5,11,12,29,Standard
Vietnam,12,1.6,12,12,30,Standard
Vietnam,12,1.7,12,12,30,Standard
Vietnam,12,1.8,12,13,30,Standard
Vietnam,13,1.9,13,13,30,Standard
Vietnam,13,2,13,13,30,Standard
Vietnam,14,2.1,14,14,32,Standard
Vietnam,14,2.2,14,14,32,Standard
Vietnam,14,2.3,14,14,32,Standard
Vietnam,14,2.4,14,14,32,Standard
Vietnam,14,2.5,14,14,32,Standard
Vietnam,15,2.6,15,15,34,Standard
Vietnam,15,2.7,15,15,34,Standard
Vietnam,15,2.8,15,15,34,Standard
Vietnam,15,2.9,15,15,34,Standard
Vietnam,15,3,15,15,34,Standard
Vietnam,17,3.1,17,17,36,Standard
Vietnam,17,3.2,17,17,36,Standard
Vietnam,17,3.3,17,17,36,Standard
Vietnam,17,3.4,17,17,36,Standard
Vietnam,17,3.5,17,17,36,Standard
Vietnam,18,3.6,18,18,37,Standard
Vietnam,18,3.7,18,18,37,Standard
Vietnam,18,3.8,18,18,37,Standard
Vietnam,18,3.9,18,18,37,Standard
Vietnam,18,4,18,18,37,Standard
Vietnam,19,4.1,19,19,40,Standard
Vietnam,19,4.2,19,19,40,Standard
Vietnam,19,4.3,19,19,40,Standard
Vietnam,19,4.4,19,19,40,Standard
Vietnam,19,4.5,19,19,40,Standard
Vietnam,20,4.6,20,20,42,Standard
Vietnam,20,4.7,20,20,42,Standard
Vietnam,20,4.8,20,20,42,Standard
Vietnam,20,4.9,20,20,42,Standard
Vietnam,20,5,20,20,42,Standard
Vietnam,21,5.1,21,21,73,Standard
Vietnam,21,5.2,21,21,73,Standard
Vietnam,21,5.3,21,21,73,Standard
Vietnam,21,5.4,21,21,73,Standard
Vietnam,21,5.5,21,21,73,Standard
Vietnam,21,5.6,21,21,76,Standard
Vietnam,21,5.7,21,21,76,Standard
Vietnam,21,5.8,21,21,76,Standard
Vietnam,21,5.9,21,21,76,Standard
Vietnam,21,6,21,21,76,Standard
Vietnam,22,6.1,22,22,80,Standard
Vietnam,22,6.2,22,22,80,Standard
Vietnam,22,6.3,22,22,80,Standard
Vietnam,22,6.4,22,22,80,Standard
Vietnam,22,6.5,22,22,80,Standard
Vietnam,23,6.6,23,23,84,Standard
Vietnam,23,6.7,23,23,84,Standard
Vietnam,23,6.8,23,23,84,Standard
Vietnam,23,6.9,23,23,84,Standard
Vietnam,23,7,23,23,84,Standard
Vietnam,24,7.1,24,24,87,Standard
Vietnam,24,7.2,24,24,87,Standard
Vietnam,24,7.3,24,24,87,Standard
Vietnam,24,7.4,24,24,87,Standard
Vietnam,24,7.5,24,24,87,Standard
Vietnam,25,7.6,25,25,91,Standard
Vietnam,25,7.7,25,25,91,Standard
Vietnam,25,7.8,25,25,91,Standard
Vietnam,25,7.9,25,25,91,Standard
Vietnam,25,8,25,25,91,Standard
Vietnam,26,8.1,26,26,94,Standard
Vietnam,26,8.2,26,26,94,Standard
Vietnam,26,8.3,26,26,94,Standard
Vietnam,26,8.4,26,26,94,Standard
Vietnam,26,8.5,26,26,94,Standard
Vietnam,27,8.6,27,27,97,Standard
Vietnam,27,8.7,27,27,97,Standard
Vietnam,27,8.8,27,27,97,Standard
Vietnam,27,8.9,27,27,97,Standard
Vietnam,27,9,27,27,97,Standard
Vietnam,28,9.1,28,28,100,Standard
Vietnam,28,9.2,28,28,100,Standard
Vietnam,28,9.3,28,28,100,Standard
Vietnam,28,9.4,28,28,100,Standard
Vietnam,28,9.5,28,28,100,Standard
Vietnam,29,9.6,29,29,104,Standard
Vietnam,29,9.7,29,29,104,Standard
Vietnam,29,9.8,29,29,104,Standard
Vietnam,29,9.9,29,29,104,Standard
Vietnam,29,10,29,29,104,Standard
Yugoslavia,47,0.1,47,,47,Express
Yugoslavia,47,0.2,47,,47,Express
Yugoslavia,47,0.3,47,,47,Express
Yugoslavia,48,0.4,48,,48,Express
Yugoslavia,48,0.5,48,,48,Express
Yugoslavia,58,0.6,58,,58,Express
Yugoslavia,58,0.7,58,,58,Express
Yugoslavia,58,0.8,58,,58,Express
Yugoslavia,58,0.9,58,,58,Express
Yugoslavia,58,1,58,,58,Express
Yugoslavia,69,1.1,69,,69,Express
Yugoslavia,69,1.2,69,,69,Express
Yugoslavia,69,1.3,69,,69,Express
Yugoslavia,69,1.4,69,,69,Express
Yugoslavia,69,1.5,69,,69,Express
Yugoslavia,78,1.6,78,,78,Express
Yugoslavia,78,1.7,78,,78,Express
Yugoslavia,79,1.8,79,,79,Express
Yugoslavia,79,1.9,79,,79,Express
Yugoslavia,79,2,79,,79,Express
Yugoslavia,89,2.1,89,,89,Express
Yugoslavia,89,2.2,89,,89,Express
Yugoslavia,89,2.3,89,,89,Express
Yugoslavia,89,2.4,89,,89,Express
Yugoslavia,89,2.5,89,,89,Express
Yugoslavia,99,2.6,99,,99,Express
Yugoslavia,100,2.7,100,,100,Express
Yugoslavia,100,2.8,100,,100,Express
Yugoslavia,100,2.9,100,,100,Express
Yugoslavia,100,3,100,,100,Express
Yugoslavia,110,3.1,110,,110,Express
Yugoslavia,110,3.2,110,,110,Express
Yugoslavia,110,3.3,110,,110,Express
Yugoslavia,110,3.4,110,,110,Express
Yugoslavia,111,3.5,111,,111,Express
Yugoslavia,120,3.6,120,,120,Express
Yugoslavia,120,3.7,120,,120,Express
Yugoslavia,120,3.8,120,,120,Express
Yugoslavia,120,3.9,120,,120,Express
Yugoslavia,120,4,120,,120,Express
Yugoslavia,130,4.1,130,,130,Express
Yugoslavia,131,4.2,131,,131,Express
Yugoslavia,131,4.3,131,,131,Express
Yugoslavia,131,4.4,131,,131,Express
Yugoslavia,131,4.5,131,,131,Express
Yugoslavia,140,4.6,140,,140,Express
Yugoslavia,140,4.7,140,,140,Express
Yugoslavia,141,4.8,141,,141,Express
Yugoslavia,141,4.9,141,,141,Express
Yugoslavia,141,5,141,,141,Express
Yugoslavia,293,5.1,293,,293,Express
Yugoslavia,293,5.2,293,,293,Express
Yugoslavia,293,5.3,293,,293,Express
Yugoslavia,293,5.4,293,,293,Express
Yugoslavia,294,5.5,294,,294,Express
Yugoslavia,311,5.6,311,,311,Express
Yugoslavia,311,5.7,311,,311,Express
Yugoslavia,312,5.8,312,,312,Express
Yugoslavia,312,5.9,312,,312,Express
Yugoslavia,312,6,312,,312,Express
Yugoslavia,330,6.1,330,,330,Express
Yugoslavia,330,6.2,330,,330,Express
Yugoslavia,330,6.3,330,,330,Express
Yugoslavia,330,6.4,330,,330,Express
Yugoslavia,331,6.5,331,,331,Express
Yugoslavia,348,6.6,348,,348,Express
Yugoslavia,348,6.7,348,,348,Express
Yugoslavia,348,6.8,348,,348,Express
Yugoslavia,348,6.9,348,,348,Express
Yugoslavia,349,7,349,,349,Express
Yugoslavia,366,7.1,366,,366,Express
Yugoslavia,367,7.2,367,,367,Express
Yugoslavia,367,7.3,367,,367,Express
Yugoslavia,367,7.4,367,,367,Express
Yugoslavia,367,7.5,367,,367,Express
Yugoslavia,383,7.6,383,,383,Express
Yugoslavia,383,7.7,383,,383,Express
Yugoslavia,383,7.8,383,,383,Express
Yugoslavia,383,7.9,383,,383,Express
Yugoslavia,384,8,384,,384,Express
Yugoslavia,399,8.1,399,,399,Express
Yugoslavia,400,8.2,400,,400,Express
Yugoslavia,400,8.3,400,,400,Express
Yugoslavia,400,8.4,400,,400,Express
Yugoslavia,400,8.5,400,,400,Express
Yugoslavia,416,8.6,416,,416,Express
Yugoslavia,416,8.7,416,,416,Express
Yugoslavia,416,8.8,416,,416,Express
Yugoslavia,417,8.9,417,,417,Express
Yugoslavia,417,9,417,,417,Express
Yugoslavia,433,9.1,433,,433,Express
Yugoslavia,433,9.2,433,,433,Express
Yugoslavia,433,9.3,433,,433,Express
Yugoslavia,433,9.4,433,,433,Express
Yugoslavia,433,9.5,433,,433,Express
Yugoslavia,453,9.6,453,,453,Express
Yugoslavia,453,9.7,453,,453,Express
Yugoslavia,454,9.8,454,,454,Express
Yugoslavia,454,9.9,454,,454,Express
Yugoslavia,454,10,454,,454,Express
Czechia,21,0.1,21,21,30,Economy
Czechia,21,0.2,21,21,30,Economy
Czechia,21,0.3,21,21,31,Economy
Czechia,21,0.4,21,21,31,Economy
Czechia,21,0.5,21,21,31,Economy
Czechia,23,0.6,23,23,35,Economy
Czechia,23,0.7,23,23,35,Economy
Czechia,24,0.8,24,24,36,Economy
Czechia,24,0.9,24,24,36,Economy
Czechia,24,1,24,24,36,Economy
Czechia,25,1.1,25,25,40,Economy
Czechia,25,1.2,25,25,41,Economy
Czechia,26,1.3,26,26,41,Economy
Czechia,26,1.4,26,26,41,Economy
Czechia,26,1.5,26,26,41,Economy
Czechia,28,1.6,28,28,47,Economy
Czechia,28,1.7,28,28,47,Economy
Czechia,30,1.8,30,30,47,Economy
Czechia,30,1.9,30,30,47,Economy
Czechia,30,2,30,30,47,Economy
Czechia,33,2.1,33,33,53,Economy
Czechia,33,2.2,33,33,54,Economy
Czechia,33,2.3,33,33,54,Economy
Czechia,33,2.4,33,33,54,Economy
Czechia,33,2.5,33,33,54,Economy
Czechia,36,2.6,36,36,58,Economy
Czechia,36,2.7,36,36,58,Economy
Czechia,36,2.8,36,36,58,Economy
Czechia,36,2.9,36,36,58,Economy
Czechia,36,3,36,36,59,Economy
Czechia,38,3.1,38,38,64,Economy
Czechia,38,3.2,38,38,64,Economy
Czechia,38,3.3,38,38,64,Economy
Czechia,38,3.4,38,38,65,Economy
Czechia,38,3.5,38,38,65,Economy
Czechia,41,3.6,41,41,70,Economy
Czechia,41,3.7,41,41,70,Economy
Czechia,41,3.8,41,41,70,Economy
Czechia,41,3.9,41,41,70,Economy
Czechia,41,4,41,41,70,Economy
Czechia,44,4.1,44,44,76,Economy
Czechia,44,4.2,44,44,76,Economy
Czechia,44,4.3,44,44,76,Economy
Czechia,44,4.4,44,44,76,Economy
Czechia,44,4.5,44,44,76,Economy
Czechia,47,4.6,47,47,81,Economy
Czechia,47,4.7,47,47,81,Economy
Czechia,47,4.8,47,47,81,Economy
Czechia,47,4.9,47,47,82,Economy
Czechia,47,5,47,47,82,Economy
Czechia,50,5.1,50,50,126,Economy
Czechia,50,5.2,50,50,127,Economy
Czechia,50,5.3,50,50,127,Economy
Czechia,50,5.4,50,50,127,Economy
Czechia,50,5.5,50,50,127,Economy
Czechia,53,5.6,53,53,135,Economy
Czechia,53,5.7,53,53,135,Economy
Czechia,53,5.8,53,53,135,Economy
Czechia,53,5.9,53,53,135,Economy
Czechia,53,6,53,53,136,Economy
Czechia,56,6.1,56,56,144,Economy
Czechia,56,6.2,56,56,144,Economy
Czechia,56,6.3,56,56,144,Economy
Czechia,56,6.4,56,56,144,Economy
Czechia,56,6.5,56,56,145,Economy
Czechia,60,6.6,60,60,153,Economy
Czechia,60,6.7,60,60,153,Economy
Czechia,60,6.8,60,60,153,Economy
Czechia,60,6.9,60,60,153,Economy
Czechia,60,7,60,60,153,Economy
Czechia,64,7.1,64,64,162,Economy
Czechia,64,7.2,64,64,162,Economy
Czechia,64,7.3,64,64,162,Economy
Czechia,64,7.4,64,64,162,Economy
Czechia,64,7.5,64,64,162,Economy
Czechia,67,7.6,67,67,169,Economy
Czechia,67,7.7,67,67,170,Economy
Czechia,67,7.8,67,67,170,Economy
Czechia,67,7.9,67,67,170,Economy
Czechia,67,8,67,67,170,Economy
Czechia,71,8.1,71,71,177,Economy
Czechia,71,8.2,71,71,177,Economy
Czechia,71,8.3,71,71,177,Economy
Czechia,71,8.4,71,71,177,Economy
Czechia,71,8.5,71,71,177,Economy
Czechia,75,8.6,75,75,185,Economy
Czechia,75,8.7,75,75,185,Economy
Czechia,75,8.8,75,75,185,Economy
Czechia,75,8.9,75,75,185,Economy
Czechia,75,9,75,75,185,Economy
Czechia,78,9.1,78,78,192,Economy
Czechia,78,9.2,78,78,192,Economy
Czechia,78,9.3,78,78,192,Economy
Czechia,78,9.4,78,78,193,Economy
Czechia,78,9.5,78,78,193,Economy
Czechia,83,9.6,83,83,198,Economy
Czechia,83,9.7,83,83,199,Economy
Czechia,83,9.8,83,83,199,Economy
Czechia,83,9.9,83,83,199,Economy
Czechia,83,10,83,83,199,Economy
Hong Kong SAR,3,0.1,3,14,25,Standard
Hong Kong SAR,4,0.2,4,14,25,Standard
Hong Kong SAR,5,0.3,5,14,25,Standard
Hong Kong SAR,5,0.4,5,14,25,Standard
Hong Kong SAR,6,0.5,6,14,25,Standard
Hong Kong SAR,7,0.6,7,15,26,Standard
Hong Kong SAR,7,0.7,7,15,26,Standard
Hong Kong SAR,8,0.8,8,15,26,Standard
Hong Kong SAR,9,0.9,9,15,26,Standard
Hong Kong SAR,9,1,9,15,26,Standard
Hong Kong SAR,10,1.1,10,16,28,Standard
Hong Kong SAR,10,1.2,10,16,28,Standard
Hong Kong SAR,11,1.3,11,17,28,Standard
Hong Kong SAR,11,1.4,11,17,28,Standard
Hong Kong SAR,12,1.5,12,17,28,Standard
Hong Kong SAR,12,1.6,12,17,30,Standard
Hong Kong SAR,13,1.7,13,17,30,Standard
Hong Kong SAR,13,1.8,13,18,30,Standard
Hong Kong SAR,13,1.9,13,18,30,Standard
Hong Kong SAR,14,2,14,18,30,Standard
Hong Kong SAR,18,2.1,18,18,32,Standard
Hong Kong SAR,18,2.2,18,18,32,Standard
Hong Kong SAR,18,2.3,18,18,32,Standard
Hong Kong SAR,18,2.4,18,18,32,Standard
Hong Kong SAR,18,2.5,18,18,32,Standard
Hong Kong SAR,19,2.6,19,19,34,Standard
Hong Kong SAR,19,2.7,19,19,34,Standard
Hong Kong SAR,19,2.8,19,19,34,Standard
Hong Kong SAR,19,2.9,19,19,34,Standard
Hong Kong SAR,19,3,19,19,34,Standard
Hong Kong SAR,19,3.1,19,19,36,Standard
Hong Kong SAR,19,3.2,19,19,36,Standard
Hong Kong SAR,19,3.3,19,19,36,Standard
Hong Kong SAR,19,3.4,19,19,36,Standard
Hong Kong SAR,19,3.5,19,19,36,Standard
Hong Kong SAR,20,3.6,20,20,38,Standard
Hong Kong SAR,20,3.7,20,20,38,Standard
Hong Kong SAR,20,3.8,20,20,38,Standard
Hong Kong SAR,20,3.9,20,20,38,Standard
Hong Kong SAR,20,4,20,20,38,Standard
Hong Kong SAR,21,4.1,21,21,41,Standard
Hong Kong SAR,21,4.2,21,21,41,Standard
Hong Kong SAR,21,4.3,21,21,41,Standard
Hong Kong SAR,21,4.4,21,21,41,Standard
Hong Kong SAR,21,4.5,21,21,41,Standard
Hong Kong SAR,21,4.6,21,21,42,Standard
Hong Kong SAR,21,4.7,21,21,42,Standard
Hong Kong SAR,21,4.8,21,21,42,Standard
Hong Kong SAR,21,4.9,21,21,42,Standard
Hong Kong SAR,21,5,21,21,42,Standard
Hong Kong SAR,22,5.1,22,22,67,Standard
Hong Kong SAR,22,5.2,22,22,67,Standard
Hong Kong SAR,22,5.3,22,22,67,Standard
Hong Kong SAR,22,5.4,22,22,67,Standard
Hong Kong SAR,22,5.5,22,22,67,Standard
Hong Kong SAR,23,5.6,23,23,70,Standard
Hong Kong SAR,23,5.7,23,23,70,Standard
Hong Kong SAR,23,5.8,23,23,70,Standard
Hong Kong SAR,23,5.9,23,23,70,Standard
Hong Kong SAR,23,6,23,23,70,Standard
Hong Kong SAR,24,6.1,24,24,72,Standard
Hong Kong SAR,24,6.2,24,24,72,Standard
Hong Kong SAR,24,6.3,24,24,72,Standard
Hong Kong SAR,24,6.4,24,24,72,Standard
Hong Kong SAR,24,6.5,24,24,72,Standard
Hong Kong SAR,25,6.6,25,25,74,Standard
Hong Kong SAR,25,6.7,25,25,74,Standard
Hong Kong SAR,25,6.8,25,25,74,Standard
Hong Kong SAR,25,6.9,25,25,74,Standard
Hong Kong SAR,25,7,25,25,74,Standard
Hong Kong SAR,26,7.1,26,26,76,Standard
Hong Kong SAR,26,7.2,26,26,76,Standard
Hong Kong SAR,26,7.3,26,26,76,Standard
Hong Kong SAR,26,7.4,26,26,76,Standard
Hong Kong SAR,26,7.5,26,26,76,Standard
Hong Kong SAR,27,7.6,27,27,78,Standard
Hong Kong SAR,27,7.7,27,27,78,Standard
Hong Kong SAR,27,7.8,27,27,78,Standard
Hong Kong SAR,27,7.9,27,27,78,Standard
Hong Kong SAR,27,8,27,27,78,Standard
Hong Kong SAR,28,8.1,28,28,81,Standard
Hong Kong SAR,28,8.2,28,28,81,Standard
Hong Kong SAR,28,8.3,28,28,81,Standard
Hong Kong SAR,28,8.4,28,28,81,Standard
Hong Kong SAR,28,8.5,28,28,81,Standard
Hong Kong SAR,29,8.6,29,29,83,Standard
Hong Kong SAR,29,8.7,29,29,83,Standard
Hong Kong SAR,29,8.8,29,29,83,Standard
Hong Kong SAR,29,8.9,29,29,83,Standard
Hong Kong SAR,29,9,29,29,83,Standard
Hong Kong SAR,30,9.1,30,30,85,Standard
Hong Kong SAR,30,9.2,30,30,85,Standard
Hong Kong SAR,30,9.3,30,30,85,Standard
Hong Kong SAR,30,9.4,30,30,85,Standard
Hong Kong SAR,30,9.5,30,30,85,Standard
Hong Kong SAR,31,9.6,31,31,87,Standard
Hong Kong SAR,31,9.7,31,31,87,Standard
Hong Kong SAR,31,9.8,31,31,87,Standard
Hong Kong SAR,31,9.9,31,31,87,Standard
Hong Kong SAR,31,10,31,31,87,Standard
Macao SAR,14,0.1,14,14,21,Economy
Macao SAR,14,0.2,14,14,21,Economy
Macao SAR,14,0.3,14,14,21,Economy
Macao SAR,14,0.4,14,14,21,Economy
Macao SAR,15,0.5,15,15,21,Economy
Macao SAR,16,0.6,16,16,22,Economy
Macao SAR,16,0.7,16,16,22,Economy
Macao SAR,17,0.8,17,17,22,Economy
Macao SAR,17,0.9,17,17,22,Economy
Macao SAR,17,1,17,17,22,Economy
Macao SAR,19,1.1,19,19,24,Economy
Macao SAR,19,1.2,19,19,24,Economy
Macao SAR,19,1.3,19,19,24,Economy
Macao SAR,19,1.4,19,19,24,Economy
Macao SAR,20,1.5,20,20,24,Economy
Macao SAR,21,1.6,21,21,26,Economy
Macao SAR,21,1.7,21,21,26,Economy
Macao SAR,22,1.8,22,22,26,Economy
Macao SAR,22,1.9,22,22,26,Economy
Macao SAR,22,2,22,22,26,Economy
Macao SAR,24,2.1,24,24,28,Economy
Macao SAR,24,2.2,24,24,28,Economy
Macao SAR,24,2.3,24,24,28,Economy
Macao SAR,24,2.4,24,24,28,Economy
Macao SAR,24,2.5,24,24,28,Economy
Macao SAR,26,2.6,26,26,30,Economy
Macao SAR,26,2.7,26,26,30,Economy
Macao SAR,27,2.8,27,27,30,Economy
Macao SAR,27,2.9,27,27,30,Economy
Macao SAR,27,3,27,27,30,Economy
Macao SAR,28,3.1,28,28,32,Economy
Macao SAR,28,3.2,28,28,32,Economy
Macao SAR,29,3.3,29,29,32,Economy
Macao SAR,29,3.4,29,29,32,Economy
Macao SAR,29,3.5,29,29,32,Economy
Macao SAR,31,3.6,31,31,34,Economy
Macao SAR,31,3.7,31,31,34,Economy
Macao SAR,31,3.8,31,31,34,Economy
Macao SAR,31,3.9,31,31,34,Economy
Macao SAR,32,4,32,32,34,Economy
Macao SAR,33,4.1,33,33,36,Economy
Macao SAR,33,4.2,33,33,36,Economy
Macao SAR,34,4.3,34,34,36,Economy
Macao SAR,34,4.4,34,34,36,Economy
Macao SAR,34,4.5,34,34,36,Economy
Macao SAR,36,4.6,36,36,38,Economy
Macao SAR,36,4.7,36,36,38,Economy
Macao SAR,36,4.8,36,36,38,Economy
Macao SAR,36,4.9,36,36,38,Economy
Macao SAR,37,5,37,37,38,Economy
Macao SAR,38,5.1,38,38,62,Economy
Macao SAR,38,5.2,38,38,62,Economy
Macao SAR,38,5.3,38,38,62,Economy
Macao SAR,39,5.4,39,39,62,Economy
Macao SAR,39,5.5,39,39,62,Economy
Macao SAR,40,5.6,40,40,64,Economy
Macao SAR,41,5.7,41,41,64,Economy
Macao SAR,41,5.8,41,41,64,Economy
Macao SAR,41,5.9,41,41,64,Economy
Macao SAR,41,6,41,41,64,Economy
Macao SAR,43,6.1,43,43,67,Economy
Macao SAR,43,6.2,43,43,67,Economy
Macao SAR,43,6.3,43,43,67,Economy
Macao SAR,44,6.4,44,44,67,Economy
Macao SAR,44,6.5,44,44,67,Economy
Macao SAR,45,6.6,45,45,69,Economy
Macao SAR,46,6.7,46,46,69,Economy
Macao SAR,46,6.8,46,46,69,Economy
Macao SAR,46,6.9,46,46,69,Economy
Macao SAR,46,7,46,46,69,Economy
Macao SAR,48,7.1,48,48,70,Economy
Macao SAR,48,7.2,48,48,70,Economy
Macao SAR,49,7.3,49,49,70,Economy
Macao SAR,49,7.4,49,49,70,Economy
Macao SAR,49,7.5,49,49,70,Economy
Macao SAR,51,7.6,51,51,73,Economy
Macao SAR,51,7.7,51,51,73,Economy
Macao SAR,51,7.8,51,51,73,Economy
Macao SAR,52,7.9,52,52,73,Economy
Macao SAR,52,8,52,52,73,Economy
Macao SAR,53,8.1,53,53,74,Economy
Macao SAR,54,8.2,54,54,74,Economy
Macao SAR,54,8.3,54,54,74,Economy
Macao SAR,54,8.4,54,54,74,Economy
Macao SAR,54,8.5,54,54,74,Economy
Macao SAR,56,8.6,56,56,76,Economy
Macao SAR,56,8.7,56,56,76,Economy
Macao SAR,57,8.8,57,57,76,Economy
Macao SAR,57,8.9,57,57,76,Economy
Macao SAR,57,9,57,57,76,Economy
Macao SAR,59,9.1,59,59,78,Economy
Macao SAR,59,9.2,59,59,78,Economy
Macao SAR,59,9.3,59,59,78,Economy
Macao SAR,60,9.4,60,60,78,Economy
Macao SAR,60,9.5,60,60,78,Economy
Macao SAR,62,9.6,62,62,80,Economy
Macao SAR,62,9.7,62,62,80,Economy
Macao SAR,62,9.8,62,62,80,Economy
Macao SAR,63,9.9,63,63,80,Economy
Macao SAR,63,10,63,63,80,Economy
Macao,14,0.1,14,14,21,Economy
Macao,14,0.2,14,14,21,Economy
Macao,14,0.3,14,14,21,Economy
Macao,14,0.4,14,14,21,Economy
Macao,15,0.5,15,15,21,Economy
Macao,16,0.6,16,16,22,Economy
Macao,16,0.7,16,16,22,Economy
Macao,17,0.8,17,17,22,Economy
Macao,17,0.9,17,17,22,Economy
Macao,17,1,17,17,22,Economy
Macao,19,1.1,19,19,24,Economy
Macao,19,1.2,19,19,24,Economy
Macao,19,1.3,19,19,24,Economy
Macao,19,1.4,19,19,24,Economy
Macao,20,1.5,20,20,24,Economy
Macao,21,1.6,21,21,26,Economy
Macao,21,1.7,21,21,26,Economy
Macao,22,1.8,22,22,26,Economy
Macao,22,1.9,22,22,26,Economy
Macao,22,2,22,22,26,Economy
Macao,24,2.1,24,24,28,Economy
Macao,24,2.2,24,24,28,Economy
Macao,24,2.3,24,24,28,Economy
Macao,24,2.4,24,24,28,Economy
Macao,24,2.5,24,24,28,Economy
Macao,26,2.6,26,26,30,Economy
Macao,26,2.7,26,26,30,Economy
Macao,27,2.8,27,27,30,Economy
Macao,27,2.9,27,27,30,Economy
Macao,27,3,27,27,30,Economy
Macao,28,3.1,28,28,32,Economy
Macao,28,3.2,28,28,32,Economy
Macao,29,3.3,29,29,32,Economy
Macao,29,3.4,29,29,32,Economy
Macao,29,3.5,29,29,32,Economy
Macao,31,3.6,31,31,34,Economy
Macao,31,3.7,31,31,34,Economy
Macao,31,3.8,31,31,34,Economy
Macao,31,3.9,31,31,34,Economy
Macao,32,4,32,32,34,Economy
Macao,33,4.1,33,33,36,Economy
Macao,33,4.2,33,33,36,Economy
Macao,34,4.3,34,34,36,Economy
Macao,34,4.4,34,34,36,Economy
Macao,34,4.5,34,34,36,Economy
Macao,36,4.6,36,36,38,Economy
Macao,36,4.7,36,36,38,Economy
Macao,36,4.8,36,36,38,Economy
Macao,36,4.9,36,36,38,Economy
Macao,37,5,37,37,38,Economy
Macao,38,5.1,38,38,62,Economy
Macao,38,5.2,38,38,62,Economy
Macao,38,5.3,38,38,62,Economy
Macao,39,5.4,39,39,62,Economy
Macao,39,5.5,39,39,62,Economy
Macao,40,5.6,40,40,64,Economy
Macao,41,5.7,41,41,64,Economy
Macao,41,5.8,41,41,64,Economy
Macao,41,5.9,41,41,64,Economy
Macao,41,6,41,41,64,Economy
Macao,43,6.1,43,43,67,Economy
Macao,43,6.2,43,43,67,Economy
Macao,43,6.3,43,43,67,Economy
Macao,44,6.4,44,44,67,Economy
Macao,44,6.5,44,44,67,Economy
Macao,45,6.6,45,45,69,Economy
Macao,46,6.7,46,46,69,Economy
Macao,46,6.8,46,46,69,Economy
Macao,46,6.9,46,46,69,Economy
Macao,46,7,46,46,69,Economy
Macao,48,7.1,48,48,70,Economy
Macao,48,7.2,48,48,70,Economy
Macao,49,7.3,49,49,70,Economy
Macao,49,7.4,49,49,70,Economy
Macao,49,7.5,49,49,70,Economy
Macao,51,7.6,51,51,73,Economy
Macao,51,7.7,51,51,73,Economy
Macao,51,7.8,51,51,73,Economy
Macao,52,7.9,52,52,73,Economy
Macao,52,8,52,52,73,Economy
Macao,53,8.1,53,53,74,Economy
Macao,54,8.2,54,54,74,Economy
Macao,54,8.3,54,54,74,Economy
Macao,54,8.4,54,54,74,Economy
Macao,54,8.5,54,54,74,Economy
Macao,56,8.6,56,56,76,Economy
Macao,56,8.7,56,56,76,Economy
Macao,57,8.8,57,57,76,Economy
Macao,57,8.9,57,57,76,Economy
Macao,57,9,57,57,76,Economy
Macao,59,9.1,59,59,78,Economy
Macao,59,9.2,59,59,78,Economy
Macao,59,9.3,59,59,78,Economy
Macao,60,9.4,60,60,78,Economy
Macao,60,9.5,60,60,78,Economy
Macao,62,9.6,62,62,80,Economy
Macao,62,9.7,62,62,80,Economy
Macao,62,9.8,62,62,80,Economy
Macao,63,9.9,63,63,80,Economy
Macao,63,10,63,63,80,Economy
Türkiye,4,0.1,4,21,32,Standard
Türkiye,6,0.2,6,21,32,Standard
Türkiye,9,0.3,9,21,33,Standard
Türkiye,12,0.4,12,21,33,Standard
Türkiye,15,0.5,15,21,33,Standard
Türkiye,17,0.6,17,23,45,Standard
Türkiye,20,0.7,20,23,45,Standard
Türkiye,23,0.8,23,24,46,Standard
Türkiye,24,0.9,24,24,46,Standard
Türkiye,24,1,24,24,46,Standard
Türkiye,25,1.1,25,25,54,Standard
Türkiye,25,1.2,25,25,54,Standard
Türkiye,26,1.3,26,26,54,Standard
Türkiye,26,1.4,26,26,54,Standard
Türkiye,26,1.5,26,26,54,Standard
Türkiye,28,1.6,28,28,62,Standard
Türkiye,28,1.7,28,28,62,Standard
Türkiye,30,1.8,30,30,62,Standard
Türkiye,30,1.9,30,30,62,Standard
Türkiye,30,2,30,30,62,Standard
Türkiye,33,2.1,33,33,70,Standard
Türkiye,33,2.2,33,33,70,Standard
Türkiye,33,2.3,33,33,70,Standard
Türkiye,33,2.4,33,33,70,Standard
Türkiye,33,2.5,33,33,70,Standard
Türkiye,36,2.6,36,36,74,Standard
Türkiye,36,2.7,36,36,74,Standard
Türkiye,36,2.8,36,36,75,Standard
Türkiye,36,2.9,36,36,75,Standard
Türkiye,36,3,36,36,75,Standard
Türkiye,38,3.1,38,38,82,Standard
Türkiye,38,3.2,38,38,82,Standard
Türkiye,38,3.3,38,38,82,Standard
Türkiye,38,3.4,38,38,83,Standard
Türkiye,38,3.5,38,38,83,Standard
Türkiye,41,3.6,41,41,90,Standard
Türkiye,41,3.7,41,41,91,Standard
Türkiye,41,3.8,41,41,91,Standard
Türkiye,41,3.9,41,41,91,Standard
Türkiye,41,4,41,41,91,Standard
Türkiye,44,4.1,44,44,98,Standard
Türkiye,44,4.2,44,44,98,Standard
Türkiye,44,4.3,44,44,98,Standard
Türkiye,44,4.4,44,44,98,Standard
Türkiye,44,4.5,44,44,99,Standard
Türkiye,47,4.6,47,47,108,Standard
Türkiye,47,4.7,47,47,108,Standard
Türkiye,47,4.8,47,47,108,Standard
Türkiye,47,4.9,47,47,108,Standard
Türkiye,47,5,47,47,109,Standard
Türkiye,50,5.1,50,50,223,Standard
Türkiye,50,5.2,50,50,223,Standard
Türkiye,50,5.3,50,50,223,Standard
Türkiye,50,5.4,50,50,224,Standard
Türkiye,50,5.5,50,50,224,Standard
Türkiye,53,5.6,53,53,239,Standard
Türkiye,53,5.7,53,53,239,Standard
Türkiye,53,5.8,53,53,239,Standard
Türkiye,53,5.9,53,53,239,Standard
Türkiye,53,6,53,53,239,Standard
Türkiye,56,6.1,56,56,255,Standard
Türkiye,56,6.2,56,56,255,Standard
Türkiye,56,6.3,56,56,255,Standard
Türkiye,56,6.4,56,56,255,Standard
Türkiye,56,6.5,56,56,255,Standard
Türkiye,60,6.6,60,60,270,Standard
Türkiye,60,6.7,60,60,271,Standard
Türkiye,60,6.8,60,60,271,Standard
Türkiye,60,6.9,60,60,271,Standard
Türkiye,60,7,60,60,271,Standard
Türkiye,64,7.1,64,64,286,Standard
Türkiye,64,7.2,64,64,286,Standard
Türkiye,64,7.3,64,64,287,Standard
Türkiye,64,7.4,64,64,287,Standard
Türkiye,64,7.5,64,64,287,Standard
Türkiye,67,7.6,67,67,301,Standard
Türkiye,67,7.7,67,67,301,Standard
Türkiye,67,7.8,67,67,301,Standard
Türkiye,67,7.9,67,67,302,Standard
Türkiye,67,8,67,67,302,Standard
Türkiye,71,8.1,71,71,316,Standard
Türkiye,71,8.2,71,71,316,Standard
Türkiye,71,8.3,71,71,316,Standard
Türkiye,71,8.4,71,71,317,Standard
Türkiye,71,8.5,71,71,317,Standard
Türkiye,75,8.6,75,75,331,Standard
Türkiye,75,8.7,75,75,331,Standard
Türkiye,75,8.8,75,75,331,Standard
Türkiye,75,8.9,75,75,332,Standard
Türkiye,75,9,75,75,332,Standard
Türkiye,78,9.1,78,78,346,Standard
Türkiye,78,9.2,78,78,346,Standard
Türkiye,78,9.3,78,78,346,Standard
Türkiye,78,9.4,78,78,346,Standard
Türkiye,78,9.5,78,78,347,Standard
Türkiye,83,9.6,83,83,355,Standard
Türkiye,83,9.7,83,83,356,Standard
Türkiye,83,9.8,83,83,356,Standard
Türkiye,83,9.9,83,83,356,Standard
Türkiye,83,10,83,83,356,Standard
Turkiye,4,0.1,4,21,32,Standard
Turkiye,6,0.2,6,21,32,Standard
Turkiye,9,0.3,9,21,33,Standard
Turkiye,12,0.4,12,21,33,Standard
Turkiye,15,0.5,15,21,33,Standard
Turkiye,17,0.6,17,23,45,Standard
Turkiye,20,0.7,20,23,45,Standard
Turkiye,23,0.8,23,24,46,Standard
Turkiye,24,0.9,24,24,46,Standard
Turkiye,24,1,24,24,46,Standard
Turkiye,25,1.1,25,25,54,Standard
Turkiye,25,1.2,25,25,54,Standard
Turkiye,26,1.3,26,26,54,Standard
Turkiye,26,1.4,26,26,54,Standard
Turkiye,26,1.5,26,26,54,Standard
Turkiye,28,1.6,28,28,62,Standard
Turkiye,28,1.7,28,28,62,Standard
Turkiye,30,1.8,30,30,62,Standard
Turkiye,30,1.9,30,30,62,Standard
Turkiye,30,2,30,30,62,Standard
Turkiye,33,2.1,33,33,70,Standard
Turkiye,33,2.2,33,33,70,Standard
Turkiye,33,2.3,33,33,70,Standard
Turkiye,33,2.4,33,33,70,Standard
Turkiye,33,2.5,33,33,70,Standard
Turkiye,36,2.6,36,36,74,Standard
Turkiye,36,2.7,36,36,74,Standard
Turkiye,36,2.8,36,36,75,Standard
Turkiye,36,2.9,36,36,75,Standard
Turkiye,36,3,36,36,75,Standard
Turkiye,38,3.1,38,38,82,Standard
Turkiye,38,3.2,38,38,82,Standard
Turkiye,38,3.3,38,38,82,Standard
Turkiye,38,3.4,38,38,83,Standard
Turkiye,38,3.5,38,38,83,Standard
Turkiye,41,3.6,41,41,90,Standard
Turkiye,41,3.7,41,41,91,Standard
Turkiye,41,3.8,41,41,91,Standard
Turkiye,41,3.9,41,41,91,Standard
Turkiye,41,4,41,41,91,Standard
Turkiye,44,4.1,44,44,98,Standard
Turkiye,44,4.2,44,44,98,Standard
Turkiye,44,4.3,44,44,98,Standard
Turkiye,44,4.4,44,44,98,Standard
Turkiye,44,4.5,44,44,99,Standard
Turkiye,47,4.6,47,47,108,Standard
Turkiye,47,4.7,47,47,108,Standard
Turkiye,47,4.8,47,47,108,Standard
Turkiye,47,4.9,47,47,108,Standard
Turkiye,47,5,47,47,109,Standard
Turkiye,50,5.1,50,50,223,Standard
Turkiye,50,5.2,50,50,223,Standard
Turkiye,50,5.3,50,50,223,Standard
Turkiye,50,5.4,50,50,224,Standard
Turkiye,50,5.5,50,50,224,Standard
Turkiye,53,5.6,53,53,239,Standard
Turkiye,53,5.7,53,53,239,Standard
Turkiye,53,5.8,53,53,239,Standard
Turkiye,53,5.9,53,53,239,Standard
Turkiye,53,6,53,53,239,Standard
Turkiye,56,6.1,56,56,255,Standard
Turkiye,56,6.2,56,56,255,Standard
Turkiye,56,6.3,56,56,255,Standard
Turkiye,56,6.4,56,56,255,Standard
Turkiye,56,6.5,56,56,255,Standard
Turkiye,60,6.6,60,60,270,Standard
Turkiye,60,6.7,60,60,271,Standard
Turkiye,60,6.8,60,60,271,Standard
Turkiye,60,6.9,60,60,271,Standard
Turkiye,60,7,60,60,271,Standard
Turkiye,64,7.1,64,64,286,Standard
Turkiye,64,7.2,64,64,286,Standard
Turkiye,64,7.3,64,64,287,Standard
Turkiye,64,7.4,64,64,287,Standard
Turkiye,64,7.5,64,64,287,Standard
Turkiye,67,7.6,67,67,301,Standard
Turkiye,67,7.7,67,67,301,Standard
Turkiye,67,7.8,67,67,301,Standard
Turkiye,67,7.9,67,67,302,Standard
Turkiye,67,8,67,67,302,Standard
Turkiye,71,8.1,71,71,316,Standard
Turkiye,71,8.2,71,71,316,Standard
Turkiye,71,8.3,71,71,316,Standard
Turkiye,71,8.4,71,71,317,Standard
Turkiye,71,8.5,71,71,317,Standard
Turkiye,75,8.6,75,75,331,Standard
Turkiye,75,8.7,75,75,331,Standard
Turkiye,75,8.8,75,75,331,Standard
Turkiye,75,8.9,75,75,332,Standard
Turkiye,75,9,75,75,332,Standard
Turkiye,78,9.1,78,78,346,Standard
Turkiye,78,9.2,78,78,346,Standard
Turkiye,78,9.3,78,78,346,Standard
Turkiye,78,9.4,78,78,346,Standard
Turkiye,78,9.5,78,78,347,Standard
Turkiye,83,9.6,83,83,355,Standard
Turkiye,83,9.7,83,83,356,Standard
Turkiye,83,9.8,83,83,356,Standard
Turkiye,83,9.9,83,83,356,Standard
Turkiye,83,10,83,83,356,Standard
Russian Federation,31,0.1,31,,31,Express
Russian Federation,31,0.2,31,,31,Express
Russian Federation,31,0.3,31,,31,Express
Russian Federation,31,0.4,31,,31,Express
Russian Federation,31,0.5,31,,31,Express
Russian Federation,36,0.6,36,,36,Express
Russian Federation,36,0.7,36,,36,Express
Russian Federation,36,0.8,36,,36,Express
Russian Federation,36,0.9,36,,36,Express
Russian Federation,36,1,36,,36,Express
Russian Federation,41,1.1,41,,41,Express
Russian Federation,41,1.2,41,,41,Express
Russian Federation,41,1.3,41,,41,Express
Russian Federation,41,1.4,41,,41,Express
Russian Federation,41,1.5,41,,41,Express
Russian Federation,48,1.6,48,,48,Express
Russian Federation,48,1.7,48,,48,Express
Russian Federation,48,1.8,48,,48,Express
Russian Federation,48,1.9,48,,48,Express
Russian Federation,48,2,48,,48,Express
Russian Federation,54,2.1,54,,54,Express
Russian Federation,54,2.2,54,,54,Express
Russian Federation,54,2.3,54,,54,Express
Russian Federation,54,2.4,54,,54,Express
Russian Federation,54,2.5,54,,54,Express
Russian Federation,59,2.6,59,,59,Express
Russian Federation,59,2.7,59,,59,Express
Russian Federation,59,2.8,59,,59,Express
Russian Federation,59,2.9,59,,59,Express
Russian Federation,59,3,59,,59,Express
Russian Federation,65,3.1,65,,65,Express
Russian Federation,65,3.2,65,,65,Express
Russian Federation,65,3.3,65,,65,Express
Russian Federation,65,3.4,65,,65,Express
Russian Federation,65,3.5,65,,65,Express
Russian Federation,70,3.6,70,,70,Express
Russian Federation,70,3.7,70,,70,Express
Russian Federation,70,3.8,70,,70,Express
Russian Federation,70,3.9,70,,70,Express
Russian Federation,70,4,70,,70,Express
Russian Federation,75,4.1,75,,75,Express
Russian Federation,75,4.2,75,,75,Express
Russian Federation,75,4.3,75,,75,Express
Russian Federation,75,4.4,75,,75,Express
Russian Federation,75,4.5,75,,75,Express
Russian Federation,80,4.6,80,,80,Express
Russian Federation,80,4.7,80,,80,Express
Russian Federation,80,4.8,80,,80,Express
Russian Federation,80,4.9,80,,80,Express
Russian Federation,80,5,80,,80,Express
Russian Federation,125,5.1,125,,125,Express
Russian Federation,125,5.2,125,,125,Express
Russian Federation,125,5.3,125,,125,Express
Russian Federation,125,5.4,125,,125,Express
Russian Federation,125,5.5,125,,125,Express
Russian Federation,132,5.6,132,,132,Express
Russian Federation,132,5.7,132,,132,Express
Russian Federation,132,5.8,132,,132,Express
Russian Federation,132,5.9,132,,132,Express
Russian Federation,132,6,132,,132,Express
Russian Federation,140,6.1,140,,140,Express
Russian Federation,140,6.2,140,,140,Express
Russian Federation,140,6.3,140,,140,Express
Russian Federation,140,6.4,140,,140,Express
Russian Federation,140,6.5,140,,140,Express
Russian Federation,148,6.6,148,,148,Express
Russian Federation,148,6.7,148,,148,Express
Russian Federation,148,6.8,148,,148,Express
Russian Federation,148,6.9,148,,148,Express
Russian Federation,148,7,148,,148,Express
Russian Federation,156,7.1,156,,156,Express
Russian Federation,156,7.2,156,,156,Express
Russian Federation,156,7.3,156,,156,Express
Russian Federation,156,7.4,156,,156,Express
Russian Federation,156,7.5,156,,156,Express
Russian Federation,164,7.6,164,,164,Express
Russian Federation,164,7.7,164,,164,Express
Russian Federation,164,7.8,164,,164,Express
Russian Federation,164,7.9,164,,164,Express
Russian Federation,164,8,164,,164,Express
Russian Federation,172,8.1,172,,172,Express
Russian Federation,172,8.2,172,,172,Express
Russian Federation,172,8.3,172,,172,Express
Russian Federation,172,8.4,172,,172,Express
Russian Federation,172,8.5,172,,172,Express
Russian Federation,180,8.6,180,,180,Express
Russian Federation,180,8.7,180,,180,Express
Russian Federation,180,8.8,180,,180,Express
Russian Federation,180,8.9,180,,180,Express
Russian Federation,180,9,180,,180,Express
Russian Federation,189,9.1,189,,189,Express
Russian Federation,189,9.2,189,,189,Express
Russian Federation,189,9.3,189,,189,Express
Russian Federation,189,9.4,189,,189,Express
Russian Federation,189,9.5,189,,189,Express
Russian Federation,197,9.6,197,,197,Express
Russian Federation,197,9.7,197,,197,Express
Russian Federation,197,9.8,197,,197,Express
Russian Federation,197,9.9,197,,197,Express
Russian Federation,197,10,197,,197,Express
Viet Nam,4,0.1,4,10,26,Standard
Viet Nam,4,0.2,4,10,26,Standard
Viet Nam,5,0.3,5,10,26,Standard
Viet Nam,5,0.4,5,10,26,Standard
Viet Nam,6,0.5,6,10,26,Standard
Viet Nam,7,0.6,7,10,27,Standard
Viet Nam,7,0.7,7,10,27,Standard
Viet Nam,8,0.8,8,11,27,Standard
Viet Nam,8,0.9,8,11,27,Standard
Viet Nam,9,1,9,11,27,Standard
Viet Nam,9,1.1,9,11,29,Standard
Viet Nam,10,1.2,10,11,29,Standard
Viet Nam,10,1.3,10,12,29,Standard
Viet Nam,11,1.4,11,12,29,Standard
Viet Nam,11,1.5,11,12,29,Standard
Viet Nam,12,1.6,12,12,30,Standard
Viet Nam,12,1.7,12,12,30,Standard
Viet Nam,12,1.8,12,13,30,Standard
Viet Nam,13,1.9,13,13,30,Standard
Viet Nam,13,2,13,13,30,Standard
Viet Nam,14,2.1,14,14,32,Standard
Viet Nam,14,2.2,14,14,32,Standard
Viet Nam,14,2.3,14,14,32,Standard
Viet Nam,14,2.4,14,14,32,Standard
Viet Nam,14,2.5,14,14,32,Standard
Viet Nam,15,2.6,15,15,34,Standard
Viet Nam,15,2.7,15,15,34,Standard
Viet Nam,15,2.8,15,15,34,Standard
Viet Nam,15,2.9,15,15,34,Standard
Viet Nam,15,3,15,15,34,Standard
Viet Nam,17,3.1,17,17,36,Standard
Viet Nam,17,3.2,17,17,36,Standard
Viet Nam,17,3.3,17,17,36,Standard
Viet Nam,17,3.4,17,17,36,Standard
Viet Nam,17,3.5,17,17,36,Standard
Viet Nam,18,3.6,18,18,37,Standard
Viet Nam,18,3.7,18,18,37,Standard
Viet Nam,18,3.8,18,18,37,Standard
Viet Nam,18,3.9,18,18,37,Standard
Viet Nam,18,4,18,18,37,Standard
Viet Nam,19,4.1,19,19,40,Standard
Viet Nam,19,4.2,19,19,40,Standard
Viet Nam,19,4.3,19,19,40,Standard
Viet Nam,19,4.4,19,19,40,Standard
Viet Nam,19,4.5,19,19,40,Standard
Viet Nam,20,4.6,20,20,42,Standard
Viet Nam,20,4.7,20,20,42,Standard
Viet Nam,20,4.8,20,20,42,Standard
Viet Nam,20,4.9,20,20,42,Standard
Viet Nam,20,5,20,20,42,Standard
Viet Nam,21,5.1,21,21,73,Standard
Viet Nam,21,5.2,21,21,73,Standard
Viet Nam,21,5.3,21,21,73,Standard
Viet Nam,21,5.4,21,21,73,Standard
Viet Nam,21,5.5,21,21,73,Standard
Viet Nam,21,5.6,21,21,76,Standard
Viet Nam,21,5.7,21,21,76,Standard
Viet Nam,21,5.8,21,21,76,Standard
Viet Nam,21,5.9,21,21,76,Standard
Viet Nam,21,6,21,21,76,Standard
Viet Nam,22,6.1,22,22,80,Standard
Viet Nam,22,6.2,22,22,80,Standard
Viet Nam,22,6.3,22,22,80,Standard
Viet Nam,22,6.4,22,22,80,Standard
Viet Nam,22,6.5,22,22,80,Standard
Viet Nam,23,6.6,23,23,84,Standard
Viet Nam,23,6.7,23,23,84,Standard
Viet Nam,23,6.8,23,23,84,Standard
Viet Nam,23,6.9,23,23,84,Standard
Viet Nam,23,7,23,23,84,Standard
Viet Nam,24,7.1,24,24,87,Standard
Viet Nam,24,7.2,24,24,87,Standard
Viet Nam,24,7.3,24,24,87,Standard
Viet Nam,24,7.4,24,24,87,Standard
Viet Nam,24,7.5,24,24,87,Standard
Viet Nam,25,7.6,25,25,91,Standard
Viet Nam,25,7.7,25,25,91,Standard
Viet Nam,25,7.8,25,25,91,Standard
Viet Nam,25,7.9,25,25,91,Standard
Viet Nam,25,8,25,25,91,Standard
Viet Nam,26,8.1,26,26,94,Standard
Viet Nam,26,8.2,26,26,94,Standard
Viet Nam,26,8.3,26,26,94,Standard
Viet Nam,26,8.4,26,26,94,Standard
Viet Nam,26,8.5,26,26,94,Standard
Viet Nam,27,8.6,27,27,97,Standard
Viet Nam,27,8.7,27,27,97,Standard
Viet Nam,27,8.8,27,27,97,Standard
Viet Nam,27,8.9,27,27,97,Standard
Viet Nam,27,9,27,27,97,Standard
Viet Nam,28,9.1,28,28,100,Standard
Viet Nam,28,9.2,28,28,100,Standard
Viet Nam,28,9.3,28,28,100,Standard
Viet Nam,28,9.4,28,28,100,Standard
Viet Nam,28,9.5,28,28,100,Standard
Viet Nam,29,9.6,29,29,104,Standard
Viet Nam,29,9.7,29,29,104,Standard
Viet Nam,29,9.8,29,29,104,Standard
Viet Nam,29,9.9,29,29,104,Standard
Viet Nam,29,10,29,29,104,Standard
United States of America,7,0.1,7,23,59,Standard
United States of America,8,0.2,8,23,59,Standard
United States of America,10,0.3,10,23,59,Standard
United States of America,12,0.4,12,23,59,Standard
United States of America,14,0.5,14,23,59,Standard
United States of America,16,0.6,16,25,66,Standard
United States of America,18,0.7,18,25,66,Standard
United States of America,19,0.8,19,27,66,Standard
United States of America,21,0.9,21,27,66,Standard
United States of America,23,1,23,27,66,Standard
United States of America,25,1.1,25,29,68,Standard
United States of America,27,1.2,27,29,68,Standard
United States of America,29,1.3,29,33,68,Standard
United States of America,32,1.4,32,33,68,Standard
United States of America,33,1.5,33,33,69,Standard
United States of America,36,1.6,36,36,73,Standard
United States of America,36,1.7,36,36,73,Standard
United States of America,39,1.8,39,39,73,Standard
United States of America,39,1.9,39,39,73,Standard
United States of America,39,2,39,39,74,Standard
United States of America,43,2.1,43,43,79,Standard
United States of America,43,2.2,43,43,79,Standard
United States of America,43,2.3,43,43,79,Standard
United States of America,43,2.4,43,43,79,Standard
United States of America,43,2.5,43,43,79,Standard
United States of America,49,2.6,49,49,86,Standard
United States of America,49,2.7,49,49,86,Standard
United States of America,49,2.8,49,49,86,Standard
United States of America,49,2.9,49,49,86,Standard
United States of America,49,3,49,49,86,Standard
United States of America,54,3.1,54,54,91,Standard
United States of America,54,3.2,54,54,91,Standard
United States of America,54,3.3,54,54,91,Standard
United States of America,54,3.4,54,54,91,Standard
United States of America,54,3.5,54,54,91,Standard
United States of America,60,3.6,60,60,96,Standard
United States of America,60,3.7,60,60,96,Standard
United States of America,60,3.8,60,60,96,Standard
United States of America,60,3.9,60,60,96,Standard
United States of America,60,4,60,60,96,Standard
United States of America,66,4.1,66,66,101,Standard
United States of America,66,4.2,66,66,101,Standard
United States of America,66,4.3,66,66,101,Standard
United States of America,66,4.4,66,66,101,Standard
United States of America,66,4.5,66,66,101,Standard
United States of America,72,4.6,72,72,106,Standard
United States of America,72,4.7,72,72,106,Standard
United States of America,72,4.8,72,72,106,Standard
United States of America,72,4.9,72,72,106,Standard
United States of America,72,5,72,72,106,Standard
United States of America,78,5.1,78,78,131,Standard
United States of America,78,5.2,78,78,131,Standard
United States of America,78,5.3,78,78,131,Standard
United States of America,78,5.4,78,78,131,Standard
United States of America,78,5.5,78,78,131,Standard
United States of America,84,5.6,84,84,137,Standard
United States of America,84,5.7,84,84,137,Standard
United States of America,84,5.8,84,84,137,Standard
United States of America,84,5.9,84,84,137,Standard
United States of America,84,6,84,84,137,Standard
United States of America,90,6.1,90,90,142,Standard
United States of America,90,6.2,90,90,143,Standard
United States of America,90,6.3,90,90,143,Standard
United States of America,90,6.4,90,90,143,Standard
United States of America,90,6.5,90,90,143,Standard
United States of America,95,6.6,95,95,148,Standard
United States of America,95,6.7,95,95,149,Standard
United States of America,95,6.8,95,95,149,Standard
United States of America,95,6.9,95,95,149,Standard
United States of America,95,7,95,95,149,Standard
United States of America,101,7.1,101,101,153,Standard
United States of America,101,7.2,101,101,154,Standard
United States of America,101,7.3,101,101,154,Standard
United States of America,101,7.4,101,101,154,Standard
United States of America,101,7.5,101,101,154,Standard
United States of America,106,7.6,106,106,159,Standard
United States of America,106,7.7,106,106,159,Standard
United States of America,106,7.8,106,106,160,Standard
United States of America,106,7.9,106,106,160,Standard
United States of America,106,8,106,106,160,Standard
United States of America,112,8.1,112,112,165,Standard
United States of America,112,8.2,112,112,165,Standard
United States of America,112,8.3,112,112,165,Standard
United States of America,112,8.4,112,112,165,Standard
United States of America,112,8.5,112,112,165,Standard
United States of America,118,8.6,118,118,171,Standard
United States of America,118,8.7,118,118,171,Standard
United States of America,118,8.8,118,118,171,Standard
United States of America,118,8.9,118,118,171,Standard
United States of America,118,9,118,118,171,Standard
United States of America,124,9.1,124,124,177,Standard
United States of America,124,9.2,124,124,177,Standard
United States of America,124,9.3,124,124,177,Standard
United States of America,124,9.4,124,124,177,Standard
United States of America,124,9.5,124,124,177,Standard
United States of America,130,9.6,130,130,183,Standard
United States of America,130,9.7,130,130,183,Standard
United States of America,130,9.8,130,130,183,Standard
United States of America,130,9.9,130,130,183,Standard
United States of America,130,10,130,130,183,Standard
USA,7,0.1,7,23,59,Standard
USA,8,0.2,8,23,59,Standard
USA,10,0.3,10,23,59,Standard
USA,12,0.4,12,23,59,Standard
USA,14,0.5,14,23,59,Standard
USA,16,0.6,16,25,66,Standard
USA,18,0.7,18,25,66,Standard
USA,19,0.8,19,27,66,Standard
USA,21,0.9,21,27,66,Standard
USA,23,1,23,27,66,Standard
USA,25,1.1,25,29,68,Standard
USA,27,1.2,27,29,68,Standard
USA,29,1.3,29,33,68,Standard
USA,32,1.4,32,33,68,Standard
USA,33,1.5,33,33,69,Standard
USA,36,1.6,36,36,73,Standard
USA,36,1.7,36,36,73,Standard
USA,39,1.8,39,39,73,Standard
USA,39,1.9,39,39,73,Standard
USA,39,2,39,39,74,Standard
USA,43,2.1,43,43,79,Standard
USA,43,2.2,43,43,79,Standard
USA,43,2.3,43,43,79,Standard
USA,43,2.4,43,43,79,Standard
USA,43,2.5,43,43,79,Standard
USA,49,2.6,49,49,86,Standard
USA,49,2.7,49,49,86,Standard
USA,49,2.8,49,49,86,Standard
USA,49,2.9,49,49,86,Standard
USA,49,3,49,49,86,Standard
USA,54,3.1,54,54,91,Standard
USA,54,3.2,54,54,91,Standard
USA,54,3.3,54,54,91,Standard
USA,54,3.4,54,54,91,Standard
USA,54,3.5,54,54,91,Standard
USA,60,3.6,60,60,96,Standard
USA,60,3.7,60,60,96,Standard
USA,60,3.8,60,60,96,Standard
USA,60,3.9,60,60,96,Standard
USA,60,4,60,60,96,Standard
USA,66,4.1,66,66,101,Standard
USA,66,4.2,66,66,101,Standard
USA,66,4.3,66,66,101,Standard
USA,66,4.4,66,66,101,Standard
USA,66,4.5,66,66,101,Standard
USA,72,4.6,72,72,106,Standard
USA,72,4.7,72,72,106,Standard
USA,72,4.8,72,72,106,Standard
USA,72,4.9,72,72,106,Standard
USA,72,5,72,72,106,Standard
USA,78,5.1,78,78,131,Standard
USA,78,5.2,78,78,131,Standard
USA,78,5.3,78,78,131,Standard
USA,78,5.4,78,78,131,Standard
USA,78,5.5,78,78,131,Standard
USA,84,5.6,84,84,137,Standard
USA,84,5.7,84,84,137,Standard
USA,84,5.8,84,84,137,Standard
USA,84,5.9,84,84,137,Standard
USA,84,6,84,84,137,Standard
USA,90,6.1,90,90,142,Standard
USA,90,6.2,90,90,143,Standard
USA,90,6.3,90,90,143,Standard
USA,90,6.4,90,90,143,Standard
USA,90,6.5,90,90,143,Standard
USA,95,6.6,95,95,148,Standard
USA,95,6.7,95,95,149,Standard
USA,95,6.8,95,95,149,Standard
USA,95,6.9,95,95,149,Standard
USA,95,7,95,95,149,Standard
USA,101,7.1,101,101,153,Standard
USA,101,7.2,101,101,154,Standard
USA,101,7.3,101,101,154,Standard
USA,101,7.4,101,101,154,Standard
USA,101,7.5,101,101,154,Standard
USA,106,7.6,106,106,159,Standard
USA,106,7.7,106,106,159,Standard
USA,106,7.8,106,106,160,Standard
USA,106,7.9,106,106,160,Standard
USA,106,8,106,106,160,Standard
USA,112,8.1,112,112,165,Standard
USA,112,8.2,112,112,165,Standard
USA,112,8.3,112,112,165,Standard
USA,112,8.4,112,112,165,Standard
USA,112,8.5,112,112,165,Standard
USA,118,8.6,118,118,171,Standard
USA,118,8.7,118,118,171,Standard
USA,118,8.8,118,118,171,Standard
USA,118,8.9,118,118,171,Standard
USA,118,9,118,118,171,Standard
USA,124,9.1,124,124,177,Standard
USA,124,9.2,124,124,177,Standard
USA,124,9.3,124,124,177,Standard
USA,124,9.4,124,124,177,Standard
USA,124,9.5,124,124,177,Standard
USA,130,9.6,130,130,183,Standard
USA,130,9.7,130,130,183,Standard
USA,130,9.8,130,130,183,Standard
USA,130,9.9,130,130,183,Standard
USA,130,10,130,130,183,Standard
UK,4,0.1,4,22,30,Standard
UK,6,0.2,6,22,30,Standard
UK,8,0.3,8,22,31,Standard
UK,9,0.4,9,22,31,Standard
UK,11,0.5,11,22,31,Standard
UK,12,0.6,12,23,35,Standard
UK,14,0.7,14,23,35,Standard
UK,15,0.8,15,25,36,Standard
UK,16,0.9,16,25,36,Standard
UK,18,1,18,25,36,Standard
UK,19,1.1,19,26,40,Standard
UK,21,1.2,21,26,41,Standard
UK,23,1.3,23,28,41,Standard
UK,24,1.4,24,28,41,Standard
UK,26,1.5,26,28,41,Standard
UK,27,1.6,27,29,47,Standard
UK,29,1.7,29,29,47,Standard
UK,31,1.8,31,31,47,Standard
UK,31,1.9,31,31,47,Standard
UK,31,2,31,31,47,Standard
UK,34,2.1,34,34,53,Standard
UK,34,2.2,34,34,54,Standard
UK,34,2.3,34,34,54,Standard
UK,34,2.4,34,34,54,Standard
UK,34,2.5,34,34,54,Standard
UK,37,2.6,37,37,58,Standard
UK,37,2.7,37,37,58,Standard
UK,37,2.8,37,37,58,Standard
UK,37,2.9,37,37,58,Standard
UK,37,3,37,37,59,Standard
UK,40,3.1,40,40,64,Standard
UK,40,3.2,40,40,64,Standard
UK,40,3.3,40,40,64,Standard
UK,40,3.4,40,40,65,Standard
UK,40,3.5,40,40,65,Standard
UK,43,3.6,43,43,70,Standard
UK,43,3.7,43,43,70,Standard
UK,43,3.8,43,43,70,Standard
UK,43,3.9,43,43,70,Standard
UK,43,4,43,43,70,Standard
UK,47,4.1,47,47,76,Standard
UK,47,4.2,47,47,76,Standard
UK,47,4.3,47,47,76,Standard
UK,47,4.4,47,47,76,Standard
UK,47,4.5,47,47,76,Standard
UK,50,4.6,50,50,81,Standard
UK,50,4.7,50,50,81,Standard
UK,50,4.8,50,50,81,Standard
UK,50,4.9,50,50,82,Standard
UK,50,5,50,50,82,Standard
UK,54,5.1,54,54,126,Standard
UK,54,5.2,54,54,127,Standard
UK,54,5.3,54,54,127,Standard
UK,54,5.4,54,54,127,Standard
UK,54,5.5,54,54,127,Standard
UK,58,5.6,58,58,135,Standard
UK,58,5.7,58,58,135,Standard
UK,58,5.8,58,58,135,Standard
UK,58,5.9,58,58,135,Standard
UK,58,6,58,58,136,Standard
UK,61,6.1,61,61,144,Standard
UK,61,6.2,61,61,144,Standard
UK,61,6.3,61,61,144,Standard
UK,61,6.4,61,61,144,Standard
UK,61,6.5,61,61,145,Standard
UK,65,6.6,65,65,153,Standard
UK,65,6.7,65,65,153,Standard
UK,65,6.8,65,65,153,Standard
UK,65,6.9,65,65,153,Standard
UK,65,7,65,65,153,Standard
UK,69,7.1,69,69,162,Standard
UK,69,7.2,69,69,162,Standard
UK,69,7.3,69,69,162,Standard
UK,69,7.4,69,69,162,Standard
UK,69,7.5,69,69,162,Standard
UK,73,7.6,73,73,169,Standard
UK,73,7.7,73,73,170,Standard
UK,73,7.8,73,73,170,Standard
UK,73,7.9,73,73,170,Standard
UK,73,8,73,73,170,Standard
UK,77,8.1,77,77,177,Standard
UK,77,8.2,77,77,177,Standard
UK,77,8.3,77,77,177,Standard
UK,77,8.4,77,77,177,Standard
UK,77,8.5,77,77,177,Standard
UK,82,8.6,82,82,185,Standard
UK,82,8.7,82,82,185,Standard
UK,82,8.8,82,82,185,Standard
UK,82,8.9,82,82,185,Standard
UK,82,9,82,82,185,Standard
UK,86,9.1,86,86,192,Standard
UK,86,9.2,86,86,192,Standard
UK,86,9.3,86,86,192,Standard
UK,86,9.4,86,86,193,Standard
UK,86,9.5,86,86,193,Standard
UK,90,9.6,90,90,198,Standard
UK,90,9.7,90,90,199,Standard
UK,90,9.8,90,90,199,Standard
UK,90,9.9,90,90,199,Standard
UK,90,10,90,90,199,Standard
Great Britain,4,0.1,4,22,30,Standard
Great Britain,6,0.2,6,22,30,Standard
Great Britain,8,0.3,8,22,31,Standard
Great Britain,9,0.4,9,22,31,Standard
Great Britain,11,0.5,11,22,31,Standard
Great Britain,12,0.6,12,23,35,Standard
Great Britain,14,0.7,14,23,35,Standard
Great Britain,15,0.8,15,25,36,Standard
Great Britain,16,0.9,16,25,36,Standard
Great Britain,18,1,18,25,36,Standard
Great Britain,19,1.1,19,26,40,Standard
Great Britain,21,1.2,21,26,41,Standard
Great Britain,23,1.3,23,28,41,Standard
Great Britain,24,1.4,24,28,41,Standard
Great Britain,26,1.5,26,28,41,Standard
Great Britain,27,1.6,27,29,47,Standard
Great Britain,29,1.7,29,29,47,Standard
Great Britain,31,1.8,31,31,47,Standard
Great Britain,31,1.9,31,31,47,Standard
Great Britain,31,2,31,31,47,Standard
Great Britain,34,2.1,34,34,53,Standard
Great Britain,34,2.2,34,34,54,Standard
Great Britain,34,2.3,34,34,54,Standard
Great Britain,34,2.4,34,34,54,Standard
Great Britain,34,2.5,34,34,54,Standard
Great Britain,37,2.6,37,37,58,Standard
Great Britain,37,2.7,37,37,58,Standard
Great Britain,37,2.8,37,37,58,Standard
Great Britain,37,2.9,37,37,58,Standard
Great Britain,37,3,37,37,59,Standard
Great Britain,40,3.1,40,40,64,Standard
Great Britain,40,3.2,40,40,64,Standard
Great Britain,40,3.3,40,40,64,Standard
Great Britain,40,3.4,40,40,65,Standard
Great Britain,40,3.5,40,40,65,Standard
Great Britain,43,3.6,43,43,70,Standard
Great Britain,43,3.7,43,43,70,Standard
Great Britain,43,3.8,43,43,70,Standard
Great Britain,43,3.9,43,43,70,Standard
Great Britain,43,4,43,43,70,Standard
Great Britain,47,4.1,47,47,76,Standard
Great Britain,47,4.2,47,47,76,Standard
Great Britain,47,4.3,47,47,76,Standard
Great Britain,47,4.4,47,47,76,Standard
Great Britain,47,4.5,47,47,76,Standard
Great Britain,50,4.6,50,50,81,Standard
Great Britain,50,4.7,50,50,81,Standard
Great Britain,50,4.8,50,50,81,Standard
Great Britain,50,4.9,50,50,82,Standard
Great Britain,50,5,50,50,82,Standard
Great Britain,54,5.1,54,54,126,Standard
Great Britain,54,5.2,54,54,127,Standard
Great Britain,54,5.3,54,54,127,Standard
Great Britain,54,5.4,54,54,127,Standard
Great Britain,54,5.5,54,54,127,Standard
Great Britain,58,5.6,58,58,135,Standard
Great Britain,58,5.7,58,58,135,Standard
Great Britain,58,5.8,58,58,135,Standard
Great Britain,58,5.9,58,58,135,Standard
Great Britain,58,6,58,58,136,Standard
Great Britain,61,6.1,61,61,144,Standard
Great Britain,61,6.2,61,61,144,Standard
Great Britain,61,6.3,61,61,144,Standard
Great Britain,61,6.4,61,61,144,Standard
Great Britain,61,6.5,61,61,145,Standard
Great Britain,65,6.6,65,65,153,Standard
Great Britain,65,6.7,65,65,153,Standard
Great Britain,65,6.8,65,65,153,Standard
Great Britain,65,6.9,65,65,153,Standard
Great Britain,65,7,65,65,153,Standard
Great Britain,69,7.1,69,69,162,Standard
Great Britain,69,7.2,69,69,162,Standard
Great Britain,69,7.3,69,69,162,Standard
Great Britain,69,7.4,69,69,162,Standard
Great Britain,69,7.5,69,69,162,Standard
Great Britain,73,7.6,73,73,169,Standard
Great Britain,73,7.7,73,73,170,Standard
Great Britain,73,7.8,73,73,170,Standard
Great Britain,73,7.9,73,73,170,Standard
Great Britain,73,8,73,73,170,Standard
Great Britain,77,8.1,77,77,177,Standard
Great Britain,77,8.2,77,77,177,Standard
Great Britain,77,8.3,77,77,177,Standard
Great Britain,77,8.4,77,77,177,Standard
Great Britain,77,8.5,77,77,177,Standard
Great Britain,82,8.6,82,82,185,Standard
Great Britain,82,8.7,82,82,185,Standard
Great Britain,82,8.8,82,82,185,Standard
Great Britain,82,8.9,82,82,185,Standard
Great Britain,82,9,82,82,185,Standard
Great Britain,86,9.1,86,86,192,Standard
Great Britain,86,9.2,86,86,192,Standard
Great Britain,86,9.3,86,86,192,Standard
Great Britain,86,9.4,86,86,193,Standard
Great Britain,86,9.5,86,86,193,Standard
Great Britain,90,9.6,90,90,198,Standard
Great Britain,90,9.7,90,90,199,Standard
Great Britain,90,9.8,90,90,199,Standard
Great Britain,90,9.9,90,90,199,Standard
Great Britain,90,10,90,90,199,Standard
Côte d’Ivoire,47,0.1,47,,47,Express
Côte d’Ivoire,47,0.2,47,,47,Express
Côte d’Ivoire,47,0.3,47,,47,Express
Côte d’Ivoire,48,0.4,48,,48,Express
Côte d’Ivoire,48,0.5,48,,48,Express
Côte d’Ivoire,58,0.6,58,,58,Express
Côte d’Ivoire,58,0.7,58,,58,Express
Côte d’Ivoire,58,0.8,58,,58,Express
Côte d’Ivoire,58,0.9,58,,58,Express
Côte d’Ivoire,58,1,58,,58,Express
Côte d’Ivoire,69,1.1,69,,69,Express
Côte d’Ivoire,69,1.2,69,,69,Express
Côte d’Ivoire,69,1.3,69,,69,Express
Côte d’Ivoire,69,1.4,69,,69,Express
Côte d’Ivoire,69,1.5,69,,69,Express
Côte d’Ivoire,78,1.6,78,,78,Express
Côte d’Ivoire,78,1.7,78,,78,Express
Côte d’Ivoire,79,1.8,79,,79,Express
Côte d’Ivoire,79,1.9,79,,79,Express
Côte d’Ivoire,79,2,79,,79,Express
Côte d’Ivoire,89,2.1,89,,89,Express
Côte d’Ivoire,89,2.2,89,,89,Express
Côte d’Ivoire,89,2.3,89,,89,Express
Côte d’Ivoire,89,2.4,89,,89,Express
Côte d’Ivoire,89,2.5,89,,89,Express
Côte d’Ivoire,99,2.6,99,,99,Express
Côte d’Ivoire,100,2.7,100,,100,Express
Côte d’Ivoire,100,2.8,100,,100,Express
Côte d’Ivoire,100,2.9,100,,100,Express
Côte d’Ivoire,100,3,100,,100,Express
Côte d’Ivoire,110,3.1,110,,110,Express
Côte d’Ivoire,110,3.2,110,,110,Express
Côte d’Ivoire,110,3.3,110,,110,Express
Côte d’Ivoire,110,3.4,110,,110,Express
Côte d’Ivoire,111,3.5,111,,111,Express
Côte d’Ivoire,120,3.6,120,,120,Express
Côte d’Ivoire,120,3.7,120,,120,Express
Côte d’Ivoire,120,3.8,120,,120,Express
Côte d’Ivoire,120,3.9,120,,120,Express
Côte d’Ivoire,120,4,120,,120,Express
Côte d’Ivoire,130,4.1,130,,130,Express
Côte d’Ivoire,131,4.2,131,,131,Express
Côte d’Ivoire,131,4.3,131,,131,Express
Côte d’Ivoire,131,4.4,131,,131,Express
Côte d’Ivoire,131,4.5,131,,131,Express
Côte d’Ivoire,140,4.6,140,,140,Express
Côte d’Ivoire,140,4.7,140,,140,Express
Côte d’Ivoire,141,4.8,141,,141,Express
Côte d’Ivoire,141,4.9,141,,141,Express
Côte d’Ivoire,141,5,141,,141,Express
Côte d’Ivoire,293,5.1,293,,293,Express
Côte d’Ivoire,293,5.2,293,,293,Express
Côte d’Ivoire,293,5.3,293,,293,Express
Côte d’Ivoire,293,5.4,293,,293,Express
Côte d’Ivoire,294,5.5,294,,294,Express
Côte d’Ivoire,311,5.6,311,,311,Express
Côte d’Ivoire,311,5.7,311,,311,Express
Côte d’Ivoire,312,5.8,312,,312,Express
Côte d’Ivoire,312,5.9,312,,312,Express
Côte d’Ivoire,312,6,312,,312,Express
Côte d’Ivoire,330,6.1,330,,330,Express
Côte d’Ivoire,330,6.2,330,,330,Express
Côte d’Ivoire,330,6.3,330,,330,Express
Côte d’Ivoire,330,6.4,330,,330,Express
Côte d’Ivoire,331,6.5,331,,331,Express
Côte d’Ivoire,348,6.6,348,,348,Express
Côte d’Ivoire,348,6.7,348,,348,Express
Côte d’Ivoire,348,6.8,348,,348,Express
Côte d’Ivoire,348,6.9,348,,348,Express
Côte d’Ivoire,349,7,349,,349,Express
Côte d’Ivoire,366,7.1,366,,366,Express
Côte d’Ivoire,367,7.2,367,,367,Express
Côte d’Ivoire,367,7.3,367,,367,Express
Côte d’Ivoire,367,7.4,367,,367,Express
Côte d’Ivoire,367,7.5,367,,367,Express
Côte d’Ivoire,383,7.6,383,,383,Express
Côte d’Ivoire,383,7.7,383,,383,Express
Côte d’Ivoire,383,7.8,383,,383,Express
Côte d’Ivoire,383,7.9,383,,383,Express
Côte d’Ivoire,384,8,384,,384,Express
Côte d’Ivoire,399,8.1,399,,399,Express
Côte d’Ivoire,400,8.2,400,,400,Express
Côte d’Ivoire,400,8.3,400,,400,Express
Côte d’Ivoire,400,8.4,400,,400,Express
Côte d’Ivoire,400,8.5,400,,400,Express
Côte d’Ivoire,416,8.6,416,,416,Express
Côte d’Ivoire,416,8.7,416,,416,Express
Côte d’Ivoire,416,8.8,416,,416,Express
Côte d’Ivoire,417,8.9,417,,417,Express
Côte d’Ivoire,417,9,417,,417,Express
Côte d’Ivoire,433,9.1,433,,433,Express
Côte d’Ivoire,433,9.2,433,,433,Express
Côte d’Ivoire,433,9.3,433,,433,Express
Côte d’Ivoire,433,9.4,433,,433,Express
Côte d’Ivoire,433,9.5,433,,433,Express
Côte d’Ivoire,453,9.6,453,,453,Express
Côte d’Ivoire,453,9.7,453,,453,Express
Côte d’Ivoire,454,9.8,454,,454,Express
Côte d’Ivoire,454,9.9,454,,454,Express
Côte d’Ivoire,454,10,454,,454,Express
Côte d'Ivoire,47,0.1,47,,47,Express
Côte d'Ivoire,47,0.2,47,,47,Express
Côte d'Ivoire,47,0.3,47,,47,Express
Côte d'Ivoire,48,0.4,48,,48,Express
Côte d'Ivoire,48,0.5,48,,48,Express
Côte d'Ivoire,58,0.6,58,,58,Express
Côte d'Ivoire,58,0.7,58,,58,Express
Côte d'Ivoire,58,0.8,58,,58,Express
Côte d'Ivoire,58,0.9,58,,58,Express
Côte d'Ivoire,58,1,58,,58,Express
Côte d'Ivoire,69,1.1,69,,69,Express
Côte d'Ivoire,69,1.2,69,,69,Express
Côte d'Ivoire,69,1.3,69,,69,Express
Côte d'Ivoire,69,1.4,69,,69,Express
Côte d'Ivoire,69,1.5,69,,69,Express
Côte d'Ivoire,78,1.6,78,,78,Express
Côte d'Ivoire,78,1.7,78,,78,Express
Côte d'Ivoire,79,1.8,79,,79,Express
Côte d'Ivoire,79,1.9,79,,79,Express
Côte d'Ivoire,79,2,79,,79,Express
Côte d'Ivoire,89,2.1,89,,89,Express
Côte d'Ivoire,89,2.2,89,,89,Express
Côte d'Ivoire,89,2.3,89,,89,Express
Côte d'Ivoire,89,2.4,89,,89,Express
Côte d'Ivoire,89,2.5,89,,89,Express
Côte d'Ivoire,99,2.6,99,,99,Express
Côte d'Ivoire,100,2.7,100,,100,Express
Côte d'Ivoire,100,2.8,100,,100,Express
Côte d'Ivoire,100,2.9,100,,100,Express
Côte d'Ivoire,100,3,100,,100,Express
Côte d'Ivoire,110,3.1,110,,110,Express
Côte d'Ivoire,110,3.2,110,,110,Express
Côte d'Ivoire,110,3.3,110,,110,Express
Côte d'Ivoire,110,3.4,110,,110,Express
Côte d'Ivoire,111,3.5,111,,111,Express
Côte d'Ivoire,120,3.6,120,,120,Express
Côte d'Ivoire,120,3.7,120,,120,Express
Côte d'Ivoire,120,3.8,120,,120,Express
Côte d'Ivoire,120,3.9,120,,120,Express
Côte d'Ivoire,120,4,120,,120,Express
Côte d'Ivoire,130,4.1,130,,130,Express
Côte d'Ivoire,131,4.2,131,,131,Express
Côte d'Ivoire,131,4.3,131,,131,Express
Côte d'Ivoire,131,4.4,131,,131,Express
Côte d'Ivoire,131,4.5,131,,131,Express
Côte d'Ivoire,140,4.6,140,,140,Express
Côte d'Ivoire,140,4.7,140,,140,Express
Côte d'Ivoire,141,4.8,141,,141,Express
Côte d'Ivoire,141,4.9,141,,141,Express
Côte d'Ivoire,141,5,141,,141,Express
Côte d'Ivoire,293,5.1,293,,293,Express
Côte d'Ivoire,293,5.2,293,,293,Express
Côte d'Ivoire,293,5.3,293,,293,Express
Côte d'Ivoire,293,5.4,293,,293,Express
Côte d'Ivoire,294,5.5,294,,294,Express
Côte d'Ivoire,311,5.6,311,,311,Express
Côte d'Ivoire,311,5.7,311,,311,Express
Côte d'Ivoire,312,5.8,312,,312,Express
Côte d'Ivoire,312,5.9,312,,312,Express
Côte d'Ivoire,312,6,312,,312,Express
Côte d'Ivoire,330,6.1,330,,330,Express
Côte d'Ivoire,330,6.2,330,,330,Express
Côte d'Ivoire,330,6.3,330,,330,Express
Côte d'Ivoire,330,6.4,330,,330,Express
Côte d'Ivoire,331,6.5,331,,331,Express
Côte d'Ivoire,348,6.6,348,,348,Express
Côte d'Ivoire,348,6.7,348,,348,Express
Côte d'Ivoire,348,6.8,348,,348,Express
Côte d'Ivoire,348,6.9,348,,348,Express
Côte d'Ivoire,349,7,349,,349,Express
Côte d'Ivoire,366,7.1,366,,366,Express
Côte d'Ivoire,367,7.2,367,,367,Express
Côte d'Ivoire,367,7.3,367,,367,Express
Côte d'Ivoire,367,7.4,367,,367,Express
Côte d'Ivoire,367,7.5,367,,367,Express
Côte d'Ivoire,383,7.6,383,,383,Express
Côte d'Ivoire,383,7.7,383,,383,Express
Côte d'Ivoire,383,7.8,383,,383,Express
Côte d'Ivoire,383,7.9,383,,383,Express
Côte d'Ivoire,384,8,384,,384,Express
Côte d'Ivoire,399,8.1,399,,399,Express
Côte d'Ivoire,400,8.2,400,,400,Express
Côte d'Ivoire,400,8.3,400,,400,Express
Côte d'Ivoire,400,8.4,400,,400,Express
Côte d'Ivoire,400,8.5,400,,400,Express
Côte d'Ivoire,416,8.6,416,,416,Express
Côte d'Ivoire,416,8.7,416,,416,Express
Côte d'Ivoire,416,8.8,416,,416,Express
Côte d'Ivoire,417,8.9,417,,417,Express
Côte d'Ivoire,417,9,417,,417,Express
Côte d'Ivoire,433,9.1,433,,433,Express
Côte d'Ivoire,433,9.2,433,,433,Express
Côte d'Ivoire,433,9.3,433,,433,Express
Côte d'Ivoire,433,9.4,433,,433,Express
Côte d'Ivoire,433,9.5,433,,433,Express
Côte d'Ivoire,453,9.6,453,,453,Express
Côte d'Ivoire,453,9.7,453,,453,Express
Côte d'Ivoire,454,9.8,454,,454,Express
Côte d'Ivoire,454,9.9,454,,454,Express
Côte d'Ivoire,454,10,454,,454,Express
Ivory Coast,47,0.1,47,,47,Express
Ivory Coast,47,0.2,47,,47,Express
Ivory Coast,47,0.3,47,,47,Express
Ivory Coast,48,0.4,48,,48,Express
Ivory Coast,48,0.5,48,,48,Express
Ivory Coast,58,0.6,58,,58,Express
Ivory Coast,58,0.7,58,,58,Express
Ivory Coast,58,0.8,58,,58,Express
Ivory Coast,58,0.9,58,,58,Express
Ivory Coast,58,1,58,,58,Express
Ivory Coast,69,1.1,69,,69,Express
Ivory Coast,69,1.2,69,,69,Express
Ivory Coast,69,1.3,69,,69,Express
Ivory Coast,69,1.4,69,,69,Express
Ivory Coast,69,1.5,69,,69,Express
Ivory Coast,78,1.6,78,,78,Express
Ivory Coast,78,1.7,78,,78,Express
Ivory Coast,79,1.8,79,,79,Express
Ivory Coast,79,1.9,79,,79,Express
Ivory Coast,79,2,79,,79,Express
Ivory Coast,89,2.1,89,,89,Express
Ivory Coast,89,2.2,89,,89,Express
Ivory Coast,89,2.3,89,,89,Express
Ivory Coast,89,2.4,89,,89,Express
Ivory Coast,89,2.5,89,,89,Express
Ivory Coast,99,2.6,99,,99,Express
Ivory Coast,100,2.7,100,,100,Express
Ivory Coast,100,2.8,100,,100,Express
Ivory Coast,100,2.9,100,,100,Express
Ivory Coast,100,3,100,,100,Express
Ivory Coast,110,3.1,110,,110,Express
Ivory Coast,110,3.2,110,,110,Express
Ivory Coast,110,3.3,110,,110,Express
Ivory Coast,110,3.4,110,,110,Express
Ivory Coast,111,3.5,111,,111,Express
Ivory Coast,120,3.6,120,,120,Express
Ivory Coast,120,3.7,120,,120,Express
Ivory Coast,120,3.8,120,,120,Express
Ivory Coast,120,3.9,120,,120,Express
Ivory Coast,120,4,120,,120,Express
Ivory Coast,130,4.1,130,,130,Express
Ivory Coast,131,4.2,131,,131,Express
Ivory Coast,131,4.3,131,,131,Express
Ivory Coast,131,4.4,131,,131,Express
Ivory Coast,131,4.5,131,,131,Express
Ivory Coast,140,4.6,140,,140,Express
Ivory Coast,140,4.7,140,,140,Express
Ivory Coast,141,4.8,141,,141,Express
Ivory Coast,141,4.9,141,,141,Express
Ivory Coast,141,5,141,,141,Express
Ivory Coast,293,5.1,293,,293,Express
Ivory Coast,293,5.2,293,,293,Express
Ivory Coast,293,5.3,293,,293,Express
Ivory Coast,293,5.4,293,,293,Express
Ivory Coast,294,5.5,294,,294,Express
Ivory Coast,311,5.6,311,,311,Express
Ivory Coast,311,5.7,311,,311,Express
Ivory Coast,312,5.8,312,,312,Express
Ivory Coast,312,5.9,312,,312,Express
Ivory Coast,312,6,312,,312,Express
Ivory Coast,330,6.1,330,,330,Express
Ivory Coast,330,6.2,330,,330,Express
Ivory Coast,330,6.3,330,,330,Express
Ivory Coast,330,6.4,330,,330,Express
Ivory Coast,331,6.5,331,,331,Express
Ivory Coast,348,6.6,348,,348,Express
Ivory Coast,348,6.7,348,,348,Express
Ivory Coast,348,6.8,348,,348,Express
Ivory Coast,348,6.9,348,,348,Express
Ivory Coast,349,7,349,,349,Express
Ivory Coast,366,7.1,366,,366,Express
Ivory Coast,367,7.2,367,,367,Express
Ivory Coast,367,7.3,367,,367,Express
Ivory Coast,367,7.4,367,,367,Express
Ivory Coast,367,7.5,367,,367,Express
Ivory Coast,383,7.6,383,,383,Express
Ivory Coast,383,7.7,383,,383,Express
Ivory Coast,383,7.8,383,,383,Express
Ivory Coast,383,7.9,383,,383,Express
Ivory Coast,384,8,384,,384,Express
Ivory Coast,399,8.1,399,,399,Express
Ivory Coast,400,8.2,400,,400,Express
Ivory Coast,400,8.3,400,,400,Express
Ivory Coast,400,8.4,400,,400,Express
Ivory Coast,400,8.5,400,,400,Express
Ivory Coast,416,8.6,416,,416,Express
Ivory Coast,416,8.7,416,,416,Express
Ivory Coast,416,8.8,416,,416,Express
Ivory Coast,417,8.9,417,,417,Express
Ivory Coast,417,9,417,,417,Express
Ivory Coast,433,9.1,433,,433,Express
Ivory Coast,433,9.2,433,,433,Express
Ivory Coast,433,9.3,433,,433,Express
Ivory Coast,433,9.4,433,,433,Express
Ivory Coast,433,9.5,433,,433,Express
Ivory Coast,453,9.6,453,,453,Express
Ivory Coast,453,9.7,453,,453,Express
Ivory Coast,454,9.8,454,,454,Express
Ivory Coast,454,9.9,454,,454,Express
Ivory Coast,454,10,454,,454,Express
Curaçao,47,0.1,47,,47,Express
Curaçao,47,0.2,47,,47,Express
Curaçao,47,0.3,47,,47,Express
Curaçao,48,0.4,48,,48,Express
Curaçao,48,0.5,48,,48,Express
Curaçao,58,0.6,58,,58,Express
Curaçao,58,0.7,58,,58,Express
Curaçao,58,0.8,58,,58,Express
Curaçao,58,0.9,58,,58,Express
Curaçao,58,1,58,,58,Express
Curaçao,69,1.1,69,,69,Express
Curaçao,69,1.2,69,,69,Express
Curaçao,69,1.3,69,,69,Express
Curaçao,69,1.4,69,,69,Express
Curaçao,69,1.5,69,,69,Express
Curaçao,78,1.6,78,,78,Express
Curaçao,78,1.7,78,,78,Express
Curaçao,79,1.8,79,,79,Express
Curaçao,79,1.9,79,,79,Express
Curaçao,79,2,79,,79,Express
Curaçao,89,2.1,89,,89,Express
Curaçao,89,2.2,89,,89,Express
Curaçao,89,2.3,89,,89,Express
Curaçao,89,2.4,89,,89,Express
Curaçao,89,2.5,89,,89,Express
Curaçao,99,2.6,99,,99,Express
Curaçao,100,2.7,100,,100,Express
Curaçao,100,2.8,100,,100,Express
Curaçao,100,2.9,100,,100,Express
Curaçao,100,3,100,,100,Express
Curaçao,110,3.1,110,,110,Express
Curaçao,110,3.2,110,,110,Express
Curaçao,110,3.3,110,,110,Express
Curaçao,110,3.4,110,,110,Express
Curaçao,111,3.5,111,,111,Express
Curaçao,120,3.6,120,,120,Express
Curaçao,120,3.7,120,,120,Express
Curaçao,120,3.8,120,,120,Express
Curaçao,120,3.9,120,,120,Express
Curaçao,120,4,120,,120,Express
Curaçao,130,4.1,130,,130,Express
Curaçao,131,4.2,131,,131,Express
Curaçao,131,4.3,131,,131,Express
Curaçao,131,4.4,131,,131,Express
Curaçao,131,4.5,131,,131,Express
Curaçao,140,4.6,140,,140,Express
Curaçao,140,4.7,140,,140,Express
Curaçao,141,4.8,141,,141,Express
Curaçao,141,4.9,141,,141,Express
Curaçao,141,5,141,,141,Express
Curaçao,293,5.1,293,,293,Express
Curaçao,293,5.2,293,,293,Express
Curaçao,293,5.3,293,,293,Express
Curaçao,293,5.4,293,,293,Express
Curaçao,294,5.5,294,,294,Express
Curaçao,311,5.6,311,,311,Express
Curaçao,311,5.7,311,,311,Express
Curaçao,312,5.8,312,,312,Express
Curaçao,312,5.9,312,,312,Express
Curaçao,312,6,312,,312,Express
Curaçao,330,6.1,330,,330,Express
Curaçao,330,6.2,330,,330,Express
Curaçao,330,6.3,330,,330,Express
Curaçao,330,6.4,330,,330,Express
Curaçao,331,6.5,331,,331,Express
Curaçao,348,6.6,348,,348,Express
Curaçao,348,6.7,348,,348,Express
Curaçao,348,6.8,348,,348,Express
Curaçao,348,6.9,348,,348,Express
Curaçao,349,7,349,,349,Express
Curaçao,366,7.1,366,,366,Express
Curaçao,367,7.2,367,,367,Express
Curaçao,367,7.3,367,,367,Express
Curaçao,367,7.4,367,,367,Express
Curaçao,367,7.5,367,,367,Express
Curaçao,383,7.6,383,,383,Express
Curaçao,383,7.7,383,,383,Express
Curaçao,383,7.8,383,,383,Express
Curaçao,383,7.9,383,,383,Express
Curaçao,384,8,384,,384,Express
Curaçao,399,8.1,399,,399,Express
Curaçao,400,8.2,400,,400,Express
Curaçao,400,8.3,400,,400,Express
Curaçao,400,8.4,400,,400,Express
Curaçao,400,8.5,400,,400,Express
Curaçao,416,8.6,416,,416,Express
Curaçao,416,8.7,416,,416,Express
Curaçao,416,8.8,416,,416,Express
Curaçao,417,8.9,417,,417,Express
Curaçao,417,9,417,,417,Express
Curaçao,433,9.1,433,,433,Express
Curaçao,433,9.2,433,,433,Express
Curaçao,433,9.3,433,,433,Express
Curaçao,433,9.4,433,,433,Express
Curaçao,433,9.5,433,,433,Express
Curaçao,453,9.6,453,,453,Express
Curaçao,453,9.7,453,,453,Express
Curaçao,454,9.8,454,,454,Express
Curaçao,454,9.9,454,,454,Express
Curaçao,454,10,454,,454,Express
Réunion,47,0.1,47,,47,Express
Réunion,47,0.2,47,,47,Express
Réunion,47,0.3,47,,47,Express
Réunion,48,0.4,48,,48,Express
Réunion,48,0.5,48,,48,Express
Réunion,58,0.6,58,,58,Express
Réunion,58,0.7,58,,58,Express
Réunion,58,0.8,58,,58,Express
Réunion,58,0.9,58,,58,Express
Réunion,58,1,58,,58,Express
Réunion,69,1.1,69,,69,Express
Réunion,69,1.2,69,,69,Express
Réunion,69,1.3,69,,69,Express
Réunion,69,1.4,69,,69,Express
Réunion,69,1.5,69,,69,Express
Réunion,78,1.6,78,,78,Express
Réunion,78,1.7,78,,78,Express
Réunion,79,1.8,79,,79,Express
Réunion,79,1.9,79,,79,Express
Réunion,79,2,79,,79,Express
Réunion,89,2.1,89,,89,Express
Réunion,89,2.2,89,,89,Express
Réunion,89,2.3,89,,89,Express
Réunion,89,2.4,89,,89,Express
Réunion,89,2.5,89,,89,Express
Réunion,99,2.6,99,,99,Express
Réunion,100,2.7,100,,100,Express
Réunion,100,2.8,100,,100,Express
Réunion,100,2.9,100,,100,Express
Réunion,100,3,100,,100,Express
Réunion,110,3.1,110,,110,Express
Réunion,110,3.2,110,,110,Express
Réunion,110,3.3,110,,110,Express
Réunion,110,3.4,110,,110,Express
Réunion,111,3.5,111,,111,Express
Réunion,120,3.6,120,,120,Express
Réunion,120,3.7,120,,120,Express
Réunion,120,3.8,120,,120,Express
Réunion,120,3.9,120,,120,Express
Réunion,120,4,120,,120,Express
Réunion,130,4.1,130,,130,Express
Réunion,131,4.2,131,,131,Express
Réunion,131,4.3,131,,131,Express
Réunion,131,4.4,131,,131,Express
Réunion,131,4.5,131,,131,Express
Réunion,140,4.6,140,,140,Express
Réunion,140,4.7,140,,140,Express
Réunion,141,4.8,141,,141,Express
Réunion,141,4.9,141,,141,Express
Réunion,141,5,141,,141,Express
Réunion,293,5.1,293,,293,Express
Réunion,293,5.2,293,,293,Express
Réunion,293,5.3,293,,293,Express
Réunion,293,5.4,293,,293,Express
Réunion,294,5.5,294,,294,Express
Réunion,311,5.6,311,,311,Express
Réunion,311,5.7,311,,311,Express
Réunion,312,5.8,312,,312,Express
Réunion,312,5.9,312,,312,Express
Réunion,312,6,312,,312,Express
Réunion,330,6.1,330,,330,Express
Réunion,330,6.2,330,,330,Express
Réunion,330,6.3,330,,330,Express
Réunion,330,6.4,330,,330,Express
Réunion,331,6.5,331,,331,Express
Réunion,348,6.6,348,,348,Express
Réunion,348,6.7,348,,348,Express
Réunion,348,6.8,348,,348,Express
Réunion,348,6.9,348,,348,Express
Réunion,349,7,349,,349,Express
Réunion,366,7.1,366,,366,Express
Réunion,367,7.2,367,,367,Express
Réunion,367,7.3,367,,367,Express
Réunion,367,7.4,367,,367,Express
Réunion,367,7.5,367,,367,Express
Réunion,383,7.6,383,,383,Express
Réunion,383,7.7,383,,383,Express
Réunion,383,7.8,383,,383,Express
Réunion,383,7.9,383,,383,Express
Réunion,384,8,384,,384,Express
Réunion,399,8.1,399,,399,Express
Réunion,400,8.2,400,,400,Express
Réunion,400,8.3,400,,400,Express
Réunion,400,8.4,400,,400,Express
Réunion,400,8.5,400,,400,Express
Réunion,416,8.6,416,,416,Express
Réunion,416,8.7,416,,416,Express
Réunion,416,8.8,416,,416,Express
Réunion,417,8.9,417,,417,Express
Réunion,417,9,417,,417,Express
Réunion,433,9.1,433,,433,Express
Réunion,433,9.2,433,,433,Express
Réunion,433,9.3,433,,433,Express
Réunion,433,9.4,433,,433,Express
Réunion,433,9.5,433,,433,Express
Réunion,453,9.6,453,,453,Express
Réunion,453,9.7,453,,453,Express
Réunion,454,9.8,454,,454,Express
Réunion,454,9.9,454,,454,Express
Réunion,454,10,454,,454,Express
Bahamas,47,0.1,47,,47,Express
Bahamas,47,0.2,47,,47,Express
Bahamas,47,0.3,47,,47,Express
Bahamas,48,0.4,48,,48,Express
Bahamas,48,0.5,48,,48,Express
Bahamas,58,0.6,58,,58,Express
Bahamas,58,0.7,58,,58,Express
Bahamas,58,0.8,58,,58,Express
Bahamas,58,0.9,58,,58,Express
Bahamas,58,1,58,,58,Express
Bahamas,69,1.1,69,,69,Express
Bahamas,69,1.2,69,,69,Express
Bahamas,69,1.3,69,,69,Express
Bahamas,69,1.4,69,,69,Express
Bahamas,69,1.5,69,,69,Express
Bahamas,78,1.6,78,,78,Express
Bahamas,78,1.7,78,,78,Express
Bahamas,79,1.8,79,,79,Express
Bahamas,79,1.9,79,,79,Express
Bahamas,79,2,79,,79,Express
Bahamas,89,2.1,89,,89,Express
Bahamas,89,2.2,89,,89,Express
Bahamas,89,2.3,89,,89,Express
Bahamas,89,2.4,89,,89,Express
Bahamas,89,2.5,89,,89,Express
Bahamas,99,2.6,99,,99,Express
Bahamas,100,2.7,100,,100,Express
Bahamas,100,2.8,100,,100,Express
Bahamas,100,2.9,100,,100,Express
Bahamas,100,3,100,,100,Express
Bahamas,110,3.1,110,,110,Express
Bahamas,110,3.2,110,,110,Express
Bahamas,110,3.3,110,,110,Express
Bahamas,110,3.4,110,,110,Express
Bahamas,111,3.5,111,,111,Express
Bahamas,120,3.6,120,,120,Express
Bahamas,120,3.7,120,,120,Express
Bahamas,120,3.8,120,,120,Express
Bahamas,120,3.9,120,,120,Express
Bahamas,120,4,120,,120,Express
Bahamas,130,4.1,130,,130,Express
Bahamas,131,4.2,131,,131,Express
Bahamas,131,4.3,131,,131,Express
Bahamas,131,4.4,131,,131,Express
Bahamas,131,4.5,131,,131,Express
Bahamas,140,4.6,140,,140,Express
Bahamas,140,4.7,140,,140,Express
Bahamas,141,4.8,141,,141,Express
Bahamas,141,4.9,141,,141,Express
Bahamas,141,5,141,,141,Express
Bahamas,293,5.1,293,,293,Express
Bahamas,293,5.2,293,,293,Express
Bahamas,293,5.3,293,,293,Express
Bahamas,293,5.4,293,,293,Express
Bahamas,294,5.5,294,,294,Express
Bahamas,311,5.6,311,,311,Express
Bahamas,311,5.7,311,,311,Express
Bahamas,312,5.8,312,,312,Express
Bahamas,312,5.9,312,,312,Express
Bahamas,312,6,312,,312,Express
Bahamas,330,6.1,330,,330,Express
Bahamas,330,6.2,330,,330,Express
Bahamas,330,6.3,330,,330,Express
Bahamas,330,6.4,330,,330,Express
Bahamas,331,6.5,331,,331,Express
Bahamas,348,6.6,348,,348,Express
Bahamas,348,6.7,348,,348,Express
Bahamas,348,6.8,348,,348,Express
Bahamas,348,6.9,348,,348,Express
Bahamas,349,7,349,,349,Express
Bahamas,366,7.1,366,,366,Express
Bahamas,367,7.2,367,,367,Express
Bahamas,367,7.3,367,,367,Express
Bahamas,367,7.4,367,,367,Express
Bahamas,367,7.5,367,,367,Express
Bahamas,383,7.6,383,,383,Express
Bahamas,383,7.7,383,,383,Express
Bahamas,383,7.8,383,,383,Express
Bahamas,383,7.9,383,,383,Express
Bahamas,384,8,384,,384,Express
Bahamas,399,8.1,399,,399,Express
Bahamas,400,8.2,400,,400,Express
Bahamas,400,8.3,400,,400,Express
Bahamas,400,8.4,400,,400,Express
Bahamas,400,8.5,400,,400,Express
Bahamas,416,8.6,416,,416,Express
Bahamas,416,8.7,416,,416,Express
Bahamas,416,8.8,416,,416,Express
Bahamas,417,8.9,417,,417,Express
Bahamas,417,9,417,,417,Express
Bahamas,433,9.1,433,,433,Express
Bahamas,433,9.2,433,,433,Express
Bahamas,433,9.3,433,,433,Express
Bahamas,433,9.4,433,,433,Express
Bahamas,433,9.5,433,,433,Express
Bahamas,453,9.6,453,,453,Express
Bahamas,453,9.7,453,,453,Express
Bahamas,454,9.8,454,,454,Express
Bahamas,454,9.9,454,,454,Express
Bahamas,454,10,454,,454,Express
Myanmar (Burma),32,0.1,32,,32,Express
Myanmar (Burma),32,0.2,32,,32,Express
Myanmar (Burma),32,0.3,32,,32,Express
Myanmar (Burma),32,0.4,32,,32,Express
Myanmar (Burma),32,0.5,32,,32,Express
Myanmar (Burma),44,0.6,44,,44,Express
Myanmar (Burma),44,0.7,44,,44,Express
Myanmar (Burma),44,0.8,44,,44,Express
Myanmar (Burma),44,0.9,44,,44,Express
Myanmar (Burma),44,1,44,,44,Express
Myanmar (Burma),52,1.1,52,,52,Express
Myanmar (Burma),52,1.2,52,,52,Express
Myanmar (Burma),52,1.3,52,,52,Express
Myanmar (Burma),52,1.4,52,,52,Express
Myanmar (Burma),52,1.5,52,,52,Express
Myanmar (Burma),59,1.6,59,,59,Express
Myanmar (Burma),59,1.7,59,,59,Express
Myanmar (Burma),59,1.8,59,,59,Express
Myanmar (Burma),59,1.9,59,,59,Express
Myanmar (Burma),59,2,59,,59,Express
Myanmar (Burma),66,2.1,66,,66,Express
Myanmar (Burma),66,2.2,66,,66,Express
Myanmar (Burma),66,2.3,66,,66,Express
Myanmar (Burma),66,2.4,66,,66,Express
Myanmar (Burma),66,2.5,66,,66,Express
Myanmar (Burma),69,2.6,69,,69,Express
Myanmar (Burma),69,2.7,69,,69,Express
Myanmar (Burma),69,2.8,69,,69,Express
Myanmar (Burma),69,2.9,69,,69,Express
Myanmar (Burma),69,3,69,,69,Express
Myanmar (Burma),76,3.1,76,,76,Express
Myanmar (Burma),76,3.2,76,,76,Express
Myanmar (Burma),76,3.3,76,,76,Express
Myanmar (Burma),76,3.4,76,,76,Express
Myanmar (Burma),76,3.5,76,,76,Express
Myanmar (Burma),84,3.6,84,,84,Express
Myanmar (Burma),84,3.7,84,,84,Express
Myanmar (Burma),84,3.8,84,,84,Express
Myanmar (Burma),84,3.9,84,,84,Express
Myanmar (Burma),84,4,84,,84,Express
Myanmar (Burma),90,4.1,90,,90,Express
Myanmar (Burma),90,4.2,90,,90,Express
Myanmar (Burma),90,4.3,90,,90,Express
Myanmar (Burma),90,4.4,90,,90,Express
Myanmar (Burma),90,4.5,90,,90,Express
Myanmar (Burma),99,4.6,99,,99,Express
Myanmar (Burma),99,4.7,99,,99,Express
Myanmar (Burma),99,4.8,99,,99,Express
Myanmar (Burma),99,4.9,99,,99,Express
Myanmar (Burma),99,5,99,,99,Express
Myanmar (Burma),213,5.1,213,,213,Express
Myanmar (Burma),213,5.2,213,,213,Express
Myanmar (Burma),213,5.3,213,,213,Express
Myanmar (Burma),213,5.4,213,,213,Express
Myanmar (Burma),213,5.5,213,,213,Express
Myanmar (Burma),228,5.6,228,,228,Express
Myanmar (Burma),228,5.7,228,,228,Express
Myanmar (Burma),228,5.8,228,,228,Express
Myanmar (Burma),228,5.9,228,,228,Express
Myanmar (Burma),228,6,228,,228,Express
Myanmar (Burma),243,6.1,243,,243,Express
Myanmar (Burma),243,6.2,243,,243,Express
Myanmar (Burma),243,6.3,243,,243,Express
Myanmar (Burma),243,6.4,243,,243,Express
Myanmar (Burma),243,6.5,243,,243,Express
Myanmar (Burma),258,6.6,258,,258,Express
Myanmar (Burma),258,6.7,258,,258,Express
Myanmar (Burma),258,6.8,258,,258,Express
Myanmar (Burma),258,6.9,258,,258,Express
Myanmar (Burma),258,7,258,,258,Express
Myanmar (Burma),273,7.1,273,,273,Express
Myanmar (Burma),273,7.2,273,,273,Express
Myanmar (Burma),273,7.3,273,,273,Express
Myanmar (Burma),273,7.4,273,,273,Express
Myanmar (Burma),273,7.5,273,,273,Express
Myanmar (Burma),287,7.6,287,,287,Express
Myanmar (Burma),287,7.7,287,,287,Express
Myanmar (Burma),287,7.8,287,,287,Express
Myanmar (Burma),287,7.9,287,,287,Express
Myanmar (Burma),287,8,287,,287,Express
Myanmar (Burma),301,8.1,301,,301,Express
Myanmar (Burma),301,8.2,301,,301,Express
Myanmar (Burma),301,8.3,301,,301,Express
Myanmar (Burma),301,8.4,301,,301,Express
Myanmar (Burma),301,8.5,301,,301,Express
Myanmar (Burma),315,8.6,315,,315,Express
Myanmar (Burma),315,8.7,315,,315,Express
Myanmar (Burma),315,8.8,315,,315,Express
Myanmar (Burma),315,8.9,315,,315,Express
Myanmar (Burma),315,9,315,,315,Express
Myanmar (Burma),328,9.1,328,,328,Express
Myanmar (Burma),328,9.2,328,,328,Express
Myanmar (Burma),328,9.3,328,,328,Express
Myanmar (Burma),328,9.4,328,,328,Express
Myanmar (Burma),328,9.5,328,,328,Express
Myanmar (Burma),337,9.6,337,,337,Express
Myanmar (Burma),337,9.7,337,,337,Express
Myanmar (Burma),337,9.8,337,,337,Express
Myanmar (Burma),337,9.9,337,,337,Express
Myanmar (Burma),337,10,337,,337,Express
St. Kitts & Nevis,47,0.1,47,,47,Express
St. Kitts & Nevis,47,0.2,47,,47,Express
St. Kitts & Nevis,47,0.3,47,,47,Express
St. Kitts & Nevis,48,0.4,48,,48,Express
St. Kitts & Nevis,48,0.5,48,,48,Express
St. Kitts & Nevis,58,0.6,58,,58,Express
St. Kitts & Nevis,58,0.7,58,,58,Express
St. Kitts & Nevis,58,0.8,58,,58,Express
St. Kitts & Nevis,58,0.9,58,,58,Express
St. Kitts & Nevis,58,1,58,,58,Express
St. Kitts & Nevis,69,1.1,69,,69,Express
St. Kitts & Nevis,69,1.2,69,,69,Express
St. Kitts & Nevis,69,1.3,69,,69,Express
St. Kitts & Nevis,69,1.4,69,,69,Express
St. Kitts & Nevis,69,1.5,69,,69,Express
St. Kitts & Nevis,78,1.6,78,,78,Express
St. Kitts & Nevis,78,1.7,78,,78,Express
St. Kitts & Nevis,79,1.8,79,,79,Express
St. Kitts & Nevis,79,1.9,79,,79,Express
St. Kitts & Nevis,79,2,79,,79,Express
St. Kitts & Nevis,89,2.1,89,,89,Express
St. Kitts & Nevis,89,2.2,89,,89,Express
St. Kitts & Nevis,89,2.3,89,,89,Express
St. Kitts & Nevis,89,2.4,89,,89,Express
St. Kitts & Nevis,89,2.5,89,,89,Express
St. Kitts & Nevis,99,2.6,99,,99,Express
St. Kitts & Nevis,100,2.7,100,,100,Express
St. Kitts & Nevis,100,2.8,100,,100,Express
St. Kitts & Nevis,100,2.9,100,,100,Express
St. Kitts & Nevis,100,3,100,,100,Express
St. Kitts & Nevis,110,3.1,110,,110,Express
St. Kitts & Nevis,110,3.2,110,,110,Express
St. Kitts & Nevis,110,3.3,110,,110,Express
St. Kitts & Nevis,110,3.4,110,,110,Express
St. Kitts & Nevis,111,3.5,111,,111,Express
St. Kitts & Nevis,120,3.6,120,,120,Express
St. Kitts & Nevis,120,3.7,120,,120,Express
St. Kitts & Nevis,120,3.8,120,,120,Express
St. Kitts & Nevis,120,3.9,120,,120,Express
St. Kitts & Nevis,120,4,120,,120,Express
St. Kitts & Nevis,130,4.1,130,,130,Express
St. Kitts & Nevis,131,4.2,131,,131,Express
St. Kitts & Nevis,131,4.3,131,,131,Express
St. Kitts & Nevis,131,4.4,131,,131,Express
St. Kitts & Nevis,131,4.5,131,,131,Express
St. Kitts & Nevis,140,4.6,140,,140,Express
St. Kitts & Nevis,140,4.7,140,,140,Express
St. Kitts & Nevis,141,4.8,141,,141,Express
St. Kitts & Nevis,141,4.9,141,,141,Express
St. Kitts & Nevis,141,5,141,,141,Express
St. Kitts & Nevis,293,5.1,293,,293,Express
St. Kitts & Nevis,293,5.2,293,,293,Express
St. Kitts & Nevis,293,5.3,293,,293,Express
St. Kitts & Nevis,293,5.4,293,,293,Express
St. Kitts & Nevis,294,5.5,294,,294,Express
St. Kitts & Nevis,311,5.6,311,,311,Express
St. Kitts & Nevis,311,5.7,311,,311,Express
St. Kitts & Nevis,312,5.8,312,,312,Express
St. Kitts & Nevis,312,5.9,312,,312,Express
St. Kitts & Nevis,312,6,312,,312,Express
St. Kitts & Nevis,330,6.1,330,,330,Express
St. Kitts & Nevis,330,6.2,330,,330,Express
St. Kitts & Nevis,330,6.3,330,,330,Express
St. Kitts & Nevis,330,6.4,330,,330,Express
St. Kitts & Nevis,331,6.5,331,,331,Express
St. Kitts & Nevis,348,6.6,348,,348,Express
St. Kitts & Nevis,348,6.7,348,,348,Express
St. Kitts & Nevis,348,6.8,348,,348,Express
St. Kitts & Nevis,348,6.9,348,,348,Express
St. Kitts & Nevis,349,7,349,,349,Express
St. Kitts & Nevis,366,7.1,366,,366,Express
St. Kitts & Nevis,367,7.2,367,,367,Express
St. Kitts & Nevis,367,7.3,367,,367,Express
St. Kitts & Nevis,367,7.4,367,,367,Express
St. Kitts & Nevis,367,7.5,367,,367,Express
St. Kitts & Nevis,383,7.6,383,,383,Express
St. Kitts & Nevis,383,7.7,383,,383,Express
St. Kitts & Nevis,383,7.8,383,,383,Express
St. Kitts & Nevis,383,7.9,383,,383,Express
St. Kitts & Nevis,384,8,384,,384,Express
St. Kitts & Nevis,399,8.1,399,,399,Express
St. Kitts & Nevis,400,8.2,400,,400,Express
St. Kitts & Nevis,400,8.3,400,,400,Express
St. Kitts & Nevis,400,8.4,400,,400,Express
St. Kitts & Nevis,400,8.5,400,,400,Express
St. Kitts & Nevis,416,8.6,416,,416,Express
St. Kitts & Nevis,416,8.7,416,,416,Express
St. Kitts & Nevis,416,8.8,416,,416,Express
St. Kitts & Nevis,417,8.9,417,,417,Express
St. Kitts & Nevis,417,9,417,,417,Express
St. Kitts & Nevis,433,9.1,433,,433,Express
St. Kitts & Nevis,433,9.2,433,,433,Express
St. Kitts & Nevis,433,9.3,433,,433,Express
St. Kitts & Nevis,433,9.4,433,,433,Express
St. Kitts & Nevis,433,9.5,433,,433,Express
St. Kitts & Nevis,453,9.6,453,,453,Express
St. Kitts & Nevis,453,9.7,453,,453,Express
St. Kitts & Nevis,454,9.8,454,,454,Express
St. Kitts & Nevis,454,9.9,454,,454,Express
St. Kitts & Nevis,454,10,454,,454,Express
St. Vincent & Grenadines,47,0.1,47,,47,Express
St. Vincent & Grenadines,47,0.2,47,,47,Express
St. Vincent & Grenadines,47,0.3,47,,47,Express
St. Vincent & Grenadines,48,0.4,48,,48,Express
St. Vincent & Grenadines,48,0.5,48,,48,Express
St. Vincent & Grenadines,58,0.6,58,,58,Express
St. Vincent & Grenadines,58,0.7,58,,58,Express
St. Vincent & Grenadines,58,0.8,58,,58,Express
St. Vincent & Grenadines,58,0.9,58,,58,Express
St. Vincent & Grenadines,58,1,58,,58,Express
St. Vincent & Grenadines,69,1.1,69,,69,Express
St. Vincent & Grenadines,69,1.2,69,,69,Express
St. Vincent & Grenadines,69,1.3,69,,69,Express
St. Vincent & Grenadines,69,1.4,69,,69,Express
St. Vincent & Grenadines,69,1.5,69,,69,Express
St. Vincent & Grenadines,78,1.6,78,,78,Express
St. Vincent & Grenadines,78,1.7,78,,78,Express
St. Vincent & Grenadines,79,1.8,79,,79,Express
St. Vincent & Grenadines,79,1.9,79,,79,Express
St. Vincent & Grenadines,79,2,79,,79,Express
St. Vincent & Grenadines,89,2.1,89,,89,Express
St. Vincent & Grenadines,89,2.2,89,,89,Express
St. Vincent & Grenadines,89,2.3,89,,89,Express
St. Vincent & Grenadines,89,2.4,89,,89,Express
St. Vincent & Grenadines,89,2.5,89,,89,Express
St. Vincent & Grenadines,99,2.6,99,,99,Express
St. Vincent & Grenadines,100,2.7,100,,100,Express
St. Vincent & Grenadines,100,2.8,100,,100,Express
St. Vincent & Grenadines,100,2.9,100,,100,Express
St. Vincent & Grenadines,100,3,100,,100,Express
St. Vincent & Grenadines,110,3.1,110,,110,Express
St. Vincent & Grenadines,110,3.2,110,,110,Express
St. Vincent & Grenadines,110,3.3,110,,110,Express
St. Vincent & Grenadines,110,3.4,110,,110,Express
St. Vincent & Grenadines,111,3.5,111,,111,Express
St. Vincent & Grenadines,120,3.6,120,,120,Express
St. Vincent & Grenadines,120,3.7,120,,120,Express
St. Vincent & Grenadines,120,3.8,120,,120,Express
St. Vincent & Grenadines,120,3.9,120,,120,Express
St. Vincent & Grenadines,120,4,120,,120,Express
St. Vincent & Grenadines,130,4.1,130,,130,Express
St. Vincent & Grenadines,131,4.2,131,,131,Express
St. Vincent & Grenadines,131,4.3,131,,131,Express
St. Vincent & Grenadines,131,4.4,131,,131,Express
St. Vincent & Grenadines,131,4.5,131,,131,Express
St. Vincent & Grenadines,140,4.6,140,,140,Express
St. Vincent & Grenadines,140,4.7,140,,140,Express
St. Vincent & Grenadines,141,4.8,141,,141,Express
St. Vincent & Grenadines,141,4.9,141,,141,Express
St. Vincent & Grenadines,141,5,141,,141,Express
St. Vincent & Grenadines,293,5.1,293,,293,Express
St. Vincent & Grenadines,293,5.2,293,,293,Express
St. Vincent & Grenadines,293,5.3,293,,293,Express
St. Vincent & Grenadines,293,5.4,293,,293,Express
St. Vincent & Grenadines,294,5.5,294,,294,Express
St. Vincent & Grenadines,311,5.6,311,,311,Express
St. Vincent & Grenadines,311,5.7,311,,311,Express
St. Vincent & Grenadines,312,5.8,312,,312,Express
St. Vincent & Grenadines,312,5.9,312,,312,Express
St. Vincent & Grenadines,312,6,312,,312,Express
St. Vincent & Grenadines,330,6.1,330,,330,Express
St. Vincent & Grenadines,330,6.2,330,,330,Express
St. Vincent & Grenadines,330,6.3,330,,330,Express
St. Vincent & Grenadines,330,6.4,330,,330,Express
St. Vincent & Grenadines,331,6.5,331,,331,Express
St. Vincent & Grenadines,348,6.6,348,,348,Express
St. Vincent & Grenadines,348,6.7,348,,348,Express
St. Vincent & Grenadines,348,6.8,348,,348,Express
St. Vincent & Grenadines,348,6.9,348,,348,Express
St. Vincent & Grenadines,349,7,349,,349,Express
St. Vincent & Grenadines,366,7.1,366,,366,Express
St. Vincent & Grenadines,367,7.2,367,,367,Express
St. Vincent & Grenadines,367,7.3,367,,367,Express
St. Vincent & Grenadines,367,7.4,367,,367,Express
St. Vincent & Grenadines,367,7.5,367,,367,Express
St. Vincent & Grenadines,383,7.6,383,,383,Express
St. Vincent & Grenadines,383,7.7,383,,383,Express
St. Vincent & Grenadines,383,7.8,383,,383,Express
St. Vincent & Grenadines,383,7.9,383,,383,Express
St. Vincent & Grenadines,384,8,384,,384,Express
St. Vincent & Grenadines,399,8.1,399,,399,Express
St. Vincent & Grenadines,400,8.2,400,,400,Express
St. Vincent & Grenadines,400,8.3,400,,400,Express
St. Vincent & Grenadines,400,8.4,400,,400,Express
St. Vincent & Grenadines,400,8.5,400,,400,Express
St. Vincent & Grenadines,416,8.6,416,,416,Express
St. Vincent & Grenadines,416,8.7,416,,416,Express
St. Vincent & Grenadines,416,8.8,416,,416,Express
St. Vincent & Grenadines,417,8.9,417,,417,Express
St. Vincent & Grenadines,417,9,417,,417,Express
St. Vincent & Grenadines,433,9.1,433,,433,Express
St. Vincent & Grenadines,433,9.2,433,,433,Express
St. Vincent & Grenadines,433,9.3,433,,433,Express
St. Vincent & Grenadines,433,9.4,433,,433,Express
St. Vincent & Grenadines,433,9.5,433,,433,Express
St. Vincent & Grenadines,453,9.6,453,,453,Express
St. Vincent & Grenadines,453,9.7,453,,453,Express
St. Vincent & Grenadines,454,9.8,454,,454,Express
St. Vincent & Grenadines,454,9.9,454,,454,Express
St. Vincent & Grenadines,454,10,454,,454,Express
St. Pierre & Miquelon,47,0.1,47,,47,Express
St. Pierre & Miquelon,47,0.2,47,,47,Express
St. Pierre & Miquelon,47,0.3,47,,47,Express
St. Pierre & Miquelon,48,0.4,48,,48,Express
St. Pierre & Miquelon,48,0.5,48,,48,Express
St. Pierre & Miquelon,58,0.6,58,,58,Express
St. Pierre & Miquelon,58,0.7,58,,58,Express
St. Pierre & Miquelon,58,0.8,58,,58,Express
St. Pierre & Miquelon,58,0.9,58,,58,Express
St. Pierre & Miquelon,58,1,58,,58,Express
St. Pierre & Miquelon,69,1.1,69,,69,Express
St. Pierre & Miquelon,69,1.2,69,,69,Express
St. Pierre & Miquelon,69,1.3,69,,69,Express
St. Pierre & Miquelon,69,1.4,69,,69,Express
St. Pierre & Miquelon,69,1.5,69,,69,Express
St. Pierre & Miquelon,78,1.6,78,,78,Express
St. Pierre & Miquelon,78,1.7,78,,78,Express
St. Pierre & Miquelon,79,1.8,79,,79,Express
St. Pierre & Miquelon,79,1.9,79,,79,Express
St. Pierre & Miquelon,79,2,79,,79,Express
St. Pierre & Miquelon,89,2.1,89,,89,Express
St. Pierre & Miquelon,89,2.2,89,,89,Express
St. Pierre & Miquelon,89,2.3,89,,89,Express
St. Pierre & Miquelon,89,2.4,89,,89,Express
St. Pierre & Miquelon,89,2.5,89,,89,Express
St. Pierre & Miquelon,99,2.6,99,,99,Express
St. Pierre & Miquelon,100,2.7,100,,100,Express
St. Pierre & Miquelon,100,2.8,100,,100,Express
St. Pierre & Miquelon,100,2.9,100,,100,Express
St. Pierre & Miquelon,100,3,100,,100,Express
St. Pierre & Miquelon,110,3.1,110,,110,Express
St. Pierre & Miquelon,110,3.2,110,,110,Express
St. Pierre & Miquelon,110,3.3,110,,110,Express
St. Pierre & Miquelon,110,3.4,110,,110,Express
St. Pierre & Miquelon,111,3.5,111,,111,Express
St. Pierre & Miquelon,120,3.6,120,,120,Express
St. Pierre & Miquelon,120,3.7,120,,120,Express
St. Pierre & Miquelon,120,3.8,120,,120,Express
St. Pierre & Miquelon,120,3.9,120,,120,Express
St. Pierre & Miquelon,120,4,120,,120,Express
St. Pierre & Miquelon,130,4.1,130,,130,Express
St. Pierre & Miquelon,131,4.2,131,,131,Express
St. Pierre & Miquelon,131,4.3,131,,131,Express
St. Pierre & Miquelon,131,4.4,131,,131,Express
St. Pierre & Miquelon,131,4.5,131,,131,Express
St. Pierre & Miquelon,140,4.6,140,,140,Express
St. Pierre & Miquelon,140,4.7,140,,140,Express
St. Pierre & Miquelon,141,4.8,141,,141,Express
St. Pierre & Miquelon,141,4.9,141,,141,Express
St. Pierre & Miquelon,141,5,141,,141,Express
St. Pierre & Miquelon,293,5.1,293,,293,Express
St. Pierre & Miquelon,293,5.2,293,,293,Express
St. Pierre & Miquelon,293,5.3,293,,293,Express
St. Pierre & Miquelon,293,5.4,293,,293,Express
St. Pierre & Miquelon,294,5.5,294,,294,Express
St. Pierre & Miquelon,311,5.6,311,,311,Express
St. Pierre & Miquelon,311,5.7,311,,311,Express
St. Pierre & Miquelon,312,5.8,312,,312,Express
St. Pierre & Miquelon,312,5.9,312,,312,Express
St. Pierre & Miquelon,312,6,312,,312,Express
St. Pierre & Miquelon,330,6.1,330,,330,Express
St. Pierre & Miquelon,330,6.2,330,,330,Express
St. Pierre & Miquelon,330,6.3,330,,330,Express
St. Pierre & Miquelon,330,6.4,330,,330,Express
St. Pierre & Miquelon,331,6.5,331,,331,Express
St. Pierre & Miquelon,348,6.6,348,,348,Express
St. Pierre & Miquelon,348,6.7,348,,348,Express
St. Pierre & Miquelon,348,6.8,348,,348,Express
St. Pierre & Miquelon,348,6.9,348,,348,Express
St. Pierre & Miquelon,349,7,349,,349,Express
St. Pierre & Miquelon,366,7.1,366,,366,Express
St. Pierre & Miquelon,367,7.2,367,,367,Express
St. Pierre & Miquelon,367,7.3,367,,367,Express
St. Pierre & Miquelon,367,7.4,367,,367,Express
St. Pierre & Miquelon,367,7.5,367,,367,Express
St. Pierre & Miquelon,383,7.6,383,,383,Express
St. Pierre & Miquelon,383,7.7,383,,383,Express
St. Pierre & Miquelon,383,7.8,383,,383,Express
St. Pierre & Miquelon,383,7.9,383,,383,Express
St. Pierre & Miquelon,384,8,384,,384,Express
St. Pierre & Miquelon,399,8.1,399,,399,Express
St. Pierre & Miquelon,400,8.2,400,,400,Express
St. Pierre & Miquelon,400,8.3,400,,400,Express
St. Pierre & Miquelon,400,8.4,400,,400,Express
St. Pierre & Miquelon,400,8.5,400,,400,Express
St. Pierre & Miquelon,416,8.6,416,,416,Express
St. Pierre & Miquelon,416,8.7,416,,416,Express
St. Pierre & Miquelon,416,8.8,416,,416,Express
St. Pierre & Miquelon,417,8.9,417,,417,Express
St. Pierre & Miquelon,417,9,417,,417,Express
St. Pierre & Miquelon,433,9.1,433,,433,Express
St. Pierre & Miquelon,433,9.2,433,,433,Express
St. Pierre & Miquelon,433,9.3,433,,433,Express
St. Pierre & Miquelon,433,9.4,433,,433,Express
St. Pierre & Miquelon,433,9.5,433,,433,Express
St. Pierre & Miquelon,453,9.6,453,,453,Express
St. Pierre & Miquelon,453,9.7,453,,453,Express
St. Pierre & Miquelon,454,9.8,454,,454,Express
St. Pierre & Miquelon,454,9.9,454,,454,Express
St. Pierre & Miquelon,454,10,454,,454,Express
Turks & Caicos Islands,47,0.1,47,,47,Express
Turks & Caicos Islands,47,0.2,47,,47,Express
Turks & Caicos Islands,47,0.3,47,,47,Express
Turks & Caicos Islands,48,0.4,48,,48,Express
Turks & Caicos Islands,48,0.5,48,,48,Express
Turks & Caicos Islands,58,0.6,58,,58,Express
Turks & Caicos Islands,58,0.7,58,,58,Express
Turks & Caicos Islands,58,0.8,58,,58,Express
Turks & Caicos Islands,58,0.9,58,,58,Express
Turks & Caicos Islands,58,1,58,,58,Express
Turks & Caicos Islands,69,1.1,69,,69,Express
Turks & Caicos Islands,69,1.2,69,,69,Express
Turks & Caicos Islands,69,1.3,69,,69,Express
Turks & Caicos Islands,69,1.4,69,,69,Express
Turks & Caicos Islands,69,1.5,69,,69,Express
Turks & Caicos Islands,78,1.6,78,,78,Express
Turks & Caicos Islands,78,1.7,78,,78,Express
Turks & Caicos Islands,79,1.8,79,,79,Express
Turks & Caicos Islands,79,1.9,79,,79,Express
Turks & Caicos Islands,79,2,79,,79,Express
Turks & Caicos Islands,89,2.1,89,,89,Express
Turks & Caicos Islands,89,2.2,89,,89,Express
Turks & Caicos Islands,89,2.3,89,,89,Express
Turks & Caicos Islands,89,2.4,89,,89,Express
Turks & Caicos Islands,89,2.5,89,,89,Express
Turks & Caicos Islands,99,2.6,99,,99,Express
Turks & Caicos Islands,100,2.7,100,,100,Express
Turks & Caicos Islands,100,2.8,100,,100,Express
Turks & Caicos Islands,100,2.9,100,,100,Express
Turks & Caicos Islands,100,3,100,,100,Express
Turks & Caicos Islands,110,3.1,110,,110,Express
Turks & Caicos Islands,110,3.2,110,,110,Express
Turks & Caicos Islands,110,3.3,110,,110,Express
Turks & Caicos Islands,110,3.4,110,,110,Express
Turks & Caicos Islands,111,3.5,111,,111,Express
Turks & Caicos Islands,120,3.6,120,,120,Express
Turks & Caicos Islands,120,3.7,120,,120,Express
Turks & Caicos Islands,120,3.8,120,,120,Express
Turks & Caicos Islands,120,3.9,120,,120,Express
Turks & Caicos Islands,120,4,120,,120,Express
Turks & Caicos Islands,130,4.1,130,,130,Express
Turks & Caicos Islands,131,4.2,131,,131,Express
Turks & Caicos Islands,131,4.3,131,,131,Express
Turks & Caicos Islands,131,4.4,131,,131,Express
Turks & Caicos Islands,131,4.5,131,,131,Express
Turks & Caicos Islands,140,4.6,140,,140,Express
Turks & Caicos Islands,140,4.7,140,,140,Express
Turks & Caicos Islands,141,4.8,141,,141,Express
Turks & Caicos Islands,141,4.9,141,,141,Express
Turks & Caicos Islands,141,5,141,,141,Express
Turks & Caicos Islands,293,5.1,293,,293,Express
Turks & Caicos Islands,293,5.2,293,,293,Express
Turks & Caicos Islands,293,5.3,293,,293,Express
Turks & Caicos Islands,293,5.4,293,,293,Express
Turks & Caicos Islands,294,5.5,294,,294,Express
Turks & Caicos Islands,311,5.6,311,,311,Express
Turks & Caicos Islands,311,5.7,311,,311,Express
Turks & Caicos Islands,312,5.8,312,,312,Express
Turks & Caicos Islands,312,5.9,312,,312,Express
Turks & Caicos Islands,312,6,312,,312,Express
Turks & Caicos Islands,330,6.1,330,,330,Express
Turks & Caicos Islands,330,6.2,330,,330,Express
Turks & Caicos Islands,330,6.3,330,,330,Express
Turks & Caicos Islands,330,6.4,330,,330,Express
Turks & Caicos Islands,331,6.5,331,,331,Express
Turks & Caicos Islands,348,6.6,348,,348,Express
Turks & Caicos Islands,348,6.7,348,,348,Express
Turks & Caicos Islands,348,6.8,348,,348,Express
Turks & Caicos Islands,348,6.9,348,,348,Express
Turks & Caicos Islands,349,7,349,,349,Express
Turks & Caicos Islands,366,7.1,366,,366,Express
Turks & Caicos Islands,367,7.2,367,,367,Express
Turks & Caicos Islands,367,7.3,367,,367,Express
Turks & Caicos Islands,367,7.4,367,,367,Express
Turks & Caicos Islands,367,7.5,367,,367,Express
Turks & Caicos Islands,383,7.6,383,,383,Express
Turks & Caicos Islands,383,7.7,383,,383,Express
Turks & Caicos Islands,383,7.8,383,,383,Express
Turks & Caicos Islands,383,7.9,383,,383,Express
Turks & Caicos Islands,384,8,384,,384,Express
Turks & Caicos Islands,399,8.1,399,,399,Express
Turks & Caicos Islands,400,8.2,400,,400,Express
Turks & Caicos Islands,400,8.3,400,,400,Express
Turks & Caicos Islands,400,8.4,400,,400,Express
Turks & Caicos Islands,400,8.5,400,,400,Express
Turks & Caicos Islands,416,8.6,416,,416,Express
Turks & Caicos Islands,416,8.7,416,,416,Express
Turks & Caicos Islands,416,8.8,416,,416,Express
Turks & Caicos Islands,417,8.9,417,,417,Express
Turks & Caicos Islands,417,9,417,,417,Express
Turks & Caicos Islands,433,9.1,433,,433,Express
Turks & Caicos Islands,433,9.2,433,,433,Express
Turks & Caicos Islands,433,9.3,433,,433,Express
Turks & Caicos Islands,433,9.4,433,,433,Express
Turks & Caicos Islands,433,9.5,433,,433,Express
Turks & Caicos Islands,453,9.6,453,,453,Express
Turks & Caicos Islands,453,9.7,453,,453,Express
Turks & Caicos Islands,454,9.8,454,,454,Express
Turks & Caicos Islands,454,9.9,454,,454,Express
Turks & Caicos Islands,454,10,454,,454,Express
Guyana,47,0.1,47,,47,Express
Guyana,47,0.2,47,,47,Express
Guyana,47,0.3,47,,47,Express
Guyana,48,0.4,48,,48,Express
Guyana,48,0.5,48,,48,Express
Guyana,58,0.6,58,,58,Express
Guyana,58,0.7,58,,58,Express
Guyana,58,0.8,58,,58,Express
Guyana,58,0.9,58,,58,Express
Guyana,58,1,58,,58,Express
Guyana,69,1.1,69,,69,Express
Guyana,69,1.2,69,,69,Express
Guyana,69,1.3,69,,69,Express
Guyana,69,1.4,69,,69,Express
Guyana,69,1.5,69,,69,Express
Guyana,78,1.6,78,,78,Express
Guyana,78,1.7,78,,78,Express
Guyana,79,1.8,79,,79,Express
Guyana,79,1.9,79,,79,Express
Guyana,79,2,79,,79,Express
Guyana,89,2.1,89,,89,Express
Guyana,89,2.2,89,,89,Express
Guyana,89,2.3,89,,89,Express
Guyana,89,2.4,89,,89,Express
Guyana,89,2.5,89,,89,Express
Guyana,99,2.6,99,,99,Express
Guyana,100,2.7,100,,100,Express
Guyana,100,2.8,100,,100,Express
Guyana,100,2.9,100,,100,Express
Guyana,100,3,100,,100,Express
Guyana,110,3.1,110,,110,Express
Guyana,110,3.2,110,,110,Express
Guyana,110,3.3,110,,110,Express
Guyana,110,3.4,110,,110,Express
Guyana,111,3.5,111,,111,Express
Guyana,120,3.6,120,,120,Express
Guyana,120,3.7,120,,120,Express
Guyana,120,3.8,120,,120,Express
Guyana,120,3.9,120,,120,Express
Guyana,120,4,120,,120,Express
Guyana,130,4.1,130,,130,Express
Guyana,131,4.2,131,,131,Express
Guyana,131,4.3,131,,131,Express
Guyana,131,4.4,131,,131,Express
Guyana,131,4.5,131,,131,Express
Guyana,140,4.6,140,,140,Express
Guyana,140,4.7,140,,140,Express
Guyana,141,4.8,141,,141,Express
Guyana,141,4.9,141,,141,Express
Guyana,141,5,141,,141,Express
Guyana,293,5.1,293,,293,Express
Guyana,293,5.2,293,,293,Express
Guyana,293,5.3,293,,293,Express
Guyana,293,5.4,293,,293,Express
Guyana,294,5.5,294,,294,Express
Guyana,311,5.6,311,,311,Express
Guyana,311,5.7,311,,311,Express
Guyana,312,5.8,312,,312,Express
Guyana,312,5.9,312,,312,Express
Guyana,312,6,312,,312,Express
Guyana,330,6.1,330,,330,Express
Guyana,330,6.2,330,,330,Express
Guyana,330,6.3,330,,330,Express
Guyana,330,6.4,330,,330,Express
Guyana,331,6.5,331,,331,Express
Guyana,348,6.6,348,,348,Express
Guyana,348,6.7,348,,348,Express
Guyana,348,6.8,348,,348,Express
Guyana,348,6.9,348,,348,Express
Guyana,349,7,349,,349,Express
Guyana,366,7.1,366,,366,Express
Guyana,367,7.2,367,,367,Express
Guyana,367,7.3,367,,367,Express
Guyana,367,7.4,367,,367,Express
Guyana,367,7.5,367,,367,Express
Guyana,383,7.6,383,,383,Express
Guyana,383,7.7,383,,383,Express
Guyana,383,7.8,383,,383,Express
Guyana,383,7.9,383,,383,Express
Guyana,384,8,384,,384,Express
Guyana,399,8.1,399,,399,Express
Guyana,400,8.2,400,,400,Express
Guyana,400,8.3,400,,400,Express
Guyana,400,8.4,400,,400,Express
Guyana,400,8.5,400,,400,Express
Guyana,416,8.6,416,,416,Express
Guyana,416,8.7,416,,416,Express
Guyana,416,8.8,416,,416,Express
Guyana,417,8.9,417,,417,Express
Guyana,417,9,417,,417,Express
Guyana,433,9.1,433,,433,Express
Guyana,433,9.2,433,,433,Express
Guyana,433,9.3,433,,433,Express
Guyana,433,9.4,433,,433,Express
Guyana,433,9.5,433,,433,Express
Guyana,453,9.6,453,,453,Express
Guyana,453,9.7,453,,453,Express
Guyana,454,9.8,454,,454,Express
Guyana,454,9.9,454,,454,Express
Guyana,454,10,454,,454,Express
Cabo Verde,47,0.1,47,,47,Express
Cabo Verde,47,0.2,47,,47,Express
Cabo Verde,47,0.3,47,,47,Express
Cabo Verde,48,0.4,48,,48,Express
Cabo Verde,48,0.5,48,,48,Express
Cabo Verde,58,0.6,58,,58,Express
Cabo Verde,58,0.7,58,,58,Express
Cabo Verde,58,0.8,58,,58,Express
Cabo Verde,58,0.9,58,,58,Express
Cabo Verde,58,1,58,,58,Express
Cabo Verde,69,1.1,69,,69,Express
Cabo Verde,69,1.2,69,,69,Express
Cabo Verde,69,1.3,69,,69,Express
Cabo Verde,69,1.4,69,,69,Express
Cabo Verde,69,1.5,69,,69,Express
Cabo Verde,78,1.6,78,,78,Express
Cabo Verde,78,1.7,78,,78,Express
Cabo Verde,79,1.8,79,,79,Express
Cabo Verde,79,1.9,79,,79,Express
Cabo Verde,79,2,79,,79,Express
Cabo Verde,89,2.1,89,,89,Express
Cabo Verde,89,2.2,89,,89,Express
Cabo Verde,89,2.3,89,,89,Express
Cabo Verde,89,2.4,89,,89,Express
Cabo Verde,89,2.5,89,,89,Express
Cabo Verde,99,2.6,99,,99,Express
Cabo Verde,100,2.7,100,,100,Express
Cabo Verde,100,2.8,100,,100,Express
Cabo Verde,100,2.9,100,,100,Express
Cabo Verde,100,3,100,,100,Express
Cabo Verde,110,3.1,110,,110,Express
Cabo Verde,110,3.2,110,,110,Express
Cabo Verde,110,3.3,110,,110,Express
Cabo Verde,110,3.4,110,,110,Express
Cabo Verde,111,3.5,111,,111,Express
Cabo Verde,120,3.6,120,,120,Express
Cabo Verde,120,3.7,120,,120,Express
Cabo Verde,120,3.8,120,,120,Express
Cabo Verde,120,3.9,120,,120,Express
Cabo Verde,120,4,120,,120,Express
Cabo Verde,130,4.1,130,,130,Express
Cabo Verde,131,4.2,131,,131,Express
Cabo Verde,131,4.3,131,,131,Express
Cabo Verde,131,4.4,131,,131,Express
Cabo Verde,131,4.5,131,,131,Express
Cabo Verde,140,4.6,140,,140,Express
Cabo Verde,140,4.7,140,,140,Express
Cabo Verde,141,4.8,141,,141,Express
Cabo Verde,141,4.9,141,,141,Express
Cabo Verde,141,5,141,,141,Express
Cabo Verde,293,5.1,293,,293,Express
Cabo Verde,293,5.2,293,,293,Express
Cabo Verde,293,5.3,293,,293,Express
Cabo Verde,293,5.4,293,,293,Express
Cabo Verde,294,5.5,294,,294,Express
Cabo Verde,311,5.6,311,,311,Express
Cabo Verde,311,5.7,311,,311,Express
Cabo Verde,312,5.8,312,,312,Express
Cabo Verde,312,5.9,312,,312,Express
Cabo Verde,312,6,312,,312,Express
Cabo Verde,330,6.1,330,,330,Express
Cabo Verde,330,6.2,330,,330,Express
Cabo Verde,330,6.3,330,,330,Express
Cabo Verde,330,6.4,330,,330,Express
Cabo Verde,331,6.5,331,,331,Express
Cabo Verde,348,6.6,348,,348,Express
Cabo Verde,348,6.7,348,,348,Express
Cabo Verde,348,6.8,348,,348,Express
Cabo Verde,348,6.9,348,,348,Express
Cabo Verde,349,7,349,,349,Express
Cabo Verde,366,7.1,366,,366,Express
Cabo Verde,367,7.2,367,,367,Express
Cabo Verde,367,7.3,367,,367,Express
Cabo Verde,367,7.4,367,,367,Express
Cabo Verde,367,7.5,367,,367,Express
Cabo Verde,383,7.6,383,,383,Express
Cabo Verde,383,7.7,383,,383,Express
Cabo Verde,383,7.8,383,,383,Express
Cabo Verde,383,7.9,383,,383,Express
Cabo Verde,384,8,384,,384,Express
Cabo Verde,399,8.1,399,,399,Express
Cabo Verde,400,8.2,400,,400,Express
Cabo Verde,400,8.3,400,,400,Express
Cabo Verde,400,8.4,400,,400,Express
Cabo Verde,400,8.5,400,,400,Express
Cabo Verde,416,8.6,416,,416,Express
Cabo Verde,416,8.7,416,,416,Express
Cabo Verde,416,8.8,416,,416,Express
Cabo Verde,417,8.9,417,,417,Express
Cabo Verde,417,9,417,,417,Express
Cabo Verde,433,9.1,433,,433,Express
Cabo Verde,433,9.2,433,,433,Express
Cabo Verde,433,9.3,433,,433,Express
Cabo Verde,433,9.4,433,,433,Express
Cabo Verde,433,9.5,433,,433,Express
Cabo Verde,453,9.6,453,,453,Express
Cabo Verde,453,9.7,453,,453,Express
Cabo Verde,454,9.8,454,,454,Express
Cabo Verde,454,9.9,454,,454,Express
Cabo Verde,454,10,454,,454,Express
Congo - Brazzaville,47,0.1,47,,47,Express
Congo - Brazzaville,47,0.2,47,,47,Express
Congo - Brazzaville,47,0.3,47,,47,Express
Congo - Brazzaville,48,0.4,48,,48,Express
Congo - Brazzaville,48,0.5,48,,48,Express
Congo - Brazzaville,58,0.6,58,,58,Express
Congo - Brazzaville,58,0.7,58,,58,Express
Congo - Brazzaville,58,0.8,58,,58,Express
Congo - Brazzaville,58,0.9,58,,58,Express
Congo - Brazzaville,58,1,58,,58,Express
Congo - Brazzaville,69,1.1,69,,69,Express
Congo - Brazzaville,69,1.2,69,,69,Express
Congo - Brazzaville,69,1.3,69,,69,Express
Congo - Brazzaville,69,1.4,69,,69,Express
Congo - Brazzaville,69,1.5,69,,69,Express
Congo - Brazzaville,78,1.6,78,,78,Express
Congo - Brazzaville,78,1.7,78,,78,Express
Congo - Brazzaville,79,1.8,79,,79,Express
Congo - Brazzaville,79,1.9,79,,79,Express
Congo - Brazzaville,79,2,79,,79,Express
Congo - Brazzaville,89,2.1,89,,89,Express
Congo - Brazzaville,89,2.2,89,,89,Express
Congo - Brazzaville,89,2.3,89,,89,Express
Congo - Brazzaville,89,2.4,89,,89,Express
Congo - Brazzaville,89,2.5,89,,89,Express
Congo - Brazzaville,99,2.6,99,,99,Express
Congo - Brazzaville,100,2.7,100,,100,Express
Congo - Brazzaville,100,2.8,100,,100,Express
Congo - Brazzaville,100,2.9,100,,100,Express
Congo - Brazzaville,100,3,100,,100,Express
Congo - Brazzaville,110,3.1,110,,110,Express
Congo - Brazzaville,110,3.2,110,,110,Express
Congo - Brazzaville,110,3.3,110,,110,Express
Congo - Brazzaville,110,3.4,110,,110,Express
Congo - Brazzaville,111,3.5,111,,111,Express
Congo - Brazzaville,120,3.6,120,,120,Express
Congo - Brazzaville,120,3.7,120,,120,Express
Congo - Brazzaville,120,3.8,120,,120,Express
Congo - Brazzaville,120,3.9,120,,120,Express
Congo - Brazzaville,120,4,120,,120,Express
Congo - Brazzaville,130,4.1,130,,130,Express
Congo - Brazzaville,131,4.2,131,,131,Express
Congo - Brazzaville,131,4.3,131,,131,Express
Congo - Brazzaville,131,4.4,131,,131,Express
Congo - Brazzaville,131,4.5,131,,131,Express
Congo - Brazzaville,140,4.6,140,,140,Express
Congo - Brazzaville,140,4.7,140,,140,Express
Congo - Brazzaville,141,4.8,141,,141,Express
Congo - Brazzaville,141,4.9,141,,141,Express
Congo - Brazzaville,141,5,141,,141,Express
Congo - Brazzaville,293,5.1,293,,293,Express
Congo - Brazzaville,293,5.2,293,,293,Express
Congo - Brazzaville,293,5.3,293,,293,Express
Congo - Brazzaville,293,5.4,293,,293,Express
Congo - Brazzaville,294,5.5,294,,294,Express
Congo - Brazzaville,311,5.6,311,,311,Express
Congo - Brazzaville,311,5.7,311,,311,Express
Congo - Brazzaville,312,5.8,312,,312,Express
Congo - Brazzaville,312,5.9,312,,312,Express
Congo - Brazzaville,312,6,312,,312,Express
Congo - Brazzaville,330,6.1,330,,330,Express
Congo - Brazzaville,330,6.2,330,,330,Express
Congo - Brazzaville,330,6.3,330,,330,Express
Congo - Brazzaville,330,6.4,330,,330,Express
Congo - Brazzaville,331,6.5,331,,331,Express
Congo - Brazzaville,348,6.6,348,,348,Express
Congo - Brazzaville,348,6.7,348,,348,Express
Congo - Brazzaville,348,6.8,348,,348,Express
Congo - Brazzaville,348,6.9,348,,348,Express
Congo - Brazzaville,349,7,349,,349,Express
Congo - Brazzaville,366,7.1,366,,366,Express
Congo - Brazzaville,367,7.2,367,,367,Express
Congo - Brazzaville,367,7.3,367,,367,Express
Congo - Brazzaville,367,7.4,367,,367,Express
Congo - Brazzaville,367,7.5,367,,367,Express
Congo - Brazzaville,383,7.6,383,,383,Express
Congo - Brazzaville,383,7.7,383,,383,Express
Congo - Brazzaville,383,7.8,383,,383,Express
Congo - Brazzaville,383,7.9,383,,383,Express
Congo - Brazzaville,384,8,384,,384,Express
Congo - Brazzaville,399,8.1,399,,399,Express
Congo - Brazzaville,400,8.2,400,,400,Express
Congo - Brazzaville,400,8.3,400,,400,Express
Congo - Brazzaville,400,8.4,400,,400,Express
Congo - Brazzaville,400,8.5,400,,400,Express
Congo - Brazzaville,416,8.6,416,,416,Express
Congo - Brazzaville,416,8.7,416,,416,Express
Congo - Brazzaville,416,8.8,416,,416,Express
Congo - Brazzaville,417,8.9,417,,417,Express
Congo - Brazzaville,417,9,417,,417,Express
Congo - Brazzaville,433,9.1,433,,433,Express
Congo - Brazzaville,433,9.2,433,,433,Express
Congo - Brazzaville,433,9.3,433,,433,Express
Congo - Brazzaville,433,9.4,433,,433,Express
Congo - Brazzaville,433,9.5,433,,433,Express
Congo - Brazzaville,453,9.6,453,,453,Express
Congo - Brazzaville,453,9.7,453,,453,Express
Congo - Brazzaville,454,9.8,454,,454,Express
Congo - Brazzaville,454,9.9,454,,454,Express
Congo - Brazzaville,454,10,454,,454,Express
Congo - Kinshasa,47,0.1,47,,47,Express
Congo - Kinshasa,47,0.2,47,,47,Express
Congo - Kinshasa,47,0.3,47,,47,Express
Congo - Kinshasa,48,0.4,48,,48,Express
Congo - Kinshasa,48,0.5,48,,48,Express
Congo - Kinshasa,58,0.6,58,,58,Express
Congo - Kinshasa,58,0.7,58,,58,Express
Congo - Kinshasa,58,0.8,58,,58,Express
Congo - Kinshasa,58,0.9,58,,58,Express
Congo - Kinshasa,58,1,58,,58,Express
Congo - Kinshasa,69,1.1,69,,69,Express
Congo - Kinshasa,69,1.2,69,,69,Express
Congo - Kinshasa,69,1.3,69,,69,Express
Congo - Kinshasa,69,1.4,69,,69,Express
Congo - Kinshasa,69,1.5,69,,69,Express
Congo - Kinshasa,78,1.6,78,,78,Express
Congo - Kinshasa,78,1.7,78,,78,Express
Congo - Kinshasa,79,1.8,79,,79,Express
Congo - Kinshasa,79,1.9,79,,79,Express
Congo - Kinshasa,79,2,79,,79,Express
Congo - Kinshasa,89,2.1,89,,89,Express
Congo - Kinshasa,89,2.2,89,,89,Express
Congo - Kinshasa,89,2.3,89,,89,Express
Congo - Kinshasa,89,2.4,89,,89,Express
Congo - Kinshasa,89,2.5,89,,89,Express
Congo - Kinshasa,99,2.6,99,,99,Express
Congo - Kinshasa,100,2.7,100,,100,Express
Congo - Kinshasa,100,2.8,100,,100,Express
Congo - Kinshasa,100,2.9,100,,100,Express
Congo - Kinshasa,100,3,100,,100,Express
Congo - Kinshasa,110,3.1,110,,110,Express
Congo - Kinshasa,110,3.2,110,,110,Express
Congo - Kinshasa,110,3.3,110,,110,Express
Congo - Kinshasa,110,3.4,110,,110,Express
Congo - Kinshasa,111,3.5,111,,111,Express
Congo - Kinshasa,120,3.6,120,,120,Express
Congo - Kinshasa,120,3.7,120,,120,Express
Congo - Kinshasa,120,3.8,120,,120,Express
Congo - Kinshasa,120,3.9,120,,120,Express
Congo - Kinshasa,120,4,120,,120,Express
Congo - Kinshasa,130,4.1,130,,130,Express
Congo - Kinshasa,131,4.2,131,,131,Express
Congo - Kinshasa,131,4.3,131,,131,Express
Congo - Kinshasa,131,4.4,131,,131,Express
Congo - Kinshasa,131,4.5,131,,131,Express
Congo - Kinshasa,140,4.6,140,,140,Express
Congo - Kinshasa,140,4.7,140,,140,Express
Congo - Kinshasa,141,4.8,141,,141,Express
Congo - Kinshasa,141,4.9,141,,141,Express
Congo - Kinshasa,141,5,141,,141,Express
Congo - Kinshasa,293,5.1,293,,293,Express
Congo - Kinshasa,293,5.2,293,,293,Express
Congo - Kinshasa,293,5.3,293,,293,Express
Congo - Kinshasa,293,5.4,293,,293,Express
Congo - Kinshasa,294,5.5,294,,294,Express
Congo - Kinshasa,311,5.6,311,,311,Express
Congo - Kinshasa,311,5.7,311,,311,Express
Congo - Kinshasa,312,5.8,312,,312,Express
Congo - Kinshasa,312,5.9,312,,312,Express
Congo - Kinshasa,312,6,312,,312,Express
Congo - Kinshasa,330,6.1,330,,330,Express
Congo - Kinshasa,330,6.2,330,,330,Express
Congo - Kinshasa,330,6.3,330,,330,Express
Congo - Kinshasa,330,6.4,330,,330,Express
Congo - Kinshasa,331,6.5,331,,331,Express
Congo - Kinshasa,348,6.6,348,,348,Express
Congo - Kinshasa,348,6.7,348,,348,Express
Congo - Kinshasa,348,6.8,348,,348,Express
Congo - Kinshasa,348,6.9,348,,348,Express
Congo - Kinshasa,349,7,349,,349,Express
Congo - Kinshasa,366,7.1,366,,366,Express
Congo - Kinshasa,367,7.2,367,,367,Express
Congo - Kinshasa,367,7.3,367,,367,Express
Congo - Kinshasa,367,7.4,367,,367,Express
Congo - Kinshasa,367,7.5,367,,367,Express
Congo - Kinshasa,383,7.6,383,,383,Express
Congo - Kinshasa,383,7.7,383,,383,Express
Congo - Kinshasa,383,7.8,383,,383,Express
Congo - Kinshasa,383,7.9,383,,383,Express
Congo - Kinshasa,384,8,384,,384,Express
Congo - Kinshasa,399,8.1,399,,399,Express
Congo - Kinshasa,400,8.2,400,,400,Express
Congo - Kinshasa,400,8.3,400,,400,Express
Congo - Kinshasa,400,8.4,400,,400,Express
Congo - Kinshasa,400,8.5,400,,400,Express
Congo - Kinshasa,416,8.6,416,,416,Express
Congo - Kinshasa,416,8.7,416,,416,Express
Congo - Kinshasa,416,8.8,416,,416,Express
Congo - Kinshasa,417,8.9,417,,417,Express
Congo - Kinshasa,417,9,417,,417,Express
Congo - Kinshasa,433,9.1,433,,433,Express
Congo - Kinshasa,433,9.2,433,,433,Express
Congo - Kinshasa,433,9.3,433,,433,Express
Congo - Kinshasa,433,9.4,433,,433,Express
Congo - Kinshasa,433,9.5,433,,433,Express
Congo - Kinshasa,453,9.6,453,,453,Express
Congo - Kinshasa,453,9.7,453,,453,Express
Congo - Kinshasa,454,9.8,454,,454,Express
Congo - Kinshasa,454,9.9,454,,454,Express
Congo - Kinshasa,454,10,454,,454,Express
Micronesia (Federated States of),32,0.1,32,,32,Express
Micronesia (Federated States of),32,0.2,32,,32,Express
Micronesia (Federated States of),32,0.3,32,,32,Express
Micronesia (Federated States of),32,0.4,32,,32,Express
Micronesia (Federated States of),32,0.5,32,,32,Express
Micronesia (Federated States of),44,0.6,44,,44,Express
Micronesia (Federated States of),44,0.7,44,,44,Express
Micronesia (Federated States of),44,0.8,44,,44,Express
Micronesia (Federated States of),44,0.9,44,,44,Express
Micronesia (Federated States of),44,1,44,,44,Express
Micronesia (Federated States of),52,1.1,52,,52,Express
Micronesia (Federated States of),52,1.2,52,,52,Express
Micronesia (Federated States of),52,1.3,52,,52,Express
Micronesia (Federated States of),52,1.4,52,,52,Express
Micronesia (Federated States of),52,1.5,52,,52,Express
Micronesia (Federated States of),59,1.6,59,,59,Express
Micronesia (Federated States of),59,1.7,59,,59,Express
Micronesia (Federated States of),59,1.8,59,,59,Express
Micronesia (Federated States of),59,1.9,59,,59,Express
Micronesia (Federated States of),59,2,59,,59,Express
Micronesia (Federated States of),66,2.1,66,,66,Express
Micronesia (Federated States of),66,2.2,66,,66,Express
Micronesia (Federated States of),66,2.3,66,,66,Express
Micronesia (Federated States of),66,2.4,66,,66,Express
Micronesia (Federated States of),66,2.5,66,,66,Express
Micronesia (Federated States of),69,2.6,69,,69,Express
Micronesia (Federated States of),69,2.7,69,,69,Express
Micronesia (Federated States of),69,2.8,69,,69,Express
Micronesia (Federated States of),69,2.9,69,,69,Express
Micronesia (Federated States of),69,3,69,,69,Express
Micronesia (Federated States of),76,3.1,76,,76,Express
Micronesia (Federated States of),76,3.2,76,,76,Express
Micronesia (Federated States of),76,3.3,76,,76,Express
Micronesia (Federated States of),76,3.4,76,,76,Express
Micronesia (Federated States of),76,3.5,76,,76,Express
Micronesia (Federated States of),84,3.6,84,,84,Express
Micronesia (Federated States of),84,3.7,84,,84,Express
Micronesia (Federated States of),84,3.8,84,,84,Express
Micronesia (Federated States of),84,3.9,84,,84,Express
Micronesia (Federated States of),84,4,84,,84,Express
Micronesia (Federated States of),90,4.1,90,,90,Express
Micronesia (Federated States of),90,4.2,90,,90,Express
Micronesia (Federated States of),90,4.3,90,,90,Express
Micronesia (Federated States of),90,4.4,90,,90,Express
Micronesia (Federated States of),90,4.5,90,,90,Express
Micronesia (Federated States of),99,4.6,99,,99,Express
Micronesia (Federated States of),99,4.7,99,,99,Express
Micronesia (Federated States of),99,4.8,99,,99,Express
Micronesia (Federated States of),99,4.9,99,,99,Express
Micronesia (Federated States of),99,5,99,,99,Express
Micronesia (Federated States of),213,5.1,213,,213,Express
Micronesia (Federated States of),213,5.2,213,,213,Express
Micronesia (Federated States of),213,5.3,213,,213,Express
Micronesia (Federated States of),213,5.4,213,,213,Express
Micronesia (Federated States of),213,5.5,213,,213,Express
Micronesia (Federated States of),228,5.6,228,,228,Express
Micronesia (Federated States of),228,5.7,228,,228,Express
Micronesia (Federated States of),228,5.8,228,,228,Express
Micronesia (Federated States of),228,5.9,228,,228,Express
Micronesia (Federated States of),228,6,228,,228,Express
Micronesia (Federated States of),243,6.1,243,,243,Express
Micronesia (Federated States of),243,6.2,243,,243,Express
Micronesia (Federated States of),243,6.3,243,,243,Express
Micronesia (Federated States of),243,6.4,243,,243,Express
Micronesia (Federated States of),243,6.5,243,,243,Express
Micronesia (Federated States of),258,6.6,258,,258,Express
Micronesia (Federated States of),258,6.7,258,,258,Express
Micronesia (Federated States of),258,6.8,258,,258,Express
Micronesia (Federated States of),258,6.9,258,,258,Express
Micronesia (Federated States of),258,7,258,,258,Express
Micronesia (Federated States of),273,7.1,273,,273,Express
Micronesia (Federated States of),273,7.2,273,,273,Express
Micronesia (Federated States of),273,7.3,273,,273,Express
Micronesia (Federated States of),273,7.4,273,,273,Express
Micronesia (Federated States of),273,7.5,273,,273,Express
Micronesia (Federated States of),287,7.6,287,,287,Express
Micronesia (Federated States of),287,7.7,287,,287,Express
Micronesia (Federated States of),287,7.8,287,,287,Express
Micronesia (Federated States of),287,7.9,287,,287,Express
Micronesia (Federated States of),287,8,287,,287,Express
Micronesia (Federated States of),301,8.1,301,,301,Express
Micronesia (Federated States of),301,8.2,301,,301,Express
Micronesia (Federated States of),301,8.3,301,,301,Express
Micronesia (Federated States of),301,8.4,301,,301,Express
Micronesia (Federated States of),301,8.5,301,,301,Express
Micronesia (Federated States of),315,8.6,315,,315,Express
Micronesia (Federated States of),315,8.7,315,,315,Express
Micronesia (Federated States of),315,8.8,315,,315,Express
Micronesia (Federated States of),315,8.9,315,,315,Express
Micronesia (Federated States of),315,9,315,,315,Express
Micronesia (Federated States of),328,9.1,328,,328,Express
Micronesia (Federated States of),328,9.2,328,,328,Express
Micronesia (Federated States of),328,9.3,328,,328,Express
Micronesia (Federated States of),328,9.4,328,,328,Express
Micronesia (Federated States of),328,9.5,328,,328,Express
Micronesia (Federated States of),337,9.6,337,,337,Express
Micronesia (Federated States of),337,9.7,337,,337,Express
Micronesia (Federated States of),337,9.8,337,,337,Express
Micronesia (Federated States of),337,9.9,337,,337,Express
Micronesia (Federated States of),337,10,337,,337,Express
Brunei Darussalam,32,0.1,32,,32,Express
Brunei Darussalam,32,0.2,32,,32,Express
Brunei Darussalam,32,0.3,32,,32,Express
Brunei Darussalam,32,0.4,32,,32,Express
Brunei Darussalam,32,0.5,32,,32,Express
Brunei Darussalam,44,0.6,44,,44,Express
Brunei Darussalam,44,0.7,44,,44,Express
Brunei Darussalam,44,0.8,44,,44,Express
Brunei Darussalam,44,0.9,44,,44,Express
Brunei Darussalam,44,1,44,,44,Express
Brunei Darussalam,52,1.1,52,,52,Express
Brunei Darussalam,52,1.2,52,,52,Express
Brunei Darussalam,52,1.3,52,,52,Express
Brunei Darussalam,52,1.4,52,,52,Express
Brunei Darussalam,52,1.5,52,,52,Express
Brunei Darussalam,59,1.6,59,,59,Express
Brunei Darussalam,59,1.7,59,,59,Express
Brunei Darussalam,59,1.8,59,,59,Express
Brunei Darussalam,59,1.9,59,,59,Express
Brunei Darussalam,59,2,59,,59,Express
Brunei Darussalam,66,2.1,66,,66,Express
Brunei Darussalam,66,2.2,66,,66,Express
Brunei Darussalam,66,2.3,66,,66,Express
Brunei Darussalam,66,2.4,66,,66,Express
Brunei Darussalam,66,2.5,66,,66,Express
Brunei Darussalam,69,2.6,69,,69,Express
Brunei Darussalam,69,2.7,69,,69,Express
Brunei Darussalam,69,2.8,69,,69,Express
Brunei Darussalam,69,2.9,69,,69,Express
Brunei Darussalam,69,3,69,,69,Express
Brunei Darussalam,76,3.1,76,,76,Express
Brunei Darussalam,76,3.2,76,,76,Express
Brunei Darussalam,76,3.3,76,,76,Express
Brunei Darussalam,76,3.4,76,,76,Express
Brunei Darussalam,76,3.5,76,,76,Express
Brunei Darussalam,84,3.6,84,,84,Express
Brunei Darussalam,84,3.7,84,,84,Express
Brunei Darussalam,84,3.8,84,,84,Express
Brunei Darussalam,84,3.9,84,,84,Express
Brunei Darussalam,84,4,84,,84,Express
Brunei Darussalam,90,4.1,90,,90,Express
Brunei Darussalam,90,4.2,90,,90,Express
Brunei Darussalam,90,4.3,90,,90,Express
Brunei Darussalam,90,4.4,90,,90,Express
Brunei Darussalam,90,4.5,90,,90,Express
Brunei Darussalam,99,4.6,99,,99,Express
Brunei Darussalam,99,4.7,99,,99,Express
Brunei Darussalam,99,4.8,99,,99,Express
Brunei Darussalam,99,4.9,99,,99,Express
Brunei Darussalam,99,5,99,,99,Express
Brunei Darussalam,213,5.1,213,,213,Express
Brunei Darussalam,213,5.2,213,,213,Express
Brunei Darussalam,213,5.3,213,,213,Express
Brunei Darussalam,213,5.4,213,,213,Express
Brunei Darussalam,213,5.5,213,,213,Express
Brunei Darussalam,228,5.6,228,,228,Express
Brunei Darussalam,228,5.7,228,,228,Express
Brunei Darussalam,228,5.8,228,,228,Express
Brunei Darussalam,228,5.9,228,,228,Express
Brunei Darussalam,228,6,228,,228,Express
Brunei Darussalam,243,6.1,243,,243,Express
Brunei Darussalam,243,6.2,243,,243,Express
Brunei Darussalam,243,6.3,243,,243,Express
Brunei Darussalam,243,6.4,243,,243,Express
Brunei Darussalam,243,6.5,243,,243,Express
Brunei Darussalam,258,6.6,258,,258,Express
Brunei Darussalam,258,6.7,258,,258,Express
Brunei Darussalam,258,6.8,258,,258,Express
Brunei Darussalam,258,6.9,258,,258,Express
Brunei Darussalam,258,7,258,,258,Express
Brunei Darussalam,273,7.1,273,,273,Express
Brunei Darussalam,273,7.2,273,,273,Express
Brunei Darussalam,273,7.3,273,,273,Express
Brunei Darussalam,273,7.4,273,,273,Express
Brunei Darussalam,273,7.5,273,,273,Express
Brunei Darussalam,287,7.6,287,,287,Express
Brunei Darussalam,287,7.7,287,,287,Express
Brunei Darussalam,287,7.8,287,,287,Express
Brunei Darussalam,287,7.9,287,,287,Express
Brunei Darussalam,287,8,287,,287,Express
Brunei Darussalam,301,8.1,301,,301,Express
Brunei Darussalam,301,8.2,301,,301,Express
Brunei Darussalam,301,8.3,301,,301,Express
Brunei Darussalam,301,8.4,301,,301,Express
Brunei Darussalam,301,8.5,301,,301,Express
Brunei Darussalam,315,8.6,315,,315,Express
Brunei Darussalam,315,8.7,315,,315,Express
Brunei Darussalam,315,8.8,315,,315,Express
Brunei Darussalam,315,8.9,315,,315,Express
Brunei Darussalam,315,9,315,,315,Express
Brunei Darussalam,328,9.1,328,,328,Express
Brunei Darussalam,328,9.2,328,,328,Express
Brunei Darussalam,328,9.3,328,,328,Express
Brunei Darussalam,328,9.4,328,,328,Express
Brunei Darussalam,328,9.5,328,,328,Express
Brunei Darussalam,337,9.6,337,,337,Express
Brunei Darussalam,337,9.7,337,,337,Express
Brunei Darussalam,337,9.8,337,,337,Express
Brunei Darussalam,337,9.9,337,,337,Express
Brunei Darussalam,337,10,337,,337,Express
Lao People's Democratic Republic,32,0.1,32,,32,Express
Lao People's Democratic Republic,32,0.2,32,,32,Express
Lao People's Democratic Republic,32,0.3,32,,32,Express
Lao People's Democratic Republic,32,0.4,32,,32,Express
Lao People's Democratic Republic,32,0.5,32,,32,Express
Lao People's Democratic Republic,44,0.6,44,,44,Express
Lao People's Democratic Republic,44,0.7,44,,44,Express
Lao People's Democratic Republic,44,0.8,44,,44,Express
Lao People's Democratic Republic,44,0.9,44,,44,Express
Lao People's Democratic Republic,44,1,44,,44,Express
Lao People's Democratic Republic,52,1.1,52,,52,Express
Lao People's Democratic Republic,52,1.2,52,,52,Express
Lao People's Democratic Republic,52,1.3,52,,52,Express
Lao People's Democratic Republic,52,1.4,52,,52,Express
Lao People's Democratic Republic,52,1.5,52,,52,Express
Lao People's Democratic Republic,59,1.6,59,,59,Express
Lao People's Democratic Republic,59,1.7,59,,59,Express
Lao People's Democratic Republic,59,1.8,59,,59,Express
Lao People's Democratic Republic,59,1.9,59,,59,Express
Lao People's Democratic Republic,59,2,59,,59,Express
Lao People's Democratic Republic,66,2.1,66,,66,Express
Lao People's Democratic Republic,66,2.2,66,,66,Express
Lao People's Democratic Republic,66,2.3,66,,66,Express
Lao People's Democratic Republic,66,2.4,66,,66,Express
Lao People's Democratic Republic,66,2.5,66,,66,Express
Lao People's Democratic Republic,69,2.6,69,,69,Express
Lao People's Democratic Republic,69,2.7,69,,69,Express
Lao People's Democratic Republic,69,2.8,69,,69,Express
Lao People's Democratic Republic,69,2.9,69,,69,Express
Lao People's Democratic Republic,69,3,69,,69,Express
Lao People's Democratic Republic,76,3.1,76,,76,Express
Lao People's Democratic Republic,76,3.2,76,,76,Express
Lao People's Democratic Republic,76,3.3,76,,76,Express
Lao People's Democratic Republic,76,3.4,76,,76,Express
Lao People's Democratic Republic,76,3.5,76,,76,Express
Lao People's Democratic Republic,84,3.6,84,,84,Express
Lao People's Democratic Republic,84,3.7,84,,84,Express
Lao People's Democratic Republic,84,3.8,84,,84,Express
Lao People's Democratic Republic,84,3.9,84,,84,Express
Lao People's Democratic Republic,84,4,84,,84,Express
Lao People's Democratic Republic,90,4.1,90,,90,Express
Lao People's Democratic Republic,90,4.2,90,,90,Express
Lao People's Democratic Republic,90,4.3,90,,90,Express
Lao People's Democratic Republic,90,4.4,90,,90,Express
Lao People's Democratic Republic,90,4.5,90,,90,Express
Lao People's Democratic Republic,99,4.6,99,,99,Express
Lao People's Democratic Republic,99,4.7,99,,99,Express
Lao People's Democratic Republic,99,4.8,99,,99,Express
Lao People's Democratic Republic,99,4.9,99,,99,Express
Lao People's Democratic Republic,99,5,99,,99,Express
Lao People's Democratic Republic,213,5.1,213,,213,Express
Lao People's Democratic Republic,213,5.2,213,,213,Express
Lao People's Democratic Republic,213,5.3,213,,213,Express
Lao People's Democratic Republic,213,5.4,213,,213,Express
Lao People's Democratic Republic,213,5.5,213,,213,Express
Lao People's Democratic Republic,228,5.6,228,,228,Express
Lao People's Democratic Republic,228,5.7,228,,228,Express
Lao People's Democratic Republic,228,5.8,228,,228,Express
Lao People's Democratic Republic,228,5.9,228,,228,Express
Lao People's Democratic Republic,228,6,228,,228,Express
Lao People's Democratic Republic,243,6.1,243,,243,Express
Lao People's Democratic Republic,243,6.2,243,,243,Express
Lao People's Democratic Republic,243,6.3,243,,243,Express
Lao People's Democratic Republic,243,6.4,243,,243,Express
Lao People's Democratic Republic,243,6.5,243,,243,Express
Lao People's Democratic Republic,258,6.6,258,,258,Express
Lao People's Democratic Republic,258,6.7,258,,258,Express
Lao People's Democratic Republic,258,6.8,258,,258,Express
Lao People's Democratic Republic,258,6.9,258,,258,Express
Lao People's Democratic Republic,258,7,258,,258,Express
Lao People's Democratic Republic,273,7.1,273,,273,Express
Lao People's Democratic Republic,273,7.2,273,,273,Express
Lao People's Democratic Republic,273,7.3,273,,273,Express
Lao People's Democratic Republic,273,7.4,273,,273,Express
Lao People's Democratic Republic,273,7.5,273,,273,Express
Lao People's Democratic Republic,287,7.6,287,,287,Express
Lao People's Democratic Republic,287,7.7,287,,287,Express
Lao People's Democratic Republic,287,7.8,287,,287,Express
Lao People's Democratic Republic,287,7.9,287,,287,Express
Lao People's Democratic Republic,287,8,287,,287,Express
Lao People's Democratic Republic,301,8.1,301,,301,Express
Lao People's Democratic Republic,301,8.2,301,,301,Express
Lao People's Democratic Republic,301,8.3,301,,301,Express
Lao People's Democratic Republic,301,8.4,301,,301,Express
Lao People's Democratic Republic,301,8.5,301,,301,Express
Lao People's Democratic Republic,315,8.6,315,,315,Express
Lao People's Democratic Republic,315,8.7,315,,315,Express
Lao People's Democratic Republic,315,8.8,315,,315,Express
Lao People's Democratic Republic,315,8.9,315,,315,Express
Lao People's Democratic Republic,315,9,315,,315,Express
Lao People's Democratic Republic,328,9.1,328,,328,Express
Lao People's Democratic Republic,328,9.2,328,,328,Express
Lao People's Democratic Republic,328,9.3,328,,328,Express
Lao People's Democratic Republic,328,9.4,328,,328,Express
Lao People's Democratic Republic,328,9.5,328,,328,Express
Lao People's Democratic Republic,337,9.6,337,,337,Express
Lao People's Democratic Republic,337,9.7,337,,337,Express
Lao People's Democratic Republic,337,9.8,337,,337,Express
Lao People's Democratic Republic,337,9.9,337,,337,Express
Lao People's Democratic Republic,337,10,337,,337,Express
"Moldova, Republic of",47,0.1,47,,47,Express
"Moldova, Republic of",47,0.2,47,,47,Express
"Moldova, Republic of",47,0.3,47,,47,Express
"Moldova, Republic of",48,0.4,48,,48,Express
"Moldova, Republic of",48,0.5,48,,48,Express
"Moldova, Republic of",58,0.6,58,,58,Express
"Moldova, Republic of",58,0.7,58,,58,Express
"Moldova, Republic of",58,0.8,58,,58,Express
"Moldova, Republic of",58,0.9,58,,58,Express
"Moldova, Republic of",58,1,58,,58,Express
"Moldova, Republic of",69,1.1,69,,69,Express
"Moldova, Republic of",69,1.2,69,,69,Express
"Moldova, Republic of",69,1.3,69,,69,Express
"Moldova, Republic of",69,1.4,69,,69,Express
"Moldova, Republic of",69,1.5,69,,69,Express
"Moldova, Republic of",78,1.6,78,,78,Express
"Moldova, Republic of",78,1.7,78,,78,Express
"Moldova, Republic of",79,1.8,79,,79,Express
"Moldova, Republic of",79,1.9,79,,79,Express
"Moldova, Republic of",79,2,79,,79,Express
"Moldova, Republic of",89,2.1,89,,89,Express
"Moldova, Republic of",89,2.2,89,,89,Express
"Moldova, Republic of",89,2.3,89,,89,Express
"Moldova, Republic of",89,2.4,89,,89,Express
"Moldova, Republic of",89,2.5,89,,89,Express
"Moldova, Republic of",99,2.6,99,,99,Express
"Moldova, Republic of",100,2.7,100,,100,Express
"Moldova, Republic of",100,2.8,100,,100,Express
"Moldova, Republic of",100,2.9,100,,100,Express
"Moldova, Republic of",100,3,100,,100,Express
"Moldova, Republic of",110,3.1,110,,110,Express
"Moldova, Republic of",110,3.2,110,,110,Express
"Moldova, Republic of",110,3.3,110,,110,Express
"Moldova, Republic of",110,3.4,110,,110,Express
"Moldova, Republic of",111,3.5,111,,111,Express
"Moldova, Republic of",120,3.6,120,,120,Express
"Moldova, Republic of",120,3.7,120,,120,Express
"Moldova, Republic of",120,3.8,120,,120,Express
"Moldova, Republic of",120,3.9,120,,120,Express
"Moldova, Republic of",120,4,120,,120,Express
"Moldova, Republic of",130,4.1,130,,130,Express
"Moldova, Republic of",131,4.2,131,,131,Express
"Moldova, Republic of",131,4.3,131,,131,Express
"Moldova, Republic of",131,4.4,131,,131,Express
"Moldova, Republic of",131,4.5,131,,131,Express
"Moldova, Republic of",140,4.6,140,,140,Express
"Moldova, Republic of",140,4.7,140,,140,Express
"Moldova, Republic of",141,4.8,141,,141,Express
"Moldova, Republic of",141,4.9,141,,141,Express
"Moldova, Republic of",141,5,141,,141,Express
"Moldova, Republic of",293,5.1,293,,293,Express
"Moldova, Republic of",293,5.2,293,,293,Express
"Moldova, Republic of",293,5.3,293,,293,Express
"Moldova, Republic of",293,5.4,293,,293,Express
"Moldova, Republic of",294,5.5,294,,294,Express
"Moldova, Republic of",311,5.6,311,,311,Express
"Moldova, Republic of",311,5.7,311,,311,Express
"Moldova, Republic of",312,5.8,312,,312,Express
"Moldova, Republic of",312,5.9,312,,312,Express
"Moldova, Republic of",312,6,312,,312,Express
"Moldova, Republic of",330,6.1,330,,330,Express
"Moldova, Republic of",330,6.2,330,,330,Express
"Moldova, Republic of",330,6.3,330,,330,Express
"Moldova, Republic of",330,6.4,330,,330,Express
"Moldova, Republic of",331,6.5,331,,331,Express
"Moldova, Republic of",348,6.6,348,,348,Express
"Moldova, Republic of",348,6.7,348,,348,Express
"Moldova, Republic of",348,6.8,348,,348,Express
"Moldova, Republic of",348,6.9,348,,348,Express
"Moldova, Republic of",349,7,349,,349,Express
"Moldova, Republic of",366,7.1,366,,366,Express
"Moldova, Republic of",367,7.2,367,,367,Express
"Moldova, Republic of",367,7.3,367,,367,Express
"Moldova, Republic of",367,7.4,367,,367,Express
"Moldova, Republic of",367,7.5,367,,367,Express
"Moldova, Republic of",383,7.6,383,,383,Express
"Moldova, Republic of",383,7.7,383,,383,Express
"Moldova, Republic of",383,7.8,383,,383,Express
"Moldova, Republic of",383,7.9,383,,383,Express
"Moldova, Republic of",384,8,384,,384,Express
"Moldova, Republic of",399,8.1,399,,399,Express
"Moldova, Republic of",400,8.2,400,,400,Express
"Moldova, Republic of",400,8.3,400,,400,Express
"Moldova, Republic of",400,8.4,400,,400,Express
"Moldova, Republic of",400,8.5,400,,400,Express
"Moldova, Republic of",416,8.6,416,,416,Express
"Moldova, Republic of",416,8.7,416,,416,Express
"Moldova, Republic of",416,8.8,416,,416,Express
"Moldova, Republic of",417,8.9,417,,417,Express
"Moldova, Republic of",417,9,417,,417,Express
"Moldova, Republic of",433,9.1,433,,433,Express
"Moldova, Republic of",433,9.2,433,,433,Express
"Moldova, Republic of",433,9.3,433,,433,Express
"Moldova, Republic of",433,9.4,433,,433,Express
"Moldova, Republic of",433,9.5,433,,433,Express
"Moldova, Republic of",453,9.6,453,,453,Express
"Moldova, Republic of",453,9.7,453,,453,Express
"Moldova, Republic of",454,9.8,454,,454,Express
"Moldova, Republic of",454,9.9,454,,454,Express
"Moldova, Republic of",454,10,454,,454,Express
"Bolivia, Plurinational State of",47,0.1,47,,47,Express
"Bolivia, Plurinational State of",47,0.2,47,,47,Express
"Bolivia, Plurinational State of",47,0.3,47,,47,Express
"Bolivia, Plurinational State of",48,0.4,48,,48,Express
"Bolivia, Plurinational State of",48,0.5,48,,48,Express
"Bolivia, Plurinational State of",58,0.6,58,,58,Express
"Bolivia, Plurinational State of",58,0.7,58,,58,Express
"Bolivia, Plurinational State of",58,0.8,58,,58,Express
"Bolivia, Plurinational State of",58,0.9,58,,58,Express
"Bolivia, Plurinational State of",58,1,58,,58,Express
"Bolivia, Plurinational State of",69,1.1,69,,69,Express
"Bolivia, Plurinational State of",69,1.2,69,,69,Express
"Bolivia, Plurinational State of",69,1.3,69,,69,Express
"Bolivia, Plurinational State of",69,1.4,69,,69,Express
"Bolivia, Plurinational State of",69,1.5,69,,69,Express
"Bolivia, Plurinational State of",78,1.6,78,,78,Express
"Bolivia, Plurinational State of",78,1.7,78,,78,Express
"Bolivia, Plurinational State of",79,1.8,79,,79,Express
"Bolivia, Plurinational State of",79,1.9,79,,79,Express
"Bolivia, Plurinational State of",79,2,79,,79,Express
"Bolivia, Plurinational State of",89,2.1,89,,89,Express
"Bolivia, Plurinational State of",89,2.2,89,,89,Express
"Bolivia, Plurinational State of",89,2.3,89,,89,Express
"Bolivia, Plurinational State of",89,2.4,89,,89,Express
"Bolivia, Plurinational State of",89,2.5,89,,89,Express
"Bolivia, Plurinational State of",99,2.6,99,,99,Express
"Bolivia, Plurinational State of",100,2.7,100,,100,Express
"Bolivia, Plurinational State of",100,2.8,100,,100,Express
"Bolivia, Plurinational State of",100,2.9,100,,100,Express
"Bolivia, Plurinational State of",100,3,100,,100,Express
"Bolivia, Plurinational State of",110,3.1,110,,110,Express
"Bolivia, Plurinational State of",110,3.2,110,,110,Express
"Bolivia, Plurinational State of",110,3.3,110,,110,Express
"Bolivia, Plurinational State of",110,3.4,110,,110,Express
"Bolivia, Plurinational State of",111,3.5,111,,111,Express
"Bolivia, Plurinational State of",120,3.6,120,,120,Express
"Bolivia, Plurinational State of",120,3.7,120,,120,Express
"Bolivia, Plurinational State of",120,3.8,120,,120,Express
"Bolivia, Plurinational State of",120,3.9,120,,120,Express
"Bolivia, Plurinational State of",120,4,120,,120,Express
"Bolivia, Plurinational State of",130,4.1,130,,130,Express
"Bolivia, Plurinational State of",131,4.2,131,,131,Express
"Bolivia, Plurinational State of",131,4.3,131,,131,Express
"Bolivia, Plurinational State of",131,4.4,131,,131,Express
"Bolivia, Plurinational State of",131,4.5,131,,131,Express
"Bolivia, Plurinational State of",140,4.6,140,,140,Express
"Bolivia, Plurinational State of",140,4.7,140,,140,Express
"Bolivia, Plurinational State of",141,4.8,141,,141,Express
"Bolivia, Plurinational State of",141,4.9,141,,141,Express
"Bolivia, Plurinational State of",141,5,141,,141,Express
"Bolivia, Plurinational State of",293,5.1,293,,293,Express
"Bolivia, Plurinational State of",293,5.2,293,,293,Express
"Bolivia, Plurinational State of",293,5.3,293,,293,Express
"Bolivia, Plurinational State of",293,5.4,293,,293,Express
"Bolivia, Plurinational State of",294,5.5,294,,294,Express
"Bolivia, Plurinational State of",311,5.6,311,,311,Express
"Bolivia, Plurinational State of",311,5.7,311,,311,Express
"Bolivia, Plurinational State of",312,5.8,312,,312,Express
"Bolivia, Plurinational State of",312,5.9,312,,312,Express
"Bolivia, Plurinational State of",312,6,312,,312,Express
"Bolivia, Plurinational State of",330,6.1,330,,330,Express
"Bolivia, Plurinational State of",330,6.2,330,,330,Express
"Bolivia, Plurinational State of",330,6.3,330,,330,Express
"Bolivia, Plurinational State of",330,6.4,330,,330,Express
"Bolivia, Plurinational State of",331,6.5,331,,331,Express
"Bolivia, Plurinational State of",348,6.6,348,,348,Express
"Bolivia, Plurinational State of",348,6.7,348,,348,Express
"Bolivia, Plurinational State of",348,6.8,348,,348,Express
"Bolivia, Plurinational State of",348,6.9,348,,348,Express
"Bolivia, Plurinational State of",349,7,349,,349,Express
"Bolivia, Plurinational State of",366,7.1,366,,366,Express
"Bolivia, Plurinational State of",367,7.2,367,,367,Express
"Bolivia, Plurinational State of",367,7.3,367,,367,Express
"Bolivia, Plurinational State of",367,7.4,367,,367,Express
"Bolivia, Plurinational State of",367,7.5,367,,367,Express
"Bolivia, Plurinational State of",383,7.6,383,,383,Express
"Bolivia, Plurinational State of",383,7.7,383,,383,Express
"Bolivia, Plurinational State of",383,7.8,383,,383,Express
"Bolivia, Plurinational State of",383,7.9,383,,383,Express
"Bolivia, Plurinational State of",384,8,384,,384,Express
"Bolivia, Plurinational State of",399,8.1,399,,399,Express
"Bolivia, Plurinational State of",400,8.2,400,,400,Express
"Bolivia, Plurinational State of",400,8.3,400,,400,Express
"Bolivia, Plurinational State of",400,8.4,400,,400,Express
"Bolivia, Plurinational State of",400,8.5,400,,400,Express
"Bolivia, Plurinational State of",416,8.6,416,,416,Express
"Bolivia, Plurinational State of",416,8.7,416,,416,Express
"Bolivia, Plurinational State of",416,8.8,416,,416,Express
"Bolivia, Plurinational State of",417,8.9,417,,417,Express
"Bolivia, Plurinational State of",417,9,417,,417,Express
"Bolivia, Plurinational State of",433,9.1,433,,433,Express
"Bolivia, Plurinational State of",433,9.2,433,,433,Express
"Bolivia, Plurinational State of",433,9.3,433,,433,Express
"Bolivia, Plurinational State of",433,9.4,433,,433,Express
"Bolivia, Plurinational State of",433,9.5,433,,433,Express
"Bolivia, Plurinational State of",453,9.6,453,,453,Express
"Bolivia, Plurinational State of",453,9.7,453,,453,Express
"Bolivia, Plurinational State of",454,9.8,454,,454,Express
"Bolivia, Plurinational State of",454,9.9,454,,454,Express
"Bolivia, Plurinational State of",454,10,454,,454,Express
"Iran, Islamic Republic of",47,0.1,47,,47,Express
"Iran, Islamic Republic of",47,0.2,47,,47,Express
"Iran, Islamic Republic of",47,0.3,47,,47,Express
"Iran, Islamic Republic of",48,0.4,48,,48,Express
"Iran, Islamic Republic of",48,0.5,48,,48,Express
"Iran, Islamic Republic of",58,0.6,58,,58,Express
"Iran, Islamic Republic of",58,0.7,58,,58,Express
"Iran, Islamic Republic of",58,0.8,58,,58,Express
"Iran, Islamic Republic of",58,0.9,58,,58,Express
"Iran, Islamic Republic of",58,1,58,,58,Express
"Iran, Islamic Republic of",69,1.1,69,,69,Express
"Iran, Islamic Republic of",69,1.2,69,,69,Express
"Iran, Islamic Republic of",69,1.3,69,,69,Express
"Iran, Islamic Republic of",69,1.4,69,,69,Express
"Iran, Islamic Republic of",69,1.5,69,,69,Express
"Iran, Islamic Republic of",78,1.6,78,,78,Express
"Iran, Islamic Republic of",78,1.7,78,,78,Express
"Iran, Islamic Republic of",79,1.8,79,,79,Express
"Iran, Islamic Republic of",79,1.9,79,,79,Express
"Iran, Islamic Republic of",79,2,79,,79,Express
"Iran, Islamic Republic of",89,2.1,89,,89,Express
"Iran, Islamic Republic of",89,2.2,89,,89,Express
"Iran, Islamic Republic of",89,2.3,89,,89,Express
"Iran, Islamic Republic of",89,2.4,89,,89,Express
"Iran, Islamic Republic of",89,2.5,89,,89,Express
"Iran, Islamic Republic of",99,2.6,99,,99,Express
"Iran, Islamic Republic of",100,2.7,100,,100,Express
"Iran, Islamic Republic of",100,2.8,100,,100,Express
"Iran, Islamic Republic of",100,2.9,100,,100,Express
"Iran, Islamic Republic of",100,3,100,,100,Express
"Iran, Islamic Republic of",110,3.1,110,,110,Express
"Iran, Islamic Republic of",110,3.2,110,,110,Express
"Iran, Islamic Republic of",110,3.3,110,,110,Express
"Iran, Islamic Republic of",110,3.4,110,,110,Express
"Iran, Islamic Republic of",111,3.5,111,,111,Express
"Iran, Islamic Republic of",120,3.6,120,,120,Express
"Iran, Islamic Republic of",120,3.7,120,,120,Express
"Iran, Islamic Republic of",120,3.8,120,,120,Express
"Iran, Islamic Republic of",120,3.9,120,,120,Express
"Iran, Islamic Republic of",120,4,120,,120,Express
"Iran, Islamic Republic of",130,4.1,130,,130,Express
"Iran, Islamic Republic of",131,4.2,131,,131,Express
"Iran, Islamic Republic of",131,4.3,131,,131,Express
"Iran, Islamic Republic of",131,4.4,131,,131,Express
"Iran, Islamic Republic of",131,4.5,131,,131,Express
"Iran, Islamic Republic of",140,4.6,140,,140,Express
"Iran, Islamic Republic of",140,4.7,140,,140,Express
"Iran, Islamic Republic of",141,4.8,141,,141,Express
"Iran, Islamic Republic of",141,4.9,141,,141,Express
"Iran, Islamic Republic of",141,5,141,,141,Express
"Iran, Islamic Republic of",293,5.1,293,,293,Express
"Iran, Islamic Republic of",293,5.2,293,,293,Express
"Iran, Islamic Republic of",293,5.3,293,,293,Express
"Iran, Islamic Republic of",293,5.4,293,,293,Express
"Iran, Islamic Republic of",294,5.5,294,,294,Express
"Iran, Islamic Republic of",311,5.6,311,,311,Express
"Iran, Islamic Republic of",311,5.7,311,,311,Express
"Iran, Islamic Republic of",312,5.8,312,,312,Express
"Iran, Islamic Republic of",312,5.9,312,,312,Express
"Iran, Islamic Republic of",312,6,312,,312,Express
"Iran, Islamic Republic of",330,6.1,330,,330,Express
"Iran, Islamic Republic of",330,6.2,330,,330,Express
"Iran, Islamic Republic of",330,6.3,330,,330,Express
"Iran, Islamic Republic of",330,6.4,330,,330,Express
"Iran, Islamic Republic of",331,6.5,331,,331,Express
"Iran, Islamic Republic of",348,6.6,348,,348,Express
"Iran, Islamic Republic of",348,6.7,348,,348,Express
"Iran, Islamic Republic of",348,6.8,348,,348,Express
"Iran, Islamic Republic of",348,6.9,348,,348,Express
"Iran, Islamic Republic of",349,7,349,,349,Express
"Iran, Islamic Republic of",366,7.1,366,,366,Express
"Iran, Islamic Republic of",367,7.2,367,,367,Express
"Iran, Islamic Republic of",367,7.3,367,,367,Express
"Iran, Islamic Republic of",367,7.4,367,,367,Express
"Iran, Islamic Republic of",367,7.5,367,,367,Express
"Iran, Islamic Republic of",383,7.6,383,,383,Express
"Iran, Islamic Republic of",383,7.7,383,,383,Express
"Iran, Islamic Republic of",383,7.8,383,,383,Express
"Iran, Islamic Republic of",383,7.9,383,,383,Express
"Iran, Islamic Republic of",384,8,384,,384,Express
"Iran, Islamic Republic of",399,8.1,399,,399,Express
"Iran, Islamic Republic of",400,8.2,400,,400,Express
"Iran, Islamic Republic of",400,8.3,400,,400,Express
"Iran, Islamic Republic of",400,8.4,400,,400,Express
"Iran, Islamic Republic of",400,8.5,400,,400,Express
"Iran, Islamic Republic of",416,8.6,416,,416,Express
"Iran, Islamic Republic of",416,8.7,416,,416,Express
"Iran, Islamic Republic of",416,8.8,416,,416,Express
"Iran, Islamic Republic of",417,8.9,417,,417,Express
"Iran, Islamic Republic of",417,9,417,,417,Express
"Iran, Islamic Republic of",433,9.1,433,,433,Express
"Iran, Islamic Republic of",433,9.2,433,,433,Express
"Iran, Islamic Republic of",433,9.3,433,,433,Express
"Iran, Islamic Republic of",433,9.4,433,,433,Express
"Iran, Islamic Republic of",433,9.5,433,,433,Express
"Iran, Islamic Republic of",453,9.6,453,,453,Express
"Iran, Islamic Republic of",453,9.7,453,,453,Express
"Iran, Islamic Republic of",454,9.8,454,,454,Express
"Iran, Islamic Republic of",454,9.9,454,,454,Express
"Iran, Islamic Republic of",454,10,454,,454,Express
Syrian Arab Republic,47,0.1,47,,47,Express
Syrian Arab Republic,47,0.2,47,,47,Express
Syrian Arab Republic,47,0.3,47,,47,Express
Syrian Arab Republic,48,0.4,48,,48,Express
Syrian Arab Republic,48,0.5,48,,48,Express
Syrian Arab Republic,58,0.6,58,,58,Express
Syrian Arab Republic,58,0.7,58,,58,Express
Syrian Arab Republic,58,0.8,58,,58,Express
Syrian Arab Republic,58,0.9,58,,58,Express
Syrian Arab Republic,58,1,58,,58,Express
Syrian Arab Republic,69,1.1,69,,69,Express
Syrian Arab Republic,69,1.2,69,,69,Express
Syrian Arab Republic,69,1.3,69,,69,Express
Syrian Arab Republic,69,1.4,69,,69,Express
Syrian Arab Republic,69,1.5,69,,69,Express
Syrian Arab Republic,78,1.6,78,,78,Express
Syrian Arab Republic,78,1.7,78,,78,Express
Syrian Arab Republic,79,1.8,79,,79,Express
Syrian Arab Republic,79,1.9,79,,79,Express
Syrian Arab Republic,79,2,79,,79,Express
Syrian Arab Republic,89,2.1,89,,89,Express
Syrian Arab Republic,89,2.2,89,,89,Express
Syrian Arab Republic,89,2.3,89,,89,Express
Syrian Arab Republic,89,2.4,89,,89,Express
Syrian Arab Republic,89,2.5,89,,89,Express
Syrian Arab Republic,99,2.6,99,,99,Express
Syrian Arab Republic,100,2.7,100,,100,Express
Syrian Arab Republic,100,2.8,100,,100,Express
Syrian Arab Republic,100,2.9,100,,100,Express
Syrian Arab Republic,100,3,100,,100,Express
Syrian Arab Republic,110,3.1,110,,110,Express
Syrian Arab Republic,110,3.2,110,,110,Express
Syrian Arab Republic,110,3.3,110,,110,Express
Syrian Arab Republic,110,3.4,110,,110,Express
Syrian Arab Republic,111,3.5,111,,111,Express
Syrian Arab Republic,120,3.6,120,,120,Express
Syrian Arab Republic,120,3.7,120,,120,Express
Syrian Arab Republic,120,3.8,120,,120,Express
Syrian Arab Republic,120,3.9,120,,120,Express
Syrian Arab Republic,120,4,120,,120,Express
Syrian Arab Republic,130,4.1,130,,130,Express
Syrian Arab Republic,131,4.2,131,,131,Express
Syrian Arab Republic,131,4.3,131,,131,Express
Syrian Arab Republic,131,4.4,131,,131,Express
Syrian Arab Republic,131,4.5,131,,131,Express
Syrian Arab Republic,140,4.6,140,,140,Express
Syrian Arab Republic,140,4.7,140,,140,Express
Syrian Arab Republic,141,4.8,141,,141,Express
Syrian Arab Republic,141,4.9,141,,141,Express
Syrian Arab Republic,141,5,141,,141,Express
Syrian Arab Republic,293,5.1,293,,293,Express
Syrian Arab Republic,293,5.2,293,,293,Express
Syrian Arab Republic,293,5.3,293,,293,Express
Syrian Arab Republic,293,5.4,293,,293,Express
Syrian Arab Republic,294,5.5,294,,294,Express
Syrian Arab Republic,311,5.6,311,,311,Express
Syrian Arab Republic,311,5.7,311,,311,Express
Syrian Arab Republic,312,5.8,312,,312,Express
Syrian Arab Republic,312,5.9,312,,312,Express
Syrian Arab Republic,312,6,312,,312,Express
Syrian Arab Republic,330,6.1,330,,330,Express
Syrian Arab Republic,330,6.2,330,,330,Express
Syrian Arab Republic,330,6.3,330,,330,Express
Syrian Arab Republic,330,6.4,330,,330,Express
Syrian Arab Republic,331,6.5,331,,331,Express
Syrian Arab Republic,348,6.6,348,,348,Express
Syrian Arab Republic,348,6.7,348,,348,Express
Syrian Arab Republic,348,6.8,348,,348,Express
Syrian Arab Republic,348,6.9,348,,348,Express
Syrian Arab Republic,349,7,349,,349,Express
Syrian Arab Republic,366,7.1,366,,366,Express
Syrian Arab Republic,367,7.2,367,,367,Express
Syrian Arab Republic,367,7.3,367,,367,Express
Syrian Arab Republic,367,7.4,367,,367,Express
Syrian Arab Republic,367,7.5,367,,367,Express
Syrian Arab Republic,383,7.6,383,,383,Express
Syrian Arab Republic,383,7.7,383,,383,Express
Syrian Arab Republic,383,7.8,383,,383,Express
Syrian Arab Republic,383,7.9,383,,383,Express
Syrian Arab Republic,384,8,384,,384,Express
Syrian Arab Republic,399,8.1,399,,399,Express
Syrian Arab Republic,400,8.2,400,,400,Express
Syrian Arab Republic,400,8.3,400,,400,Express
Syrian Arab Republic,400,8.4,400,,400,Express
Syrian Arab Republic,400,8.5,400,,400,Express
Syrian Arab Republic,416,8.6,416,,416,Express
Syrian Arab Republic,416,8.7,416,,416,Express
Syrian Arab Republic,416,8.8,416,,416,Express
Syrian Arab Republic,417,8.9,417,,417,Express
Syrian Arab Republic,417,9,417,,417,Express
Syrian Arab Republic,433,9.1,433,,433,Express
Syrian Arab Republic,433,9.2,433,,433,Express
Syrian Arab Republic,433,9.3,433,,433,Express
Syrian Arab Republic,433,9.4,433,,433,Express
Syrian Arab Republic,433,9.5,433,,433,Express
Syrian Arab Republic,453,9.6,453,,453,Express
Syrian Arab Republic,453,9.7,453,,453,Express
Syrian Arab Republic,454,9.8,454,,454,Express
Syrian Arab Republic,454,9.9,454,,454,Express
Syrian Arab Republic,454,10,454,,454,Express
"Taiwan, Province of China",3,0.1,3,12,25,Standard
"Taiwan, Province of China",4,0.2,4,12,25,Standard
"Taiwan, Province of China",5,0.3,5,12,25,Standard
"Taiwan, Province of China",6,0.4,6,12,25,Standard
"Taiwan, Province of China",7,0.5,7,12,25,Standard
"Taiwan, Province of China",8,0.6,8,13,26,Standard
"Taiwan, Province of China",9,0.7,9,13,26,Standard
"Taiwan, Province of China",10,0.8,10,14,26,Standard
"Taiwan, Province of China",11,0.9,11,14,26,Standard
"Taiwan, Province of China",11,1,11,14,26,Standard
"Taiwan, Province of China",12,1.1,12,15,28,Standard
"Taiwan, Province of China",13,1.2,13,15,28,Standard
"Taiwan, Province of China",14,1.3,14,16,28,Standard
"Taiwan, Province of China",14,1.4,14,16,28,Standard
"Taiwan, Province of China",15,1.5,15,16,28,Standard
"Taiwan, Province of China",16,1.6,16,17,30,Standard
"Taiwan, Province of China",16,1.7,16,17,30,Standard
"Taiwan, Province of China",17,1.8,17,18,30,Standard
"Taiwan, Province of China",17,1.9,17,18,30,Standard
"Taiwan, Province of China",18,2,18,18,30,Standard
"Taiwan, Province of China",18,2.1,18,18,32,Standard
"Taiwan, Province of China",18,2.2,18,18,32,Standard
"Taiwan, Province of China",18,2.3,18,18,32,Standard
"Taiwan, Province of China",18,2.4,18,18,32,Standard
"Taiwan, Province of China",18,2.5,18,18,32,Standard
"Taiwan, Province of China",20,2.6,20,20,34,Standard
"Taiwan, Province of China",20,2.7,20,20,34,Standard
"Taiwan, Province of China",20,2.8,20,20,34,Standard
"Taiwan, Province of China",20,2.9,20,20,34,Standard
"Taiwan, Province of China",20,3,20,20,34,Standard
"Taiwan, Province of China",21,3.1,21,21,36,Standard
"Taiwan, Province of China",21,3.2,21,21,36,Standard
"Taiwan, Province of China",21,3.3,21,21,36,Standard
"Taiwan, Province of China",21,3.4,21,21,36,Standard
"Taiwan, Province of China",21,3.5,21,21,36,Standard
"Taiwan, Province of China",23,3.6,23,23,38,Standard
"Taiwan, Province of China",23,3.7,23,23,38,Standard
"Taiwan, Province of China",23,3.8,23,23,38,Standard
"Taiwan, Province of China",23,3.9,23,23,38,Standard
"Taiwan, Province of China",23,4,23,23,38,Standard
"Taiwan, Province of China",24,4.1,24,24,41,Standard
"Taiwan, Province of China",24,4.2,24,24,41,Standard
"Taiwan, Province of China",24,4.3,24,24,41,Standard
"Taiwan, Province of China",24,4.4,24,24,41,Standard
"Taiwan, Province of China",24,4.5,24,24,41,Standard
"Taiwan, Province of China",25,4.6,25,25,42,Standard
"Taiwan, Province of China",25,4.7,25,25,42,Standard
"Taiwan, Province of China",25,4.8,25,25,42,Standard
"Taiwan, Province of China",25,4.9,25,25,42,Standard
"Taiwan, Province of China",25,5,25,25,42,Standard
"Taiwan, Province of China",26,5.1,26,26,67,Standard
"Taiwan, Province of China",26,5.2,26,26,67,Standard
"Taiwan, Province of China",26,5.3,26,26,67,Standard
"Taiwan, Province of China",26,5.4,26,26,67,Standard
"Taiwan, Province of China",26,5.5,26,26,67,Standard
"Taiwan, Province of China",28,5.6,28,28,70,Standard
"Taiwan, Province of China",28,5.7,28,28,70,Standard
"Taiwan, Province of China",28,5.8,28,28,70,Standard
"Taiwan, Province of China",28,5.9,28,28,70,Standard
"Taiwan, Province of China",28,6,28,28,70,Standard
"Taiwan, Province of China",30,6.1,30,30,72,Standard
"Taiwan, Province of China",30,6.2,30,30,72,Standard
"Taiwan, Province of China",30,6.3,30,30,72,Standard
"Taiwan, Province of China",30,6.4,30,30,72,Standard
"Taiwan, Province of China",30,6.5,30,30,72,Standard
"Taiwan, Province of China",32,6.6,32,32,74,Standard
"Taiwan, Province of China",32,6.7,32,32,74,Standard
"Taiwan, Province of China",32,6.8,32,32,74,Standard
"Taiwan, Province of China",32,6.9,32,32,74,Standard
"Taiwan, Province of China",32,7,32,32,74,Standard
"Taiwan, Province of China",34,7.1,34,34,76,Standard
"Taiwan, Province of China",34,7.2,34,34,76,Standard
"Taiwan, Province of China",34,7.3,34,34,76,Standard
"Taiwan, Province of China",34,7.4,34,34,76,Standard
"Taiwan, Province of China",34,7.5,34,34,76,Standard
"Taiwan, Province of China",36,7.6,36,36,78,Standard
"Taiwan, Province of China",36,7.7,36,36,78,Standard
"Taiwan, Province of China",36,7.8,36,36,78,Standard
"Taiwan, Province of China",36,7.9,36,36,78,Standard
"Taiwan, Province of China",36,8,36,36,78,Standard
"Taiwan, Province of China",37,8.1,37,37,81,Standard
"Taiwan, Province of China",37,8.2,37,37,81,Standard
"Taiwan, Province of China",37,8.3,37,37,81,Standard
"Taiwan, Province of China",37,8.4,37,37,81,Standard
"Taiwan, Province of China",37,8.5,37,37,81,Standard
"Taiwan, Province of China",39,8.6,39,39,83,Standard
"Taiwan, Province of China",39,8.7,39,39,83,Standard
"Taiwan, Province of China",39,8.8,39,39,83,Standard
"Taiwan, Province of China",39,8.9,39,39,83,Standard
"Taiwan, Province of China",39,9,39,39,83,Standard
"Taiwan, Province of China",40,9.1,40,40,85,Standard
"Taiwan, Province of China",40,9.2,40,40,85,Standard
"Taiwan, Province of China",40,9.3,40,40,85,Standard
"Taiwan, Province of China",40,9.4,40,40,85,Standard
"Taiwan, Province of China",40,9.5,40,40,85,Standard
"Taiwan, Province of China",42,9.6,42,42,87,Standard
"Taiwan, Province of China",42,9.7,42,42,87,Standard
"Taiwan, Province of China",42,9.8,42,42,87,Standard
"Taiwan, Province of China",42,9.9,42,42,87,Standard
"Taiwan, Province of China",42,10,42,42,87,Standard
